-- phpMyAdmin SQL Dump
-- version 4.2.7.1
-- http://www.phpmyadmin.net
--
-- Host: 127.0.0.1
-- Generation Time: 2014-12-25 04:00:16
-- 服务器版本： 5.6.20
-- PHP Version: 5.5.15

SET SQL_MODE = "NO_AUTO_VALUE_ON_ZERO";
SET time_zone = "+00:00";


/*!40101 SET @OLD_CHARACTER_SET_CLIENT=@@CHARACTER_SET_CLIENT */;
/*!40101 SET @OLD_CHARACTER_SET_RESULTS=@@CHARACTER_SET_RESULTS */;
/*!40101 SET @OLD_COLLATION_CONNECTION=@@COLLATION_CONNECTION */;
/*!40101 SET NAMES utf8 */;

--
-- Database: `tit`
--

-- --------------------------------------------------------

--
-- 表的结构 `account`
--

DROP TABLE IF EXISTS `account`;
CREATE TABLE IF NOT EXISTS `account` (
`id` int(11) NOT NULL,
  `userCode` varchar(64) DEFAULT NULL,
  `pwd` varchar(255) DEFAULT NULL,
  `nickname` varchar(64) DEFAULT NULL,
  `roleId` tinyint(4) DEFAULT '0',
  `createTime` datetime DEFAULT NULL
) ENGINE=InnoDB  DEFAULT CHARSET=utf8 AUTO_INCREMENT=3 ;

--
-- 转存表中的数据 `account`
--

INSERT INTO `account` (`id`, `userCode`, `pwd`, `nickname`, `roleId`, `createTime`) VALUES
(1, 'admin', 'e10adc3949ba59abbe56e057f20f883e', 'niniuw', 1, NULL),
(2, 'test', 'e10adc3949ba59abbe56e057f20f883e', 'test3', 0, '2014-10-15 12:33:28');

-- --------------------------------------------------------

--
-- 表的结构 `answer_score`
--

DROP TABLE IF EXISTS `answer_score`;
CREATE TABLE IF NOT EXISTS `answer_score` (
  `nId` int(11) NOT NULL,
  `use_num` int(11) DEFAULT NULL,
  `no_use_num` int(11) DEFAULT NULL
) ENGINE=MyISAM DEFAULT CHARSET=utf8;

-- --------------------------------------------------------

--
-- 表的结构 `caseresult`
--

DROP TABLE IF EXISTS `caseresult`;
CREATE TABLE IF NOT EXISTS `caseresult` (
  `resultId` int(11) NOT NULL COMMENT '结果标识',
  `3dTemp` varchar(100) DEFAULT NULL COMMENT '整体温度图线',
  `3dWaterC` varchar(100) DEFAULT NULL COMMENT '整体湿度图线',
  `percepThermalComfort` varchar(100) DEFAULT NULL COMMENT '热湿舒适图线',
  `simResultDataFile` varchar(100) DEFAULT NULL COMMENT '数据文件名（压缩文件）'
) ENGINE=InnoDB DEFAULT CHARSET=gb2312;

--
-- 转存表中的数据 `caseresult`
--

INSERT INTO `caseresult` (`resultId`, `3dTemp`, `3dWaterC`, `percepThermalComfort`, `simResultDataFile`) VALUES
(1, '61243_1372550678940632.png', '61243_1372550678940632.png', '61243_1372550678940632.png', NULL),
(2, 'abc.jpg', 'abc.jpg', 'abc.jpg', 'c6c0d59abc84e167329864877087a111.rar'),
(3, 'abc.jpg', 'abc.jpg', 'abc.jpg', NULL),
(4, 'Temp_camp1.jpg', 'RH_camp1.jpg', 'comfort1.jpg', 'console1.rar'),
(5, 'Temp_camp2.jpg', 'RH_camp2.jpg', 'comfort2.jpg', 'console2.rar'),
(6, 'Temp_camp6.jpg', 'RH_camp6.jpg', 'comfort6.jpg', 'console6.rar'),
(7, NULL, 'RH_camp7.jpg', '2f2d0632047973a5b863c276944f7e5c.jpg', 'console7.rar'),
(8, 'a5eae84af7792906b5b54d4d26f04098.jpg', 'b2ed78a97b8316858a5c6ee78487c4a0.jpg', NULL, NULL),
(9, 'd546bf496afbbfdf78d8165ef8c11dae.jpg', 'bf4dead119b987f9d52e1b3fb4f610ce.jpg', '685241b0895d6d6f1803876bfb76102e.jpg', 'd8ca53c0099a09b22137f1caf90c9fd5.rar'),
(10, '64cb9f3dad55fa88f366f4b9a45749c2.jpg', 'd17c9030b62e27363d8717d73030bcc2.jpg', '6899ee78ed5e3659932b15f657b02298.jpg', '29f0bba5984eef11caa5366d4e78eec0.rar');

-- --------------------------------------------------------

--
-- 表的结构 `city_table`
--

DROP TABLE IF EXISTS `city_table`;
CREATE TABLE IF NOT EXISTS `city_table` (
`ctId` int(11) NOT NULL,
  `country_code` varchar(20) DEFAULT NULL,
  `province_code` varchar(20) DEFAULT NULL,
  `city_code` varchar(20) DEFAULT NULL,
  `city_name` varchar(50) DEFAULT NULL,
  `cite_py` varchar(20) NOT NULL
) ENGINE=MyISAM  DEFAULT CHARSET=utf8 AUTO_INCREMENT=1284 ;

--
-- 转存表中的数据 `city_table`
--

INSERT INTO `city_table` (`ctId`, `country_code`, `province_code`, `city_code`, `city_name`, `cite_py`) VALUES
(1, 'zh', '110000', '110100', '北京市市辖区', 'shq'),
(2, 'zh', '110000', '110200', '北京市县', 'x'),
(3, 'zh', '120000', '120100', '天津市市辖区', 'shq'),
(4, 'zh', '120000', '120200', '天津市县', 'x'),
(5, 'zh', '130000', '130100', '河北省石家庄市', 'sjzs'),
(6, 'zh', '130000', '130200', '河北省唐山市', 'tss'),
(7, 'zh', '130000', '130300', '河北省秦皇岛市', 'qhds'),
(8, 'zh', '130000', '130400', '河北省邯郸市', 'hds'),
(9, 'zh', '130000', '130500', '河北省邢台市', 'xts'),
(10, 'zh', '130000', '130600', '河北省保定市', 'bds'),
(11, 'zh', '130000', '130700', '河北省张家口市', 'zjks'),
(12, 'zh', '130000', '130800', '河北省承德市', 'cds'),
(13, 'zh', '130000', '130900', '河北省沧州市', 'czs'),
(14, 'zh', '130000', '131000', '河北省廊坊市', 'lfs'),
(15, 'zh', '130000', '131100', '河北省衡水市', 'hss'),
(16, 'zh', '140000', '140100', '山西省太原市', 'tys'),
(17, 'zh', '140000', '140200', '山西省大同市', 'dts'),
(18, 'zh', '140000', '140300', '山西省阳泉市', 'yqs'),
(19, 'zh', '140000', '140400', '山西省长治市', 'czs'),
(20, 'zh', '140000', '140500', '山西省晋城市', 'jcs'),
(21, 'zh', '140000', '140600', '山西省朔州市', 'szs'),
(22, 'zh', '140000', '140700', '山西省晋中市', 'jzs'),
(23, 'zh', '140000', '140800', '山西省运城市', 'ycs'),
(24, 'zh', '140000', '140900', '山西省忻州市', 'xzs'),
(25, 'zh', '140000', '141000', '山西省临汾市', 'lfs'),
(26, 'zh', '140000', '141100', '山西省吕梁市', 'lls'),
(27, 'zh', '150000', '150100', '内蒙古自治区呼和浩特市', 'hhhts'),
(28, 'zh', '150000', '150200', '内蒙古自治区包头市', 'bts'),
(29, 'zh', '150000', '150300', '内蒙古自治区乌海市', 'whs'),
(30, 'zh', '150000', '150400', '内蒙古自治区赤峰市', 'cfs'),
(31, 'zh', '150000', '150500', '内蒙古自治区通辽市', 'tls'),
(32, 'zh', '150000', '150600', '内蒙古自治区鄂尔多斯市', 'eedss'),
(33, 'zh', '150000', '150700', '内蒙古自治区呼伦贝尔市', 'hlbes'),
(34, 'zh', '150000', '150800', '内蒙古自治区巴彦淖尔市', 'bynes'),
(35, 'zh', '150000', '150900', '内蒙古自治区乌兰察布市', 'wlcbs'),
(36, 'zh', '150000', '152200', '内蒙古自治区兴安盟', 'xam'),
(37, 'zh', '150000', '152500', '内蒙古自治区锡林郭勒盟', 'xlglm'),
(38, 'zh', '150000', '152900', '内蒙古自治区阿拉善盟', 'alsm'),
(39, 'zh', '210000', '210100', '辽宁省沈阳市', 'cys'),
(40, 'zh', '210000', '210200', '辽宁省大连市', 'dls'),
(41, 'zh', '210000', '210300', '辽宁省鞍山市', 'ass'),
(42, 'zh', '210000', '210400', '辽宁省抚顺市', 'fss'),
(43, 'zh', '210000', '210500', '辽宁省本溪市', 'bxs'),
(44, 'zh', '210000', '210600', '辽宁省丹东市', 'dds'),
(45, 'zh', '210000', '210700', '辽宁省锦州市', 'jzs'),
(46, 'zh', '210000', '210800', '辽宁省营口市', 'yks'),
(47, 'zh', '210000', '210900', '辽宁省阜新市', 'fxs'),
(48, 'zh', '210000', '211000', '辽宁省辽阳市', 'lys'),
(49, 'zh', '210000', '211100', '辽宁省盘锦市', 'pjs'),
(50, 'zh', '210000', '211200', '辽宁省铁岭市', 'tls'),
(51, 'zh', '210000', '211300', '辽宁省朝阳市', 'cys'),
(52, 'zh', '210000', '211400', '辽宁省葫芦岛市', 'hlds'),
(53, 'zh', '220000', '220100', '吉林省长春市', 'ccs'),
(54, 'zh', '220000', '220200', '吉林省吉林市', 'jls'),
(55, 'zh', '220000', '220300', '吉林省四平市', 'sps'),
(56, 'zh', '220000', '220400', '吉林省辽源市', 'lys'),
(57, 'zh', '220000', '220500', '吉林省通化市', 'ths'),
(58, 'zh', '220000', '220600', '吉林省白山市', 'bss'),
(59, 'zh', '220000', '220700', '吉林省松原市', 'sys'),
(60, 'zh', '220000', '220800', '吉林省白城市', 'bcs'),
(61, 'zh', '220000', '222400', '吉林省延边朝鲜族自治州', 'ybcxzzzz'),
(62, 'zh', '230000', '230100', '黑龙江省哈尔滨市', 'hebs'),
(63, 'zh', '230000', '230200', '黑龙江省齐齐哈尔市', 'qqhes'),
(64, 'zh', '230000', '230300', '黑龙江省鸡西市', 'jxs'),
(65, 'zh', '230000', '230400', '黑龙江省鹤岗市', 'hgs'),
(66, 'zh', '230000', '230500', '黑龙江省双鸭山市', 'syss'),
(67, 'zh', '230000', '230600', '黑龙江省大庆市', 'dqs'),
(68, 'zh', '230000', '230700', '黑龙江省伊春市', 'ycs'),
(69, 'zh', '230000', '230800', '黑龙江省佳木斯市', 'jmss'),
(70, 'zh', '230000', '230900', '黑龙江省七台河市', 'qths'),
(71, 'zh', '230000', '231000', '黑龙江省牡丹江市', 'mdjs'),
(72, 'zh', '230000', '231100', '黑龙江省黑河市', 'hhs'),
(73, 'zh', '230000', '231200', '黑龙江省绥化市', 'shs'),
(74, 'zh', '230000', '232700', '黑龙江省大兴安岭地区', 'dxaldq'),
(75, 'zh', '310000', '310100', '上海市市辖区', 'shq'),
(76, 'zh', '310000', '310200', '上海市县', 'x'),
(77, 'zh', '320000', '320100', '江苏省南京市', 'njs'),
(78, 'zh', '320000', '320200', '江苏省无锡市', 'wxs'),
(79, 'zh', '320000', '320300', '江苏省徐州市', 'xzs'),
(80, 'zh', '320000', '320400', '江苏省常州市', 'czs'),
(81, 'zh', '320000', '320500', '江苏省苏州市', 'szs'),
(82, 'zh', '320000', '320600', '江苏省南通市', 'nts'),
(83, 'zh', '320000', '320700', '江苏省连云港市', 'lygs'),
(84, 'zh', '320000', '320800', '江苏省淮安市', 'has'),
(85, 'zh', '320000', '320900', '江苏省盐城市', 'ycs'),
(86, 'zh', '320000', '321000', '江苏省扬州市', 'yzs'),
(87, 'zh', '320000', '321100', '江苏省镇江市', 'zjs'),
(88, 'zh', '320000', '321200', '江苏省泰州市', 'tzs'),
(89, 'zh', '320000', '321300', '江苏省宿迁市', 'sqs'),
(90, 'zh', '330000', '330100', '浙江省杭州市', 'hzs'),
(91, 'zh', '330000', '330200', '浙江省宁波市', 'nbs'),
(92, 'zh', '330000', '330300', '浙江省温州市', 'wzs'),
(93, 'zh', '330000', '330400', '浙江省嘉兴市', 'jxs'),
(94, 'zh', '330000', '330500', '浙江省湖州市', 'hzs'),
(95, 'zh', '330000', '330600', '浙江省绍兴市', 'sxs'),
(96, 'zh', '330000', '330700', '浙江省金华市', 'jhs'),
(97, 'zh', '330000', '330800', '浙江省衢州市', 'qzs'),
(98, 'zh', '330000', '330900', '浙江省舟山市', 'zss'),
(99, 'zh', '330000', '331000', '浙江省台州市', 'tzs'),
(100, 'zh', '330000', '331100', '浙江省丽水市', 'lss'),
(101, 'zh', '340000', '340100', '安徽省合肥市', 'hfs'),
(102, 'zh', '340000', '340200', '安徽省芜湖市', 'whs'),
(103, 'zh', '340000', '340300', '安徽省蚌埠市', 'bbs'),
(104, 'zh', '340000', '340400', '安徽省淮南市', 'hns'),
(105, 'zh', '340000', '340500', '安徽省马鞍山市', 'mass'),
(106, 'zh', '340000', '340600', '安徽省淮北市', 'hbs'),
(107, 'zh', '340000', '340700', '安徽省铜陵市', 'tls'),
(108, 'zh', '340000', '340800', '安徽省安庆市', 'aqs'),
(109, 'zh', '340000', '341000', '安徽省黄山市', 'hss'),
(110, 'zh', '340000', '341100', '安徽省滁州市', 'czs'),
(111, 'zh', '340000', '341200', '安徽省阜阳市', 'fys'),
(112, 'zh', '340000', '341300', '安徽省宿州市', 'szs'),
(113, 'zh', '340000', '341400', '安徽省巢湖市', 'chs'),
(114, 'zh', '340000', '341500', '安徽省六安市', 'las'),
(115, 'zh', '340000', '341600', '安徽省亳州市', 'bzs'),
(116, 'zh', '340000', '341700', '安徽省池州市', 'czs'),
(117, 'zh', '340000', '341800', '安徽省宣城市', 'xcs'),
(118, 'zh', '350000', '350100', '福建省福州市', 'fzs'),
(119, 'zh', '350000', '350200', '福建省厦门市', 'sms'),
(120, 'zh', '350000', '350300', '福建省莆田市', 'pts'),
(121, 'zh', '350000', '350400', '福建省三明市', 'sms'),
(122, 'zh', '350000', '350500', '福建省泉州市', 'qzs'),
(123, 'zh', '350000', '350600', '福建省漳州市', 'zzs'),
(124, 'zh', '350000', '350700', '福建省南平市', 'nps'),
(125, 'zh', '350000', '350800', '福建省龙岩市', 'lys'),
(126, 'zh', '350000', '350900', '福建省宁德市', 'nds'),
(127, 'zh', '360000', '360100', '江西省南昌市', 'ncs'),
(128, 'zh', '360000', '360200', '江西省景德镇市', 'jdzs'),
(129, 'zh', '360000', '360300', '江西省萍乡市', 'pxs'),
(130, 'zh', '360000', '360400', '江西省九江市', 'jjs'),
(131, 'zh', '360000', '360500', '江西省新余市', 'xys'),
(132, 'zh', '360000', '360600', '江西省鹰潭市', 'yts'),
(133, 'zh', '360000', '360700', '江西省赣州市', 'gzs'),
(134, 'zh', '360000', '360800', '江西省吉安市', 'jas'),
(135, 'zh', '360000', '360900', '江西省宜春市', 'ycs'),
(136, 'zh', '360000', '361000', '江西省抚州市', 'fzs'),
(137, 'zh', '360000', '361100', '江西省上饶市', 'srs'),
(138, 'zh', '370000', '370100', '山东省济南市', 'jns'),
(139, 'zh', '370000', '370200', '山东省青岛市', 'qds'),
(140, 'zh', '370000', '370300', '山东省淄博市', 'zbs'),
(141, 'zh', '370000', '370400', '山东省枣庄市', 'zzs'),
(142, 'zh', '370000', '370500', '山东省东营市', 'dys'),
(143, 'zh', '370000', '370600', '山东省烟台市', 'yts'),
(144, 'zh', '370000', '370700', '山东省潍坊市', 'wfs'),
(145, 'zh', '370000', '370800', '山东省济宁市', 'jns'),
(146, 'zh', '370000', '370900', '山东省泰安市', 'tas'),
(147, 'zh', '370000', '371000', '山东省威海市', 'whs'),
(148, 'zh', '370000', '371100', '山东省日照市', 'rzs'),
(149, 'zh', '370000', '371200', '山东省莱芜市', 'lws'),
(150, 'zh', '370000', '371300', '山东省临沂市', 'lys'),
(151, 'zh', '370000', '371400', '山东省德州市', 'dzs'),
(152, 'zh', '370000', '371500', '山东省聊城市', 'lcs'),
(153, 'zh', '370000', '371600', '山东省滨州市', 'bzs'),
(154, 'zh', '370000', '371700', '山东省菏泽市', 'hzs'),
(155, 'zh', '410000', '410100', '河南省郑州市', 'zzs'),
(156, 'zh', '410000', '410200', '河南省开封市', 'kfs'),
(157, 'zh', '410000', '410300', '河南省洛阳市', 'lys'),
(158, 'zh', '410000', '410400', '河南省平顶山市', 'pdss'),
(159, 'zh', '410000', '410500', '河南省安阳市', 'ays'),
(160, 'zh', '410000', '410600', '河南省鹤壁市', 'hbs'),
(161, 'zh', '410000', '410700', '河南省新乡市', 'xxs'),
(162, 'zh', '410000', '410800', '河南省焦作市', 'jzs'),
(163, 'zh', '410000', '410900', '河南省濮阳市', 'pys'),
(164, 'zh', '410000', '411000', '河南省许昌市', 'xcs'),
(165, 'zh', '410000', '411100', '河南省漯河市', 'lhs'),
(166, 'zh', '410000', '411200', '河南省三门峡市', 'smxs'),
(167, 'zh', '410000', '411300', '河南省南阳市', 'nys'),
(168, 'zh', '410000', '411400', '河南省商丘市', 'sqs'),
(169, 'zh', '410000', '411500', '河南省信阳市', 'xys'),
(170, 'zh', '410000', '411600', '河南省周口市', 'zks'),
(171, 'zh', '410000', '411700', '河南省驻马店市', 'zmds'),
(172, 'zh', '420000', '420100', '湖北省武汉市', 'whs'),
(173, 'zh', '420000', '420200', '湖北省黄石市', 'hss'),
(174, 'zh', '420000', '420300', '湖北省十堰市', 'sys'),
(175, 'zh', '420000', '420500', '湖北省宜昌市', 'ycs'),
(176, 'zh', '420000', '420600', '湖北省襄樊市', 'xfs'),
(177, 'zh', '420000', '420700', '湖北省鄂州市', 'ezs'),
(178, 'zh', '420000', '420800', '湖北省荆门市', 'jms'),
(179, 'zh', '420000', '420900', '湖北省孝感市', 'xgs'),
(180, 'zh', '420000', '421000', '湖北省荆州市', 'jzs'),
(181, 'zh', '420000', '421100', '湖北省黄冈市', 'hgs'),
(182, 'zh', '420000', '421200', '湖北省咸宁市', 'xns'),
(183, 'zh', '420000', '421300', '湖北省随州市', 'szs'),
(184, 'zh', '420000', '422800', '湖北省恩施土家族苗族自治州', 'estjzmzzzz'),
(185, 'zh', '420000', '429000', '湖北省省直辖县级行政单位', 'szhxjxzdw'),
(186, 'zh', '430000', '430100', '湖南省长沙市', 'css'),
(187, 'zh', '430000', '430200', '湖南省株洲市', 'zzs'),
(188, 'zh', '430000', '430300', '湖南省湘潭市', 'xts'),
(189, 'zh', '430000', '430400', '湖南省衡阳市', 'hys'),
(190, 'zh', '430000', '430500', '湖南省邵阳市', 'sys'),
(191, 'zh', '430000', '430600', '湖南省岳阳市', 'yys'),
(192, 'zh', '430000', '430700', '湖南省常德市', 'cds'),
(193, 'zh', '430000', '430800', '湖南省张家界市', 'zjjs'),
(194, 'zh', '430000', '430900', '湖南省益阳市', 'yys'),
(195, 'zh', '430000', '431000', '湖南省郴州市', 'czs'),
(196, 'zh', '430000', '431100', '湖南省永州市', 'yzs'),
(197, 'zh', '430000', '431200', '湖南省怀化市', 'hhs'),
(198, 'zh', '430000', '431300', '湖南省娄底市', 'lds'),
(199, 'zh', '430000', '433100', '湖南省湘西土家族苗族自治州', 'xxtjzmzzzz'),
(200, 'zh', '440000', '440100', '广东省广州市', 'gzs'),
(201, 'zh', '440000', '440200', '广东省韶关市', 'sgs'),
(202, 'zh', '440000', '440300', '广东省深圳市', 'szs'),
(203, 'zh', '440000', '440400', '广东省珠海市', 'zhs'),
(204, 'zh', '440000', '440500', '广东省汕头市', 'sts'),
(205, 'zh', '440000', '440600', '广东省佛山市', 'fss'),
(206, 'zh', '440000', '440700', '广东省江门市', 'jms'),
(207, 'zh', '440000', '440800', '广东省湛江市', 'zjs'),
(208, 'zh', '440000', '440900', '广东省茂名市', 'mms'),
(209, 'zh', '440000', '441200', '广东省肇庆市', 'zqs'),
(210, 'zh', '440000', '441300', '广东省惠州市', 'hzs'),
(211, 'zh', '440000', '441400', '广东省梅州市', 'mzs'),
(212, 'zh', '440000', '441500', '广东省汕尾市', 'sws'),
(213, 'zh', '440000', '441600', '广东省河源市', 'hys'),
(214, 'zh', '440000', '441700', '广东省阳江市', 'yjs'),
(215, 'zh', '440000', '441800', '广东省清远市', 'qys'),
(216, 'zh', '440000', '441900', '广东省东莞市', 'dgs'),
(217, 'zh', '440000', '442000', '广东省中山市', 'zss'),
(218, 'zh', '440000', '445100', '广东省潮州市', 'czs'),
(219, 'zh', '440000', '445200', '广东省揭阳市', 'jys'),
(220, 'zh', '440000', '445300', '广东省云浮市', 'yfs'),
(221, 'zh', '450000', '450100', '广西壮族自治区南宁市', 'nns'),
(222, 'zh', '450000', '450200', '广西壮族自治区柳州市', 'lzs'),
(223, 'zh', '450000', '450300', '广西壮族自治区桂林市', 'gls'),
(224, 'zh', '450000', '450400', '广西壮族自治区梧州市', 'wzs'),
(225, 'zh', '450000', '450500', '广西壮族自治区北海市', 'bhs'),
(226, 'zh', '450000', '450600', '广西壮族自治区防城港市', 'fcgs'),
(227, 'zh', '450000', '450700', '广西壮族自治区钦州市', 'qzs'),
(228, 'zh', '450000', '450800', '广西壮族自治区贵港市', 'ggs'),
(229, 'zh', '450000', '450900', '广西壮族自治区玉林市', 'yls'),
(230, 'zh', '450000', '451000', '广西壮族自治区百色市', 'bss'),
(231, 'zh', '450000', '451100', '广西壮族自治区贺州市', 'hzs'),
(232, 'zh', '450000', '451200', '广西壮族自治区河池市', 'hcs'),
(233, 'zh', '450000', '451300', '广西壮族自治区来宾市', 'lbs'),
(234, 'zh', '450000', '451400', '广西壮族自治区崇左市', 'czs'),
(235, 'zh', '460000', '460100', '海南省海口市', 'hks'),
(236, 'zh', '460000', '460200', '海南省三亚市', 'sys'),
(237, 'zh', '460000', '469000', '海南省省直辖县级行政单位', 'szhxjxzdw'),
(238, 'zh', '500000', '500100', '重庆市市辖区', 'shq'),
(239, 'zh', '500000', '500200', '重庆市县', 'x'),
(240, 'zh', '510000', '510100', '四川省成都市', 'cds'),
(241, 'zh', '510000', '510300', '四川省自贡市', 'zgs'),
(242, 'zh', '510000', '510400', '四川省攀枝花市', 'pzhs'),
(243, 'zh', '510000', '510500', '四川省泸州市', 'lzs'),
(244, 'zh', '510000', '510600', '四川省德阳市', 'dys'),
(245, 'zh', '510000', '510700', '四川省绵阳市', 'mys'),
(246, 'zh', '510000', '510800', '四川省广元市', 'gys'),
(247, 'zh', '510000', '510900', '四川省遂宁市', 'sns'),
(248, 'zh', '510000', '511000', '四川省内江市', 'njs'),
(249, 'zh', '510000', '511100', '四川省乐山市', 'lss'),
(250, 'zh', '510000', '511300', '四川省南充市', 'ncs'),
(251, 'zh', '510000', '511400', '四川省眉山市', 'mss'),
(252, 'zh', '510000', '511500', '四川省宜宾市', 'ybs'),
(253, 'zh', '510000', '511600', '四川省广安市', 'gas'),
(254, 'zh', '510000', '511700', '四川省达州市', 'dzs'),
(255, 'zh', '510000', '511800', '四川省雅安市', 'yas'),
(256, 'zh', '510000', '511900', '四川省巴中市', 'bzs'),
(257, 'zh', '510000', '512000', '四川省资阳市', 'zys'),
(258, 'zh', '510000', '513200', '四川省阿坝藏族羌族自治州', 'abczqzzzz'),
(259, 'zh', '510000', '513300', '四川省甘孜藏族自治州', 'gzczzzz'),
(260, 'zh', '510000', '513400', '四川省凉山彝族自治州', 'lsyzzzz'),
(261, 'zh', '520000', '520100', '贵州省贵阳市', 'gys'),
(262, 'zh', '520000', '520200', '贵州省六盘水市', 'lpss'),
(263, 'zh', '520000', '520300', '贵州省遵义市', 'zys'),
(264, 'zh', '520000', '520400', '贵州省安顺市', 'ass'),
(265, 'zh', '520000', '522200', '贵州省铜仁地区', 'trdq'),
(266, 'zh', '520000', '522300', '贵州省黔西南布依族苗族自治州', 'qxnbyzmzzz'),
(267, 'zh', '520000', '522400', '贵州省毕节地区', 'bjdq'),
(268, 'zh', '520000', '522600', '贵州省黔东南苗族侗族自治州', 'qdnmzdzzzz'),
(269, 'zh', '520000', '522700', '贵州省黔南布依族苗族自治州', 'qnbyzmzzzz'),
(270, 'zh', '530000', '530100', '云南省昆明市', 'kms'),
(271, 'zh', '530000', '530300', '云南省曲靖市', 'qjs'),
(272, 'zh', '530000', '530400', '云南省玉溪市', 'yxs'),
(273, 'zh', '530000', '530500', '云南省保山市', 'bss'),
(274, 'zh', '530000', '530600', '云南省昭通市', 'zts'),
(275, 'zh', '530000', '530700', '云南省丽江市', 'ljs'),
(276, 'zh', '530000', '530800', '云南省普洱市', 'pes'),
(277, 'zh', '530000', '530900', '云南省临沧市', 'lcs'),
(278, 'zh', '530000', '532300', '云南省楚雄彝族自治州', 'cxyzzzz'),
(279, 'zh', '530000', '532500', '云南省红河哈尼族彝族自治州', 'hhhnzyzzzz'),
(280, 'zh', '530000', '532600', '云南省文山壮族苗族自治州', 'wszzmzzzz'),
(281, 'zh', '530000', '532800', '云南省西双版纳傣族自治州', 'xsbndzzzz'),
(282, 'zh', '530000', '532900', '云南省大理白族自治州', 'dlbzzzz'),
(283, 'zh', '530000', '533100', '云南省德宏傣族景颇族自治州', 'dhdzjpzzzz'),
(284, 'zh', '530000', '533300', '云南省怒江傈僳族自治州', 'njlszzzz'),
(285, 'zh', '530000', '533400', '云南省迪庆藏族自治州', 'dqczzzz'),
(286, 'zh', '540000', '540100', '西藏自治区拉萨市', 'lss'),
(287, 'zh', '540000', '542100', '西藏自治区昌都地区', 'cddq'),
(288, 'zh', '540000', '542200', '西藏自治区山南地区', 'sndq'),
(289, 'zh', '540000', '542300', '西藏自治区日喀则地区', 'rkzdq'),
(290, 'zh', '540000', '542400', '西藏自治区那曲地区', 'nqdq'),
(291, 'zh', '540000', '542500', '西藏自治区阿里地区', 'aldq'),
(292, 'zh', '540000', '542600', '西藏自治区林芝地区', 'lzdq'),
(293, 'zh', '610000', '610100', '陕西省西安市', 'xas'),
(294, 'zh', '610000', '610200', '陕西省铜川市', 'tcs'),
(295, 'zh', '610000', '610300', '陕西省宝鸡市', 'bjs'),
(296, 'zh', '610000', '610400', '陕西省咸阳市', 'xys'),
(297, 'zh', '610000', '610500', '陕西省渭南市', 'wns'),
(298, 'zh', '610000', '610600', '陕西省延安市', 'yas'),
(299, 'zh', '610000', '610700', '陕西省汉中市', 'hzs'),
(300, 'zh', '610000', '610800', '陕西省榆林市', 'yls'),
(301, 'zh', '610000', '610900', '陕西省安康市', 'aks'),
(302, 'zh', '610000', '611000', '陕西省商洛市', 'sls'),
(303, 'zh', '620000', '620100', '甘肃省兰州市', 'lzs'),
(304, 'zh', '620000', '620200', '甘肃省嘉峪关市', 'jygs'),
(305, 'zh', '620000', '620300', '甘肃省金昌市', 'jcs'),
(306, 'zh', '620000', '620400', '甘肃省白银市', 'bys'),
(307, 'zh', '620000', '620500', '甘肃省天水市', 'tss'),
(308, 'zh', '620000', '620600', '甘肃省武威市', 'wws'),
(309, 'zh', '620000', '620700', '甘肃省张掖市', 'zys'),
(310, 'zh', '620000', '620800', '甘肃省平凉市', 'pls'),
(311, 'zh', '620000', '620900', '甘肃省酒泉市', 'jqs'),
(312, 'zh', '620000', '621000', '甘肃省庆阳市', 'qys'),
(313, 'zh', '620000', '621100', '甘肃省定西市', 'dxs'),
(314, 'zh', '620000', '621200', '甘肃省陇南市', 'lns'),
(315, 'zh', '620000', '622900', '甘肃省临夏回族自治州', 'lxhzzzz'),
(316, 'zh', '620000', '623000', '甘肃省甘南藏族自治州', 'gnczzzz'),
(317, 'zh', '630000', '630100', '青海省西宁市', 'xns'),
(318, 'zh', '630000', '632100', '青海省海东地区', 'hddq'),
(319, 'zh', '630000', '632200', '青海省海北藏族自治州', 'hbczzzz'),
(320, 'zh', '630000', '632300', '青海省黄南藏族自治州', 'hnczzzz'),
(321, 'zh', '630000', '632500', '青海省海南藏族自治州', 'hnczzzz'),
(322, 'zh', '630000', '632600', '青海省果洛藏族自治州', 'glczzzz'),
(323, 'zh', '630000', '632700', '青海省玉树藏族自治州', 'ysczzzz'),
(324, 'zh', '630000', '632800', '青海省海西蒙古族藏族自治州', 'hxmgzczzzz'),
(325, 'zh', '640000', '640100', '宁夏回族自治区银川市', 'ycs'),
(326, 'zh', '640000', '640200', '宁夏回族自治区石嘴山市', 'szss'),
(327, 'zh', '640000', '640300', '宁夏回族自治区吴忠市', 'wzs'),
(328, 'zh', '640000', '640400', '宁夏回族自治区固原市', 'gys'),
(329, 'zh', '640000', '640500', '宁夏回族自治区中卫市', 'zws'),
(330, 'zh', '650000', '650100', '新疆维吾尔自治区乌鲁木齐市', 'wlmqs'),
(331, 'zh', '650000', '650200', '新疆维吾尔自治区克拉玛依市', 'klmys'),
(332, 'zh', '650000', '652100', '新疆维吾尔自治区吐鲁番地区', 'tlfdq'),
(333, 'zh', '650000', '652200', '新疆维吾尔自治区哈密地区', 'hmdq'),
(334, 'zh', '650000', '652300', '新疆维吾尔自治区昌吉回族自治州', 'cjhzzzz'),
(335, 'zh', '650000', '652700', '新疆维吾尔自治区博尔塔拉蒙古自治州', 'betlmgzzz'),
(336, 'zh', '650000', '652800', '新疆维吾尔自治区巴音郭楞蒙古自治州', 'byglmgzzz'),
(337, 'zh', '650000', '652900', '新疆维吾尔自治区阿克苏地区', 'aksdq'),
(338, 'zh', '650000', '653000', '新疆维吾尔自治区克孜勒苏柯尔克孜自治州', 'kzlskekzzz'),
(339, 'zh', '650000', '653100', '新疆维吾尔自治区喀什地区', 'ksdq'),
(340, 'zh', '650000', '653200', '新疆维吾尔自治区和田地区', 'htdq'),
(341, 'zh', '650000', '654000', '新疆维吾尔自治区伊犁哈萨克自治州', 'ylhskzzz'),
(342, 'zh', '650000', '654200', '新疆维吾尔自治区塔城地区', 'tcdq'),
(343, 'zh', '650000', '654300', '新疆维吾尔自治区阿勒泰地区', 'altdq'),
(344, 'zh', '650000', '659000', '新疆维吾尔自治区自治区直辖县级行政单位', 'zzqzhxjxzd'),
(345, 'zh', '820000', '820100', '澳门', 'maco'),
(346, 'zh', '810000', '810010', '中西区', 'HK'),
(347, 'zh', '810000', '810020', '东区', 'HK'),
(348, 'zh', '810000', '810030', '九龙城区', 'HK'),
(349, 'zh', '810000', '810040', '观塘区', 'HK'),
(350, 'zh', '810000', '810050', '南区', 'HK'),
(351, 'zh', '810000', '810060', '深水埗区', 'HK'),
(352, 'zh', '810000', '810070', '湾仔区', 'HK'),
(353, 'zh', '810000', '810080', '黄大仙区', 'HK'),
(354, 'zh', '810000', '810090', '油尖旺区', 'HK'),
(355, 'zh', '810000', '810100', '离岛区', 'HK'),
(356, 'zh', '810000', '810110', '葵青区', 'HK'),
(357, 'zh', '810000', '810120', '北区', 'HK'),
(358, 'zh', '810000', '810130', '西贡区', 'HK'),
(359, 'zh', '810000', '810140', '沙田区', 'HK'),
(360, 'zh', '810000', '810150', '屯门区', 'HK'),
(361, 'zh', '810000', '810160', '大埔区', 'HK'),
(362, 'zh', '810000', '810170', '荃湾区', 'HK'),
(363, 'zh', '810000', '810180', '元朗区', 'HK'),
(364, 'zh', '710000', '710010', '台北', 'TW'),
(365, 'zh', '710000', '710020', '高雄', 'TW'),
(366, 'zh', '710000', '710030', '基隆', 'TW'),
(367, 'zh', '710000', '710040', '台中', 'TW'),
(368, 'zh', '710000', '710050', '台南', 'TW'),
(369, 'zh', '710000', '710060', '新竹', 'TW'),
(370, 'zh', '710000', '710070', '嘉义', 'TW'),
(371, 'zh', '710000', '710080', '台北县', 'TW'),
(372, 'zh', '710000', '710090', '宜兰县', 'TW'),
(373, 'zh', '710000', '710100', '新竹县', 'TW'),
(374, 'zh', '710000', '710110', '桃园县', 'TW'),
(375, 'zh', '710000', '710120', '苗栗县', 'TW'),
(376, 'zh', '710000', '710130', '台中县', 'TW'),
(377, 'zh', '710000', '710140', '彰化县', 'TW'),
(378, 'zh', '710000', '710150', '南投县', 'TW'),
(379, 'zh', '710000', '710160', '嘉义县', 'TW'),
(380, 'zh', '710000', '710170', '云林县', 'TW'),
(381, 'zh', '710000', '710180', '台南县', 'TW'),
(382, 'zh', '710000', '710190', '高雄县', 'TW'),
(383, 'zh', '710000', '710200', '屏东县', 'TW'),
(384, 'zh', '710000', '710210', '台东县', 'TW'),
(385, 'zh', '710000', '710220', '花莲县', 'TW'),
(386, 'zh', '710000', '710230', '澎湖县', 'TW'),
(387, 'it', 'it_2238', 'it_15213', 'Chieti', ''),
(388, 'it', 'it_2238', 'it_14682', 'L''Aquila', ''),
(389, 'it', 'it_2238', 'it_4112', 'Pescara', ''),
(390, 'it', 'it_2239', 'it_14393', 'Genzano Di Lucania', ''),
(391, 'it', 'it_2239', 'it_16453', 'Matera', ''),
(392, 'it', 'it_2239', 'it_4116', 'Potenza', ''),
(393, 'it', 'it_2240', 'it_41932', 'Catanzaro', ''),
(394, 'it', 'it_2240', 'it_4082', 'Cosenza', ''),
(395, 'it', 'it_2240', 'it_41933', 'Crotone', ''),
(396, 'it', 'it_2240', 'it_12253', 'Lamezia Terme', ''),
(397, 'it', 'it_2240', 'it_12176', 'Palmi', ''),
(398, 'it', 'it_2240', 'it_4109', 'Paterno', ''),
(399, 'it', 'it_2240', 'it_41874', 'Reggio di Calabria', ''),
(400, 'it', 'it_2240', 'it_18338', 'Vibo Valentia', ''),
(401, 'it', 'it_2241', 'it_4071', 'Amalfi', ''),
(402, 'it', 'it_2241', 'it_14337', 'Avellino', ''),
(403, 'it', 'it_2241', 'it_42344', 'Benevento', ''),
(404, 'it', 'it_2241', 'it_12149', 'Caserta', ''),
(405, 'it', 'it_2241', 'it_17158', 'Castello di Cisterna', ''),
(406, 'it', 'it_2241', 'it_4090', 'Gaeta', ''),
(407, 'it', 'it_2241', 'it_12211', 'Napoli', ''),
(408, 'it', 'it_2241', 'it_17438', 'Sala Consilina', ''),
(409, 'it', 'it_2241', 'it_14478', 'Salerno', ''),
(410, 'it', 'it_2241', 'it_13691', 'solofra', ''),
(411, 'it', 'it_2241', 'it_4124', 'Sorrento', ''),
(412, 'it', 'it_2241', 'it_18219', 'torre del greco', ''),
(413, 'it', 'it_2242', 'it_4076', 'Bologna', ''),
(414, 'it', 'it_2242', 'it_14552', 'Cattolica', ''),
(415, 'it', 'it_2242', 'it_18877', 'Cesena', ''),
(416, 'it', 'it_2242', 'it_4085', 'Ferrara', ''),
(417, 'it', 'it_2242', 'it_18925', 'forli', ''),
(418, 'it', 'it_2242', 'it_18591', 'Gambettola', ''),
(419, 'it', 'it_2242', 'it_15088', 'Guastalla', ''),
(420, 'it', 'it_2242', 'it_15911', 'Imola', ''),
(421, 'it', 'it_2242', 'it_4103', 'Modena', ''),
(422, 'it', 'it_2242', 'it_4106', 'Noceto', ''),
(423, 'it', 'it_2242', 'it_12641', 'Parma', ''),
(424, 'it', 'it_2242', 'it_11874', 'Piacenza', ''),
(425, 'it', 'it_2242', 'it_13216', 'Ravenna', ''),
(426, 'it', 'it_2242', 'it_4118', 'Reggio Emilia', ''),
(427, 'it', 'it_2242', 'it_4120', 'Rimini', ''),
(428, 'it', 'it_2242', 'it_18201', 'Sala Bolognese', ''),
(429, 'it', 'it_2242', 'it_17113', 'San Secondo Parmense', ''),
(430, 'it', 'it_2242', 'it_18169', 'Scandiano', ''),
(431, 'it', 'it_2243', 'it_18297', 'Budoia', ''),
(432, 'it', 'it_2243', 'it_14825', 'Lignano', ''),
(433, 'it', 'it_2243', 'it_15423', 'Maniago', ''),
(434, 'it', 'it_2243', 'it_15210', 'Pordenone', ''),
(435, 'it', 'it_2243', 'it_6484', 'Trieste', ''),
(436, 'it', 'it_2243', 'it_14183', 'Udine', ''),
(437, 'it', 'it_2244', 'it_18269', 'Castelnuovo Di porto', ''),
(438, 'it', 'it_2244', 'it_4081', 'Cisterna', ''),
(439, 'it', 'it_2244', 'it_14268', 'Civitavecchia', ''),
(440, 'it', 'it_2244', 'it_14269', 'Fregene', ''),
(441, 'it', 'it_2244', 'it_17403', 'Frosinone', ''),
(442, 'it', 'it_2244', 'it_16881', 'Guidonia', ''),
(443, 'it', 'it_2244', 'it_15022', 'Latina', ''),
(444, 'it', 'it_2244', 'it_4100', 'Marino', ''),
(445, 'it', 'it_2244', 'it_18156', 'Ostia', ''),
(446, 'it', 'it_2244', 'it_4121', 'Rome', ''),
(447, 'it', 'it_2244', 'it_14271', 'santa Marinella', ''),
(448, 'it', 'it_2244', 'it_4128', 'Viterbo', ''),
(449, 'it', 'it_2245', 'it_15288', 'Albenga', ''),
(450, 'it', 'it_2245', 'it_12929', 'Bordighera', ''),
(451, 'it', 'it_2245', 'it_4091', 'Genoa', ''),
(452, 'it', 'it_2245', 'it_12005', 'Genova', ''),
(453, 'it', 'it_2245', 'it_4094', 'Imperia', ''),
(454, 'it', 'it_2245', 'it_4096', 'La Spezia', ''),
(455, 'it', 'it_2245', 'it_42313', 'Montessoro', ''),
(456, 'it', 'it_2245', 'it_42390', 'Portofino', ''),
(457, 'it', 'it_2245', 'it_13307', 'Rapallo', ''),
(458, 'it', 'it_2245', 'it_42383', 'Riomaggiore', ''),
(459, 'it', 'it_2245', 'it_13498', 'San Remo', ''),
(460, 'it', 'it_2245', 'it_12023', 'Savona', ''),
(461, 'it', 'it_2245', 'it_4123', 'Sestri Levante', ''),
(462, 'it', 'it_2246', 'it_14601', 'Arese', ''),
(463, 'it', 'it_2246', 'it_15871', 'Assago', ''),
(464, 'it', 'it_2246', 'it_4075', 'Bergamo', ''),
(465, 'it', 'it_2246', 'it_14778', 'Brembate', ''),
(466, 'it', 'it_2246', 'it_12287', 'Brescia', ''),
(467, 'it', 'it_2246', 'it_4078', 'Cantu', ''),
(468, 'it', 'it_2246', 'it_12004', 'Cardano al Campo', ''),
(469, 'it', 'it_2246', 'it_14710', 'Carugate', ''),
(470, 'it', 'it_2246', 'it_13942', 'Cologno Monzese', ''),
(471, 'it', 'it_2246', 'it_6479', 'Como', ''),
(472, 'it', 'it_2246', 'it_4083', 'Cremona', ''),
(473, 'it', 'it_2246', 'it_14475', 'Lainate', ''),
(474, 'it', 'it_2246', 'it_16154', 'Lecco', ''),
(475, 'it', 'it_2246', 'it_15031', 'Lissone', ''),
(476, 'it', 'it_2246', 'it_4097', 'Lodi', ''),
(477, 'it', 'it_2246', 'it_4098', 'Lonate Pozzolo', ''),
(478, 'it', 'it_2246', 'it_12403', 'Mantova', ''),
(479, 'it', 'it_2246', 'it_17144', 'Merate', ''),
(480, 'it', 'it_2246', 'it_11937', 'Milano', ''),
(481, 'it', 'it_2246', 'it_4105', 'Monza', ''),
(482, 'it', 'it_2246', 'it_16345', 'Olgiate Molgora', ''),
(483, 'it', 'it_2246', 'it_18022', 'Olgiate Olona', ''),
(484, 'it', 'it_2246', 'it_13468', 'Pavia', ''),
(485, 'it', 'it_2246', 'it_13172', 'Sondrio', ''),
(486, 'it', 'it_2246', 'it_15136', 'Treviglio', ''),
(487, 'it', 'it_2246', 'it_14629', 'Varese', ''),
(488, 'it', 'it_2246', 'it_12856', 'Vigevano', ''),
(489, 'it', 'it_2246', 'it_18865', 'Vimercate', ''),
(490, 'it', 'it_2246', 'it_15276', 'Voghera', ''),
(491, 'it', 'it_2247', 'it_14210', 'Ancona', ''),
(492, 'it', 'it_2247', 'it_15185', 'Ascoli Piceno', ''),
(493, 'it', 'it_2247', 'it_41903', 'Fermo', ''),
(494, 'it', 'it_2247', 'it_18461', 'Jesi', ''),
(495, 'it', 'it_2247', 'it_15748', 'Macerata', ''),
(496, 'it', 'it_2247', 'it_18833', 'Osimo', ''),
(497, 'it', 'it_2247', 'it_15574', 'Pesaro', ''),
(498, 'it', 'it_2247', 'it_4122', 'San Benedetto Del Tronto', ''),
(499, 'it', 'it_2248', 'it_15498', 'Campobasso', ''),
(500, 'it', 'it_2248', 'it_13479', 'Frosolone', ''),
(501, 'it', 'it_2249', 'it_14985', 'Acqui Terme', ''),
(502, 'it', 'it_2249', 'it_17387', 'Alagna Valsesia', ''),
(503, 'it', 'it_2249', 'it_4070', 'Alba', ''),
(504, 'it', 'it_2249', 'it_14543', 'Alpignano', ''),
(505, 'it', 'it_2249', 'it_4074', 'Asti', ''),
(506, 'it', 'it_2249', 'it_15002', 'Biella', ''),
(507, 'it', 'it_2249', 'it_13292', 'Borgomanero', ''),
(508, 'it', 'it_2249', 'it_17386', 'Borgosesia', ''),
(509, 'it', 'it_2249', 'it_15517', 'Burolo', ''),
(510, 'it', 'it_2249', 'it_18182', 'Cuneo', ''),
(511, 'it', 'it_2249', 'it_4095', 'Ivrea', ''),
(512, 'it', 'it_2249', 'it_12523', 'Moncalieri', ''),
(513, 'it', 'it_2249', 'it_6481', 'Novara', ''),
(514, 'it', 'it_2249', 'it_42261', 'Oleggio', ''),
(515, 'it', 'it_2249', 'it_16399', 'Omegna', ''),
(516, 'it', 'it_2249', 'it_4114', 'Pinerolo', ''),
(517, 'it', 'it_2249', 'it_16912', 'Sala Biellese', ''),
(518, 'it', 'it_2249', 'it_13790', 'Settimo Torinese', ''),
(519, 'it', 'it_2249', 'it_11915', 'Torino', ''),
(520, 'it', 'it_2249', 'it_4127', 'Torre Pellice', ''),
(521, 'it', 'it_2249', 'it_16910', 'Trecate', ''),
(522, 'it', 'it_2249', 'it_6485', 'Turin', ''),
(523, 'it', 'it_2249', 'it_16053', 'Valenza', ''),
(524, 'it', 'it_2249', 'it_17392', 'Varallo Sesia', ''),
(525, 'it', 'it_2249', 'it_13023', 'Verbania', ''),
(526, 'it', 'it_2250', 'it_14063', 'Bari', ''),
(527, 'it', 'it_2250', 'it_4079', 'Capurso', ''),
(528, 'it', 'it_2250', 'it_14369', 'Conversano', ''),
(529, 'it', 'it_2250', 'it_14378', 'Foggia', ''),
(530, 'it', 'it_2250', 'it_14750', 'Lecce', ''),
(531, 'it', 'it_2250', 'it_17284', 'Maglie', ''),
(532, 'it', 'it_2250', 'it_16917', 'Monopoli', ''),
(533, 'it', 'it_2250', 'it_4117', 'Putignano', ''),
(534, 'it', 'it_2250', 'it_15197', 'Taranto', ''),
(535, 'it', 'it_2251', 'it_17579', 'Alghero', ''),
(536, 'it', 'it_2251', 'it_6478', 'Cagliari', ''),
(537, 'it', 'it_2251', 'it_15376', 'La Maddalena', ''),
(538, 'it', 'it_2251', 'it_13381', 'Nuoro', ''),
(539, 'it', 'it_2251', 'it_18108', 'Olbia', ''),
(540, 'it', 'it_2251', 'it_4107', 'Oristano', ''),
(541, 'it', 'it_2251', 'it_18118', 'Sassari', ''),
(542, 'it', 'it_2251', 'it_13249', 'Selargius', ''),
(543, 'it', 'it_2252', 'it_4069', 'Agrigento', ''),
(544, 'it', 'it_2252', 'it_12368', 'Augusta', ''),
(545, 'it', 'it_2252', 'it_18967', 'Belmonte Mezzagno', ''),
(546, 'it', 'it_2252', 'it_4077', 'Caltanissetta', ''),
(547, 'it', 'it_2252', 'it_16494', 'Capo d_Orlando', ''),
(548, 'it', 'it_2252', 'it_14193', 'Castelvetrano', ''),
(549, 'it', 'it_2252', 'it_12635', 'Catania', ''),
(550, 'it', 'it_2252', 'it_17063', 'Enna', ''),
(551, 'it', 'it_2252', 'it_4089', 'Floridia', ''),
(552, 'it', 'it_2252', 'it_13015', 'messina', ''),
(553, 'it', 'it_2252', 'it_4102', 'Milazzo', ''),
(554, 'it', 'it_2252', 'it_6483', 'Palermo', ''),
(555, 'it', 'it_2252', 'it_4119', 'Ribera', ''),
(556, 'it', 'it_2252', 'it_12018', 'Siracusa', ''),
(557, 'it', 'it_2252', 'it_4126', 'Terrasini', ''),
(558, 'it', 'it_2252', 'it_18184', 'Trapani', ''),
(559, 'it', 'it_2253', 'it_14192', 'Arezzo', ''),
(560, 'it', 'it_2253', 'it_16419', 'Bottegone', ''),
(561, 'it', 'it_2253', 'it_13947', 'Cecina', ''),
(562, 'it', 'it_2253', 'it_4086', 'Fiesole', ''),
(563, 'it', 'it_2253', 'it_42030', 'Firenze', ''),
(564, 'it', 'it_2253', 'it_4088', 'Florence', ''),
(565, 'it', 'it_2253', 'it_41911', 'Follonica', ''),
(566, 'it', 'it_2253', 'it_4092', 'Greve', ''),
(567, 'it', 'it_2253', 'it_13491', 'Grosseto', ''),
(568, 'it', 'it_2253', 'it_12718', 'Livorno', ''),
(569, 'it', 'it_2253', 'it_4099', 'Lucca', ''),
(570, 'it', 'it_2253', 'it_17802', 'Massa', ''),
(571, 'it', 'it_2253', 'it_4115', 'Pisa', ''),
(572, 'it', 'it_2253', 'it_12382', 'Pistoia', ''),
(573, 'it', 'it_2253', 'it_12633', 'Prato', ''),
(574, 'it', 'it_2253', 'it_14080', 'Siena', ''),
(575, 'it', 'it_2253', 'it_13288', 'viareggio', ''),
(576, 'it', 'it_2254', 'it_6477', 'Bolzano', ''),
(577, 'it', 'it_2254', 'it_15383', 'Merano', ''),
(578, 'it', 'it_2254', 'it_18037', 'Trento', ''),
(579, 'it', 'it_2255', 'it_4072', 'Assisi', ''),
(580, 'it', 'it_2255', 'it_16250', 'Foligno', ''),
(581, 'it', 'it_2255', 'it_4111', 'Perugia', ''),
(582, 'it', 'it_2255', 'it_4125', 'Spoleto', ''),
(583, 'it', 'it_2255', 'it_42097', 'Terni', ''),
(584, 'it', 'it_2256', 'it_12618', 'Aosta', ''),
(585, 'it', 'it_2256', 'it_16907', 'Cervinia', ''),
(586, 'it', 'it_2256', 'it_16909', 'Valtournenche', ''),
(587, 'it', 'it_2257', 'it_16054', 'Abano Terme', ''),
(588, 'it', 'it_2257', 'it_14707', 'Bassano Del Grappa', ''),
(589, 'it', 'it_2257', 'it_15471', 'Castelfranco Veneto', ''),
(590, 'it', 'it_2257', 'it_17264', 'Cittadella', ''),
(591, 'it', 'it_2257', 'it_17249', 'Conegliano', ''),
(592, 'it', 'it_2257', 'it_17430', 'Cortina d''Ampezzo', ''),
(593, 'it', 'it_2257', 'it_13547', 'Malcesine', ''),
(594, 'it', 'it_2257', 'it_41833', 'Mirano', ''),
(595, 'it', 'it_2257', 'it_6482', 'Padova', ''),
(596, 'it', 'it_2257', 'it_4110', 'Pedavena', ''),
(597, 'it', 'it_2257', 'it_41764', 'Piove di Sacco', ''),
(598, 'it', 'it_2257', 'it_14438', 'Rovigo', ''),
(599, 'it', 'it_2257', 'it_13916', 'Thiene', ''),
(600, 'it', 'it_2257', 'it_13637', 'Treviso', ''),
(601, 'it', 'it_2257', 'it_6486', 'Venice', ''),
(602, 'it', 'it_2257', 'it_12319', 'Verona', ''),
(603, 'it', 'it_2257', 'it_11768', 'Vicenza', ''),
(604, 'de', 'de_1912', 'de_13297', 'Aalen', ''),
(605, 'de', 'de_1912', 'de_13707', 'Albstadt', ''),
(606, 'de', 'de_1912', 'de_14993', 'Altdorf', ''),
(607, 'de', 'de_1912', 'de_14809', 'Bad Urach', ''),
(608, 'de', 'de_1912', 'de_14574', 'Bad Wildbad', ''),
(609, 'de', 'de_1912', 'de_14231', 'Baden-Baden', ''),
(610, 'de', 'de_1912', 'de_14514', 'Balingen', ''),
(611, 'de', 'de_1912', 'de_16457', 'Bretten', ''),
(612, 'de', 'de_1912', 'de_3660', 'Crailsheim', ''),
(613, 'de', 'de_1912', 'de_3665', 'Eberbach', ''),
(614, 'de', 'de_1912', 'de_14555', 'Ellwangen', ''),
(615, 'de', 'de_1912', 'de_3670', 'Esslingen', ''),
(616, 'de', 'de_1912', 'de_13013', 'Forst', ''),
(617, 'de', 'de_1912', 'de_3672', 'Freiburg Im Breisgau', ''),
(618, 'de', 'de_1912', 'de_3673', 'Friedrichshafen', ''),
(619, 'de', 'de_1912', 'de_3674', 'Friolzheim', ''),
(620, 'de', 'de_1912', 'de_18143', 'Gaienhofen', ''),
(621, 'de', 'de_1912', 'de_3679', 'Gedern', ''),
(622, 'de', 'de_1912', 'de_14851', 'Gengenbach', ''),
(623, 'de', 'de_1912', 'de_3684', 'Gottelfingen', ''),
(624, 'de', 'de_1912', 'de_17018', 'Haiterbach', ''),
(625, 'de', 'de_1912', 'de_6421', 'Heidelberg', ''),
(626, 'de', 'de_1912', 'de_13634', 'Heilbronn', ''),
(627, 'de', 'de_1912', 'de_18546', 'Hockenheim', ''),
(628, 'de', 'de_1912', 'de_12827', 'Karlsruhe', ''),
(629, 'de', 'de_1912', 'de_13470', 'Konstanz', ''),
(630, 'de', 'de_1912', 'de_18935', 'Kornwestheim', ''),
(631, 'de', 'de_1912', 'de_18773', 'Kusterdingen', ''),
(632, 'de', 'de_1912', 'de_3702', 'Leinfelden-Echterdingen', ''),
(633, 'de', 'de_1912', 'de_3705', 'Leonberg', ''),
(634, 'de', 'de_1912', 'de_12525', 'Ludwigsburg', ''),
(635, 'de', 'de_1912', 'de_3713', 'Malsch', ''),
(636, 'de', 'de_1912', 'de_3714', 'Mannheim', ''),
(637, 'de', 'de_1912', 'de_3715', 'Marbach Am Neckar', ''),
(638, 'de', 'de_1912', 'de_16166', 'Meersburg', ''),
(639, 'de', 'de_1912', 'de_3720', 'Meßstetten', ''),
(640, 'de', 'de_1912', 'de_17907', 'Muellheim', ''),
(641, 'de', 'de_1912', 'de_14766', 'Neuenbürg', ''),
(642, 'de', 'de_1912', 'de_3729', 'Ofterdingen', ''),
(643, 'de', 'de_1912', 'de_3733', 'Pfaffenweiler', ''),
(644, 'de', 'de_1912', 'de_16449', 'Pforzheim', ''),
(645, 'de', 'de_1912', 'de_3737', 'Rastatt', ''),
(646, 'de', 'de_1912', 'de_17968', 'Reutlingen', ''),
(647, 'de', 'de_1912', 'de_15524', 'Rottenburg', ''),
(648, 'de', 'de_1912', 'de_15925', 'Sasbach', ''),
(649, 'de', 'de_1912', 'de_3746', 'Schwabisch Gmund', ''),
(650, 'de', 'de_1912', 'de_3748', 'Schwieberdingen', ''),
(651, 'de', 'de_1912', 'de_16581', 'Sindelfingen', ''),
(652, 'de', 'de_1912', 'de_18957', 'Singen', ''),
(653, 'de', 'de_1912', 'de_3753', 'Stuttgart', ''),
(654, 'de', 'de_1912', 'de_3754', 'Sulzfeld', ''),
(655, 'de', 'de_1912', 'de_3757', 'Trossingen', ''),
(656, 'de', 'de_1912', 'de_3758', 'Tubingen', ''),
(657, 'de', 'de_1912', 'de_15952', 'Uberlingen', ''),
(658, 'de', 'de_1912', 'de_3759', 'Ulm', ''),
(659, 'de', 'de_1912', 'de_14591', 'Urbach', ''),
(660, 'de', 'de_1912', 'de_13327', 'Villingen-Schwenningen', ''),
(661, 'de', 'de_1912', 'de_12912', 'Waiblingen', ''),
(662, 'de', 'de_1912', 'de_3761', 'Walldorf', ''),
(663, 'de', 'de_1912', 'de_16283', 'Walldürn', ''),
(664, 'de', 'de_1912', 'de_14247', 'Weinstadt', ''),
(665, 'de', 'de_1912', 'de_15351', 'Wertheim', ''),
(666, 'de', 'de_1912', 'de_3765', 'Wiernsheim', ''),
(667, 'de', 'de_1912', 'de_3766', 'Wiesloch', ''),
(668, 'de', 'de_1912', 'de_3768', 'Winterlingen', ''),
(669, 'de', 'de_1912', 'de_3770', 'Wolfach', ''),
(670, 'de', 'de_1913', 'de_12367', 'Allersberg', ''),
(671, 'de', 'de_1913', 'de_42881', 'Altötting', ''),
(672, 'de', 'de_1913', 'de_3646', 'Ansbach', ''),
(673, 'de', 'de_1913', 'de_16238', 'Aschaffenburg', ''),
(674, 'de', 'de_1913', 'de_18193', 'Attenkirchen', ''),
(675, 'de', 'de_1913', 'de_3648', 'Augsburg', ''),
(676, 'de', 'de_1913', 'de_3649', 'Bad Koenigshofen', ''),
(677, 'de', 'de_1913', 'de_15692', 'Bad Neustadt', ''),
(678, 'de', 'de_1913', 'de_12837', 'Bamberg', ''),
(679, 'de', 'de_1913', 'de_13467', 'Bayreuth', ''),
(680, 'de', 'de_1913', 'de_12558', 'Burgbernheim', ''),
(681, 'de', 'de_1913', 'de_14871', 'Burghausen', ''),
(682, 'de', 'de_1913', 'de_3658', 'Coburg', ''),
(683, 'de', 'de_1913', 'de_11774', 'Dachau', ''),
(684, 'de', 'de_1913', 'de_3662', 'Dorfen', ''),
(685, 'de', 'de_1913', 'de_3666', 'Eichstatt', ''),
(686, 'de', 'de_1913', 'de_11893', 'Erlangen', ''),
(687, 'de', 'de_1913', 'de_15870', 'Faulbach', ''),
(688, 'de', 'de_1913', 'de_16806', 'Feuchtwangen', ''),
(689, 'de', 'de_1913', 'de_17708', 'Freising', ''),
(690, 'de', 'de_1913', 'de_13980', 'Fuerth', ''),
(691, 'de', 'de_1913', 'de_17273', 'Furth Im Wald', ''),
(692, 'de', 'de_1913', 'de_3675', 'Fussen', ''),
(693, 'de', 'de_1913', 'de_3687', 'Gunzenhausen', ''),
(694, 'de', 'de_1913', 'de_13356', 'Helmbrechts', ''),
(695, 'de', 'de_1913', 'de_3692', 'Hof', ''),
(696, 'de', 'de_1913', 'de_18252', 'Ingolstadt', ''),
(697, 'de', 'de_1913', 'de_13594', 'Kaufbeuren', ''),
(698, 'de', 'de_1913', 'de_42021', 'Kitzingen', ''),
(699, 'de', 'de_1913', 'de_3700', 'Kubelstein Stadt Schesslitz', ''),
(700, 'de', 'de_1913', 'de_16139', 'Landau', ''),
(701, 'de', 'de_1913', 'de_18331', 'Landsberg Am Lech', ''),
(702, 'de', 'de_1913', 'de_41716', 'Landshut', ''),
(703, 'de', 'de_1913', 'de_16496', 'Lauf', ''),
(704, 'de', 'de_1913', 'de_16791', 'Lenggries', ''),
(705, 'de', 'de_1913', 'de_3706', 'Lichtenfels', ''),
(706, 'de', 'de_1913', 'de_14048', 'Lindau', ''),
(707, 'de', 'de_1913', 'de_41723', 'Mainburg', ''),
(708, 'de', 'de_1913', 'de_3719', 'Memmingen', ''),
(709, 'de', 'de_1913', 'de_3722', 'Munich', ''),
(710, 'de', 'de_1913', 'de_3725', 'Neu Ulm', ''),
(711, 'de', 'de_1913', 'de_15608', 'Neuburg', ''),
(712, 'de', 'de_1913', 'de_42233', 'Neumarkt', ''),
(713, 'de', 'de_1913', 'de_15670', 'Neustadt', ''),
(714, 'de', 'de_1913', 'de_3727', 'Neustadt An Der Waldnaab', ''),
(715, 'de', 'de_1913', 'de_6423', 'Nürnberg', ''),
(716, 'de', 'de_1913', 'de_12865', 'Oberbergkirchen', ''),
(717, 'de', 'de_1913', 'de_16289', 'Oberstdorf', ''),
(718, 'de', 'de_1913', 'de_16643', 'Ottobrunn', ''),
(719, 'de', 'de_1913', 'de_12629', 'Parsberg', ''),
(720, 'de', 'de_1913', 'de_3732', 'Passau', ''),
(721, 'de', 'de_1913', 'de_42318', 'Pleinfeld', ''),
(722, 'de', 'de_1913', 'de_3739', 'Regensburg', ''),
(723, 'de', 'de_1913', 'de_11850', 'Rosenheim', ''),
(724, 'de', 'de_1913', 'de_13311', 'Schongau', ''),
(725, 'de', 'de_1913', 'de_16731', 'Schwabach', ''),
(726, 'de', 'de_1913', 'de_41925', 'Schweinfurt', ''),
(727, 'de', 'de_1913', 'de_12116', 'Starnberg', ''),
(728, 'de', 'de_1913', 'de_15604', 'Steinach', ''),
(729, 'de', 'de_1913', 'de_3755', 'Tirschenreuth', ''),
(730, 'de', 'de_1913', 'de_18253', 'Traunstein', ''),
(731, 'de', 'de_1913', 'de_16199', 'Untersteinach', ''),
(732, 'de', 'de_1913', 'de_14986', 'Utting', ''),
(733, 'de', 'de_1913', 'de_42267', 'Vaterstetten', ''),
(734, 'de', 'de_1913', 'de_19037', 'Vilseck', ''),
(735, 'de', 'de_1913', 'de_15764', 'wackersdorf', ''),
(736, 'de', 'de_1913', 'de_13173', 'Waldkirchen', ''),
(737, 'de', 'de_1913', 'de_3762', 'WASSERBURG', ''),
(738, 'de', 'de_1913', 'de_13858', 'weiden', ''),
(739, 'de', 'de_1913', 'de_17555', 'Wittelshofen', ''),
(740, 'de', 'de_1913', 'de_3773', 'WURZBURG', ''),
(741, 'de', 'de_1913', 'de_12557', 'Zangberg', ''),
(742, 'de', 'de_1914', 'de_13689', 'Bremen', ''),
(743, 'de', 'de_1914', 'de_17680', 'Bremerhaven', ''),
(744, 'de', 'de_1914', 'de_3741', 'Rodental', ''),
(745, 'de', 'de_1915', 'de_5004', 'Diekirch North', ''),
(746, 'de', 'de_1915', 'de_3688', 'Hamburg', ''),
(747, 'de', 'de_1916', 'de_15825', 'Altenstadt', ''),
(748, 'de', 'de_1916', 'de_16835', 'Bad Homburg', ''),
(749, 'de', 'de_1916', 'de_12423', 'Bad Orb', ''),
(750, 'de', 'de_1916', 'de_13382', 'Bad Vilbel', ''),
(751, 'de', 'de_1916', 'de_16652', 'Bensheim', ''),
(752, 'de', 'de_1916', 'de_3655', 'Braunfels', ''),
(753, 'de', 'de_1916', 'de_11805', 'Darmstadt', ''),
(754, 'de', 'de_1916', 'de_42244', 'Echzell', ''),
(755, 'de', 'de_1916', 'de_16901', 'Egelsbach', ''),
(756, 'de', 'de_1916', 'de_6419', 'Frankfurt', ''),
(757, 'de', 'de_1916', 'de_17552', 'Friedberg', ''),
(758, 'de', 'de_1916', 'de_14727', 'Fulda', ''),
(759, 'de', 'de_1916', 'de_41752', 'Gelnhausen', ''),
(760, 'de', 'de_1916', 'de_13445', 'Gießen', ''),
(761, 'de', 'de_1916', 'de_16790', 'Gladenbach', ''),
(762, 'de', 'de_1916', 'de_42020', 'Griesheim', ''),
(763, 'de', 'de_1916', 'de_14117', 'Gross-Zimmern', ''),
(764, 'de', 'de_1916', 'de_12107', 'Hanau', ''),
(765, 'de', 'de_1916', 'de_13931', 'Hofgeismar', ''),
(766, 'de', 'de_1916', 'de_13964', 'Hofheim', ''),
(767, 'de', 'de_1916', 'de_16584', 'Hungen', ''),
(768, 'de', 'de_1916', 'de_14197', 'Idstein', ''),
(769, 'de', 'de_1916', 'de_6422', 'Kassel', ''),
(770, 'de', 'de_1916', 'de_14899', 'Lampertheim', ''),
(771, 'de', 'de_1916', 'de_16339', 'Limburg', ''),
(772, 'de', 'de_1916', 'de_13771', 'Marburg', ''),
(773, 'de', 'de_1916', 'de_3718', 'Melsungen', ''),
(774, 'de', 'de_1916', 'de_42873', 'Neu-Isenburg', ''),
(775, 'de', 'de_1916', 'de_15885', 'Nidda', ''),
(776, 'de', 'de_1916', 'de_18532', 'Oberursel', ''),
(777, 'de', 'de_1916', 'de_12106', 'Offenbach', ''),
(778, 'de', 'de_1916', 'de_15829', 'ortenberg', ''),
(779, 'de', 'de_1916', 'de_13963', 'Wetzlar', ''),
(780, 'de', 'de_1916', 'de_11902', 'Wiesbaden', ''),
(781, 'de', 'de_1917', 'de_16644', 'Bad Sachsa', ''),
(782, 'de', 'de_1917', 'de_3650', 'Bad Zwischenahn', ''),
(783, 'de', 'de_1917', 'de_17694', 'Bergen', ''),
(784, 'de', 'de_1917', 'de_3653', 'Billerbeck', ''),
(785, 'de', 'de_1917', 'de_11826', 'Bispingen', ''),
(786, 'de', 'de_1917', 'de_17245', 'Brake', ''),
(787, 'de', 'de_1917', 'de_3656', 'Braunschweig', ''),
(788, 'de', 'de_1917', 'de_17109', 'Celle', ''),
(789, 'de', 'de_1917', 'de_12902', 'Clausthal-Zellerfeld', ''),
(790, 'de', 'de_1917', 'de_13159', 'Cuxhaven', ''),
(791, 'de', 'de_1917', 'de_41854', 'Emden', ''),
(792, 'de', 'de_1917', 'de_3676', 'Garbsen', ''),
(793, 'de', 'de_1917', 'de_14749', 'Göttingen', ''),
(794, 'de', 'de_1917', 'de_12861', 'Hameln', ''),
(795, 'de', 'de_1917', 'de_6420', 'Hannover', ''),
(796, 'de', 'de_1917', 'de_3690', 'Helmstedt', ''),
(797, 'de', 'de_1917', 'de_16065', 'Leer', ''),
(798, 'de', 'de_1917', 'de_15714', 'Leiferde', ''),
(799, 'de', 'de_1917', 'de_14854', 'Lueneburg', ''),
(800, 'de', 'de_1917', 'de_15609', 'Meppen', ''),
(801, 'de', 'de_1917', 'de_3728', 'Nienburg', ''),
(802, 'de', 'de_1917', 'de_12831', 'Oldenburg', ''),
(803, 'de', 'de_1917', 'de_3730', 'Osnabruck', ''),
(804, 'de', 'de_1917', 'de_3745', 'Schledehausen', ''),
(805, 'de', 'de_1917', 'de_3749', 'Seevetal', ''),
(806, 'de', 'de_1917', 'de_3750', 'Soltau', ''),
(807, 'de', 'de_1917', 'de_3752', 'Stade', ''),
(808, 'de', 'de_1917', 'de_14959', 'Wagenhoff', ''),
(809, 'de', 'de_1917', 'de_3767', 'Wilhelmshaven', ''),
(810, 'de', 'de_1917', 'de_3769', 'Wittmund', ''),
(811, 'de', 'de_1917', 'de_3771', 'Wolfenbuttel', ''),
(812, 'de', 'de_1918', 'de_3645', 'Aachen', ''),
(813, 'de', 'de_1918', 'de_12376', 'Ahaus', ''),
(814, 'de', 'de_1918', 'de_18667', 'Altena', ''),
(815, 'de', 'de_1918', 'de_12943', 'Bielefeld', ''),
(816, 'de', 'de_1918', 'de_6415', 'Bochum', ''),
(817, 'de', 'de_1918', 'de_6416', 'Bonn', ''),
(818, 'de', 'de_1918', 'de_14826', 'Borgholzhausen', ''),
(819, 'de', 'de_1918', 'de_17244', 'Borken', ''),
(820, 'de', 'de_1918', 'de_3659', 'Cologne', ''),
(821, 'de', 'de_1918', 'de_18448', 'Dormagen', ''),
(822, 'de', 'de_1918', 'de_3663', 'Dortmund', ''),
(823, 'de', 'de_1918', 'de_12864', 'Duisburg', ''),
(824, 'de', 'de_1918', 'de_17291', 'Dülmen', ''),
(825, 'de', 'de_1918', 'de_6417', 'Dusseldorf', ''),
(826, 'de', 'de_1918', 'de_3668', 'Emmerich', ''),
(827, 'de', 'de_1918', 'de_6418', 'Essen', ''),
(828, 'de', 'de_1918', 'de_14249', 'Geilenkirchen', ''),
(829, 'de', 'de_1918', 'de_18216', 'Geldern', ''),
(830, 'de', 'de_1918', 'de_18793', 'Gelsenkirchen', ''),
(831, 'de', 'de_1918', 'de_14329', 'Guetersloh', ''),
(832, 'de', 'de_1918', 'de_13028', 'Haan', ''),
(833, 'de', 'de_1918', 'de_13209', 'Hagen', ''),
(834, 'de', 'de_1918', 'de_3689', 'Hamm', ''),
(835, 'de', 'de_1918', 'de_13328', 'Havixbeck', ''),
(836, 'de', 'de_1918', 'de_17980', 'Hennef', ''),
(837, 'de', 'de_1918', 'de_3691', 'Herford', ''),
(838, 'de', 'de_1918', 'de_41800', 'Herne', ''),
(839, 'de', 'de_1918', 'de_15706', 'Hilden', ''),
(840, 'de', 'de_1918', 'de_16432', 'Kamen', ''),
(841, 'de', 'de_1918', 'de_13946', 'Kamp-Lintfort', ''),
(842, 'de', 'de_1918', 'de_14625', 'Kempen', ''),
(843, 'de', 'de_1918', 'de_3696', 'Kleve', ''),
(844, 'de', 'de_1918', 'de_42019', 'Koeln', ''),
(845, 'de', 'de_1918', 'de_3699', 'Krefeld', ''),
(846, 'de', 'de_1918', 'de_16679', 'Lemgo', ''),
(847, 'de', 'de_1918', 'de_3704', 'Lengerich', ''),
(848, 'de', 'de_1918', 'de_14703', 'Leverkusen', ''),
(849, 'de', 'de_1918', 'de_18203', 'Lippstadt', ''),
(850, 'de', 'de_1918', 'de_3709', 'Ludinghausen', ''),
(851, 'de', 'de_1918', 'de_16821', 'Luedenscheid', ''),
(852, 'de', 'de_1918', 'de_3717', 'Marl', ''),
(853, 'de', 'de_1918', 'de_17665', 'Meschede', ''),
(854, 'de', 'de_1918', 'de_12915', 'Minden', ''),
(855, 'de', 'de_1918', 'de_13160', 'Moers', ''),
(856, 'de', 'de_1918', 'de_16757', 'Mönchengladbach', ''),
(857, 'de', 'de_1918', 'de_3723', 'Munster', ''),
(858, 'de', 'de_1918', 'de_13926', 'Neuss', ''),
(859, 'de', 'de_1918', 'de_12025', 'Oberhausen', ''),
(860, 'de', 'de_1918', 'de_3731', 'Paderborn', ''),
(861, 'de', 'de_1918', 'de_3735', 'Porta Westfalica', ''),
(862, 'de', 'de_1918', 'de_3738', 'Ratingen', ''),
(863, 'de', 'de_1918', 'de_12988', 'Remscheid', ''),
(864, 'de', 'de_1918', 'de_17157', 'Rheda-Wiedenbrueck', ''),
(865, 'de', 'de_1918', 'de_16207', 'Sankt Augustin', ''),
(866, 'de', 'de_1918', 'de_15702', 'Siegen', ''),
(867, 'de', 'de_1918', 'de_15602', 'Solingen', ''),
(868, 'de', 'de_1918', 'de_18928', 'Troisdorf', ''),
(869, 'de', 'de_1918', 'de_13306', 'Viersen', ''),
(870, 'de', 'de_1918', 'de_13481', 'Wassenberg', ''),
(871, 'de', 'de_1918', 'de_3764', 'Wesel', ''),
(872, 'de', 'de_1918', 'de_14201', 'Willich', ''),
(873, 'de', 'de_1918', 'de_14643', 'Witten', ''),
(874, 'de', 'de_1918', 'de_15478', 'Wuppertal', ''),
(875, 'de', 'de_1919', 'de_3654', 'Bingen Am Rhein', ''),
(876, 'de', 'de_1919', 'de_17275', 'Bitburg', ''),
(877, 'de', 'de_1919', 'de_15318', 'Frankenthal', ''),
(878, 'de', 'de_1919', 'de_3686', 'Grunstadt', ''),
(879, 'de', 'de_1919', 'de_14631', 'Hachenburg', ''),
(880, 'de', 'de_1919', 'de_3695', 'Kaiserslautern', ''),
(881, 'de', 'de_1919', 'de_3697', 'Koblenz', ''),
(882, 'de', 'de_1919', 'de_3701', 'Kusel', ''),
(883, 'de', 'de_1919', 'de_13578', 'Landau', ''),
(884, 'de', 'de_1919', 'de_3707', 'Linz Am Rhein', ''),
(885, 'de', 'de_1919', 'de_3710', 'Ludwigshafen Am Rhein', ''),
(886, 'de', 'de_1919', 'de_3712', 'Mainz', ''),
(887, 'de', 'de_1919', 'de_17388', 'Montabaur', ''),
(888, 'de', 'de_1919', 'de_3721', 'Morzheim', ''),
(889, 'de', 'de_1919', 'de_13627', 'Neuwied', ''),
(890, 'de', 'de_1919', 'de_17459', 'Pirmasens', ''),
(891, 'de', 'de_1919', 'de_13779', 'Rudesheim', ''),
(892, 'de', 'de_1919', 'de_3743', 'Schaumburg', ''),
(893, 'de', 'de_1919', 'de_3744', 'Schifferstadt', ''),
(894, 'de', 'de_1919', 'de_3756', 'Trier', ''),
(895, 'de', 'de_1919', 'de_3772', 'Worms', '');
INSERT INTO `city_table` (`ctId`, `country_code`, `province_code`, `city_code`, `city_name`, `cite_py`) VALUES
(896, 'de', 'de_1919', 'de_3775', 'Zweibrucken', ''),
(897, 'de', 'de_1920', 'de_3652', 'Bexbach', ''),
(898, 'de', 'de_1920', 'de_3657', 'Budingen', ''),
(899, 'de', 'de_1920', 'de_18274', 'Homburg', ''),
(900, 'de', 'de_1920', 'de_13868', 'Lebach', ''),
(901, 'de', 'de_1920', 'de_18703', 'Merzig', ''),
(902, 'de', 'de_1920', 'de_3742', 'Saarbrucken', ''),
(903, 'de', 'de_1921', 'de_17482', 'Ahrensburg', ''),
(904, 'de', 'de_1921', 'de_15814', 'Bargteheide', ''),
(905, 'de', 'de_1921', 'de_11778', 'Elmshorn', ''),
(906, 'de', 'de_1921', 'de_3671', 'Eutin', ''),
(907, 'de', 'de_1921', 'de_13228', 'Flensburg', ''),
(908, 'de', 'de_1921', 'de_3682', 'Gluckstadt', ''),
(909, 'de', 'de_1921', 'de_17838', 'Kaltenkirchen', ''),
(910, 'de', 'de_1921', 'de_11876', 'Kiel', ''),
(911, 'de', 'de_1921', 'de_3708', 'Lubeck', ''),
(912, 'de', 'de_1921', 'de_3734', 'Pinneberg', ''),
(913, 'de', 'de_1921', 'de_18070', 'Wedel', ''),
(914, 'de', 'de_1922', 'de_17872', 'Brandenburg', ''),
(915, 'de', 'de_1922', 'de_14548', 'Cottbus', ''),
(916, 'de', 'de_1922', 'de_17155', 'Frankfurt', ''),
(917, 'de', 'de_1922', 'de_13405', 'Fürstenberg', ''),
(918, 'de', 'de_1922', 'de_14549', 'Herzberg', ''),
(919, 'de', 'de_1922', 'de_3736', 'Potsdam', ''),
(920, 'de', 'de_1922', 'de_18540', 'Rathenow', ''),
(921, 'de', 'de_1922', 'de_3740', 'Rheinsberg', ''),
(922, 'de', 'de_1923', 'de_3685', 'Greifswald', ''),
(923, 'de', 'de_1923', 'de_18290', 'Lug', ''),
(924, 'de', 'de_1923', 'de_13402', 'Neubrandenburg', ''),
(925, 'de', 'de_1923', 'de_13217', 'Neustrelitz', ''),
(926, 'de', 'de_1923', 'de_11970', 'Rostock', ''),
(927, 'de', 'de_1923', 'de_3747', 'Schwerin', ''),
(928, 'de', 'de_1923', 'de_17641', 'Stralsund', ''),
(929, 'de', 'de_1923', 'de_13404', 'Wesenberg', ''),
(930, 'de', 'de_1924', 'de_16578', 'Chemnitz', ''),
(931, 'de', 'de_1924', 'de_3661', 'Cranzahl', ''),
(932, 'de', 'de_1924', 'de_3664', 'Dresden', ''),
(933, 'de', 'de_1924', 'de_3703', 'Leipzig', ''),
(934, 'de', 'de_1924', 'de_17260', 'Olbernhau', ''),
(935, 'de', 'de_1924', 'de_18040', 'Riesa', ''),
(936, 'de', 'de_1924', 'de_3774', 'Zittau', ''),
(937, 'de', 'de_1924', 'de_17262', 'Zwickau', ''),
(938, 'de', 'de_1925', 'de_3711', 'Lutherstadt Wittenberg', ''),
(939, 'de', 'de_1925', 'de_15918', 'Magdeburg', ''),
(940, 'de', 'de_1925', 'de_11949', 'Quedlinburg', ''),
(941, 'de', 'de_1926', 'de_3647', 'Apolda', ''),
(942, 'de', 'de_1926', 'de_3667', 'Eisenach', ''),
(943, 'de', 'de_1926', 'de_3669', 'Erfurt', ''),
(944, 'de', 'de_1926', 'de_3680', 'Gera', ''),
(945, 'de', 'de_1926', 'de_3683', 'Gotha', ''),
(946, 'de', 'de_1926', 'de_14547', 'Jena', ''),
(947, 'de', 'de_1926', 'de_16253', 'Nordhausen', ''),
(948, 'de', 'de_1926', 'de_16966', 'rudolstadt', ''),
(949, 'de', 'de_1926', 'de_15605', 'Steinach', ''),
(950, 'de', 'de_1926', 'de_3763', 'Weimar', ''),
(951, 'de', 'de_1927', 'de_3651', 'Berlin', ''),
(952, 'de', 'de_1927', 'de_3698', 'Koenigs Wusterhausen', ''),
(953, 'en', 'en_5389', 'en_12838', 'Aberystwyth', ''),
(954, 'en', 'en_5389', 'en_12445', 'Bangor', ''),
(955, 'en', 'en_5389', 'en_13289', 'Beddgelert', ''),
(956, 'en', 'en_5389', 'en_12948', 'Betws-y-Coed', ''),
(957, 'en', 'en_5389', 'en_4874', 'Brecon', ''),
(958, 'en', 'en_5389', 'en_5957', 'Cardiff', ''),
(959, 'en', 'en_5389', 'en_12529', 'Haverfordwest', ''),
(960, 'en', 'en_5389', 'en_4904', 'Hawarden', ''),
(961, 'en', 'en_5389', 'en_5958', 'Holyhead', ''),
(962, 'en', 'en_5389', 'en_15425', 'Lampeter', ''),
(963, 'en', 'en_5389', 'en_13442', 'Llandrindod Well', ''),
(964, 'en', 'en_5389', 'en_4913', 'Machynlleth', ''),
(965, 'en', 'en_5389', 'en_5959', 'Milford', ''),
(966, 'en', 'en_5389', 'en_12089', 'Mold', ''),
(967, 'en', 'en_5389', 'en_5845', 'Newcastle', ''),
(968, 'en', 'en_5389', 'en_19040', 'Newport', ''),
(969, 'en', 'en_5389', 'en_15551', 'Pontypridd', ''),
(970, 'en', 'en_5389', 'en_15841', 'St Asaph', ''),
(971, 'en', 'en_5389', 'en_5960', 'Swansea', ''),
(972, 'en', 'en_5389', 'en_5961', 'Wrexham', ''),
(973, 'en', 'en_5390', 'en_5947', 'Aberdeen', ''),
(974, 'en', 'en_5390', 'en_5948', 'Aviemore', ''),
(975, 'en', 'en_5390', 'en_4873', 'Braemar', ''),
(976, 'en', 'en_5390', 'en_5949', 'Cladich', ''),
(977, 'en', 'en_5390', 'en_4886', 'Cumbernauld', ''),
(978, 'en', 'en_5390', 'en_41867', 'Dumbarton', ''),
(979, 'en', 'en_5390', 'en_18091', 'Dumfries', ''),
(980, 'en', 'en_5390', 'en_4890', 'Dunbar', ''),
(981, 'en', 'en_5390', 'en_14217', 'Dunblane', ''),
(982, 'en', 'en_5390', 'en_4891', 'Dundee', ''),
(983, 'en', 'en_5390', 'en_14067', 'Dunfermline', ''),
(984, 'en', 'en_5390', 'en_4893', 'Edinburgh', ''),
(985, 'en', 'en_5390', 'en_18992', 'Elgin', ''),
(986, 'en', 'en_5390', 'en_4894', 'Falkirk', ''),
(987, 'en', 'en_5390', 'en_4895', 'Forres', ''),
(988, 'en', 'en_5390', 'en_5950', 'Glasgow', ''),
(989, 'en', 'en_5390', 'en_4898', 'Grangemouth', ''),
(990, 'en', 'en_5390', 'en_4900', 'Greenock', ''),
(991, 'en', 'en_5390', 'en_5010', 'Hamilton', ''),
(992, 'en', 'en_5390', 'en_5951', 'Hawick', ''),
(993, 'en', 'en_5390', 'en_41721', 'Inverkeithing', ''),
(994, 'en', 'en_5390', 'en_4905', 'Inverness', ''),
(995, 'en', 'en_5390', 'en_4907', 'Kelso', ''),
(996, 'en', 'en_5390', 'en_4908', 'Kennet', ''),
(997, 'en', 'en_5390', 'en_18984', 'Kilmarnock', ''),
(998, 'en', 'en_5390', 'en_5952', 'Kirkwall', ''),
(999, 'en', 'en_5390', 'en_12836', 'Lerwick', ''),
(1000, 'en', 'en_5390', 'en_5953', 'Loch Ness', ''),
(1001, 'en', 'en_5390', 'en_18816', 'Montrose', ''),
(1002, 'en', 'en_5390', 'en_5954', 'Motherwell', ''),
(1003, 'en', 'en_5390', 'en_4918', 'Newark', ''),
(1004, 'en', 'en_5390', 'en_4923', 'Oban', ''),
(1005, 'en', 'en_5390', 'en_16404', 'Perth', ''),
(1006, 'en', 'en_5390', 'en_4926', 'Plains', ''),
(1007, 'en', 'en_5390', 'en_5011', 'Prestwick', ''),
(1008, 'en', 'en_5390', 'en_5955', 'St Andrews', ''),
(1009, 'en', 'en_5390', 'en_5012', 'Stirling', ''),
(1010, 'en', 'en_5390', 'en_42386', 'Stranraer', ''),
(1011, 'en', 'en_5390', 'en_5956', 'Wick', ''),
(1012, 'en', 'en_5391', 'en_6471', 'Armagh', ''),
(1013, 'en', 'en_5391', 'en_12281', 'Ballymena', ''),
(1014, 'en', 'en_5391', 'en_4868', 'Belfast', ''),
(1015, 'en', 'en_5391', 'en_14065', 'Carrickfergus', ''),
(1016, 'en', 'en_5391', 'en_17468', 'Derry', ''),
(1017, 'en', 'en_5391', 'en_15518', 'Loughgall', ''),
(1018, 'en', 'en_5391', 'en_6474', 'Omagh', ''),
(1019, 'en', 'en_5391', 'en_17642', 'Portstewart', ''),
(1020, 'en', 'en_5391', 'en_14051', 'Stanmore', ''),
(1021, 'en', 'en_5391', 'en_42387', 'Whitehead', ''),
(1022, 'en', 'en_5392', 'en_15707', 'Aldershot', ''),
(1023, 'en', 'en_5392', 'en_18575', 'Alsagers Bank', ''),
(1024, 'en', 'en_5392', 'en_18682', 'Altrincham', ''),
(1025, 'en', 'en_5392', 'en_4863', 'Andover', ''),
(1026, 'en', 'en_5392', 'en_18945', 'Ascot', ''),
(1027, 'en', 'en_5392', 'en_4864', 'Ashby-de-la-Zouch', ''),
(1028, 'en', 'en_5392', 'en_4865', 'Ashford', ''),
(1029, 'en', 'en_5392', 'en_12985', 'Aylesbury', ''),
(1030, 'en', 'en_5392', 'en_14446', 'Banbury', ''),
(1031, 'en', 'en_5392', 'en_13631', 'Barking', ''),
(1032, 'en', 'en_5392', 'en_4866', 'Barnet', ''),
(1033, 'en', 'en_5392', 'en_17004', 'Barnsley', ''),
(1034, 'en', 'en_5392', 'en_16423', 'Barrow-in-Furness', ''),
(1035, 'en', 'en_5392', 'en_16254', 'Basildon', ''),
(1036, 'en', 'en_5392', 'en_12402', 'Basingstoke', ''),
(1037, 'en', 'en_5392', 'en_5826', 'Bath', ''),
(1038, 'en', 'en_5392', 'en_15082', 'Bedford', ''),
(1039, 'en', 'en_5392', 'en_4869', 'Belper', ''),
(1040, 'en', 'en_5392', 'en_13874', 'Benfleet', ''),
(1041, 'en', 'en_5392', 'en_5827', 'Benson', ''),
(1042, 'en', 'en_5392', 'en_15514', 'Berkhamsted', ''),
(1043, 'en', 'en_5392', 'en_4870', 'Berwick Upon Tweed', ''),
(1044, 'en', 'en_5392', 'en_18776', 'Bexley', ''),
(1045, 'en', 'en_5392', 'en_14530', 'Bicester', ''),
(1046, 'en', 'en_5392', 'en_4871', 'Billericay', ''),
(1047, 'en', 'en_5392', 'en_18436', 'Birkenhead', ''),
(1048, 'en', 'en_5392', 'en_4872', 'Birmingham', ''),
(1049, 'en', 'en_5392', 'en_14592', 'Blackburn', ''),
(1050, 'en', 'en_5392', 'en_14686', 'Blackpool', ''),
(1051, 'en', 'en_5392', 'en_12526', 'Bolton', ''),
(1052, 'en', 'en_5392', 'en_12480', 'Bournemouth', ''),
(1053, 'en', 'en_5392', 'en_13062', 'Bracknell', ''),
(1054, 'en', 'en_5392', 'en_18772', 'Bradford', ''),
(1055, 'en', 'en_5392', 'en_4875', 'Brentwood', ''),
(1056, 'en', 'en_5392', 'en_18820', 'Brighton', ''),
(1057, 'en', 'en_5392', 'en_14260', 'Bristol', ''),
(1058, 'en', 'en_5392', 'en_4876', 'Broomfield', ''),
(1059, 'en', 'en_5392', 'en_42004', 'Burgess Hill', ''),
(1060, 'en', 'en_5392', 'en_14654', 'Burnley', ''),
(1061, 'en', 'en_5392', 'en_4877', 'Burton Upon Tren', ''),
(1062, 'en', 'en_5392', 'en_13812', 'Bury', ''),
(1063, 'en', 'en_5392', 'en_15835', 'Bury St Edmunds', ''),
(1064, 'en', 'en_5392', 'en_16500', 'Camberley', ''),
(1065, 'en', 'en_5392', 'en_4878', 'Cambridge', ''),
(1066, 'en', 'en_5392', 'en_4879', 'Canterbury', ''),
(1067, 'en', 'en_5392', 'en_14443', 'Carlisle', ''),
(1068, 'en', 'en_5392', 'en_42384', 'Chalgrove', ''),
(1069, 'en', 'en_5392', 'en_5832', 'Chatham', ''),
(1070, 'en', 'en_5392', 'en_13641', 'Chelmsford', ''),
(1071, 'en', 'en_5392', 'en_4880', 'Cheltenham', ''),
(1072, 'en', 'en_5392', 'en_4881', 'Chester', ''),
(1073, 'en', 'en_5392', 'en_42879', 'Chesterfield', ''),
(1074, 'en', 'en_5392', 'en_12160', 'Chichester', ''),
(1075, 'en', 'en_5392', 'en_41768', 'Chorley', ''),
(1076, 'en', 'en_5392', 'en_14056', 'Church Stretton', ''),
(1077, 'en', 'en_5392', 'en_4884', 'Colchester', ''),
(1078, 'en', 'en_5392', 'en_16204', 'Congleton', ''),
(1079, 'en', 'en_5392', 'en_17534', 'Coniston', ''),
(1080, 'en', 'en_5392', 'en_42888', 'Corsham', ''),
(1081, 'en', 'en_5392', 'en_4885', 'Coventry', ''),
(1082, 'en', 'en_5392', 'en_13575', 'Crawley', ''),
(1083, 'en', 'en_5392', 'en_15410', 'Crewe', ''),
(1084, 'en', 'en_5392', 'en_13913', 'Croydon', ''),
(1085, 'en', 'en_5392', 'en_13711', 'Dartford', ''),
(1086, 'en', 'en_5392', 'en_4887', 'Dartmouth', ''),
(1087, 'en', 'en_5392', 'en_5833', 'Derby', ''),
(1088, 'en', 'en_5392', 'en_4889', 'Doncaster', ''),
(1089, 'en', 'en_5392', 'en_13696', 'Dorchester', ''),
(1090, 'en', 'en_5392', 'en_15377', 'Dorking', ''),
(1091, 'en', 'en_5392', 'en_5834', 'Dover', ''),
(1092, 'en', 'en_5392', 'en_16659', 'Dudley', ''),
(1093, 'en', 'en_5392', 'en_4892', 'Durham', ''),
(1094, 'en', 'en_5392', 'en_16058', 'East Molesey', ''),
(1095, 'en', 'en_5392', 'en_17521', 'East Preston', ''),
(1096, 'en', 'en_5392', 'en_12501', 'Eastbourne', ''),
(1097, 'en', 'en_5392', 'en_12374', 'Eastrea', ''),
(1098, 'en', 'en_5392', 'en_41763', 'Ellesmere', ''),
(1099, 'en', 'en_5392', 'en_12883', 'Ely', ''),
(1100, 'en', 'en_5392', 'en_16825', 'Enfield', ''),
(1101, 'en', 'en_5392', 'en_14510', 'Epsom', ''),
(1102, 'en', 'en_5392', 'en_5835', 'Exeter', ''),
(1103, 'en', 'en_5392', 'en_5836', 'Falmouth', ''),
(1104, 'en', 'en_5392', 'en_42388', 'Faringdon', ''),
(1105, 'en', 'en_5392', 'en_42034', 'Farmington', ''),
(1106, 'en', 'en_5392', 'en_14604', 'Farnham', ''),
(1107, 'en', 'en_5392', 'en_42347', 'Feltham', ''),
(1108, 'en', 'en_5392', 'en_12829', 'Fleet', ''),
(1109, 'en', 'en_5392', 'en_42315', 'Frosterley', ''),
(1110, 'en', 'en_5392', 'en_4896', 'Glastonbury', ''),
(1111, 'en', 'en_5392', 'en_12562', 'Gloucester', ''),
(1112, 'en', 'en_5392', 'en_15956', 'Gosport', ''),
(1113, 'en', 'en_5392', 'en_12626', 'Gravesend', ''),
(1114, 'en', 'en_5392', 'en_16057', 'Grays', ''),
(1115, 'en', 'en_5392', 'en_4899', 'Great Wilbraham', ''),
(1116, 'en', 'en_5392', 'en_12752', 'Grimsby', ''),
(1117, 'en', 'en_5392', 'en_11747', 'Guildford', ''),
(1118, 'en', 'en_5392', 'en_14506', 'Guilford', ''),
(1119, 'en', 'en_5392', 'en_11938', 'Halifax', ''),
(1120, 'en', 'en_5392', 'en_15553', 'Harlow', ''),
(1121, 'en', 'en_5392', 'en_41733', 'Harpenden', ''),
(1122, 'en', 'en_5392', 'en_14713', 'Harrow', ''),
(1123, 'en', 'en_5392', 'en_4902', 'Hartlepool', ''),
(1124, 'en', 'en_5392', 'en_18952', 'Haslemere', ''),
(1125, 'en', 'en_5392', 'en_13977', 'Hastings', ''),
(1126, 'en', 'en_5392', 'en_14917', 'Hatfield', ''),
(1127, 'en', 'en_5392', 'en_4903', 'Haverhill', ''),
(1128, 'en', 'en_5392', 'en_11776', 'Hemel Hempstead', ''),
(1129, 'en', 'en_5392', 'en_15302', 'Hereford', ''),
(1130, 'en', 'en_5392', 'en_14999', 'Hertford', ''),
(1131, 'en', 'en_5392', 'en_41893', 'Heston', ''),
(1132, 'en', 'en_5392', 'en_16056', 'Hexham', ''),
(1133, 'en', 'en_5392', 'en_13019', 'High Wycombe', ''),
(1134, 'en', 'en_5392', 'en_13643', 'Hoddesdon', ''),
(1135, 'en', 'en_5392', 'en_12420', 'Hornchurch', ''),
(1136, 'en', 'en_5392', 'en_14160', 'Horsham', ''),
(1137, 'en', 'en_5392', 'en_12108', 'Huddersfield', ''),
(1138, 'en', 'en_5392', 'en_5837', 'Hull End', ''),
(1139, 'en', 'en_5392', 'en_13296', 'Huntingdon', ''),
(1140, 'en', 'en_5392', 'en_14801', 'Hyde', ''),
(1141, 'en', 'en_5392', 'en_17707', 'Ilford', ''),
(1142, 'en', 'en_5392', 'en_5838', 'Ipswich', ''),
(1143, 'en', 'en_5392', 'en_4906', 'Keighley', ''),
(1144, 'en', 'en_5392', 'en_18628', 'Kendal', ''),
(1145, 'en', 'en_5392', 'en_17805', 'Kenilworth', ''),
(1146, 'en', 'en_5392', 'en_4909', 'Kettering', ''),
(1147, 'en', 'en_5392', 'en_18578', 'Kidsgrove', ''),
(1148, 'en', 'en_5392', 'en_4910', 'Kingston Upon Hull', ''),
(1149, 'en', 'en_5392', 'en_18257', 'Lakenheath', ''),
(1150, 'en', 'en_5392', 'en_13182', 'Lancaster', ''),
(1151, 'en', 'en_5392', 'en_4911', 'Laughton', ''),
(1152, 'en', 'en_5392', 'en_13488', 'Leamington', ''),
(1153, 'en', 'en_5392', 'en_18824', 'Leeds', ''),
(1154, 'en', 'en_5392', 'en_13135', 'Leek', ''),
(1155, 'en', 'en_5392', 'en_17849', 'Leicester', ''),
(1156, 'en', 'en_5392', 'en_17716', 'Leigh', ''),
(1157, 'en', 'en_5392', 'en_13387', 'Letchworth', ''),
(1158, 'en', 'en_5392', 'en_4912', 'Lewes', ''),
(1159, 'en', 'en_5392', 'en_41767', 'Leyland', ''),
(1160, 'en', 'en_5392', 'en_13546', 'Lichfield', ''),
(1161, 'en', 'en_5392', 'en_5840', 'Lincoln', ''),
(1162, 'en', 'en_5392', 'en_19039', 'Little Chalfont', ''),
(1163, 'en', 'en_5392', 'en_16778', 'Liverpool', ''),
(1164, 'en', 'en_5392', 'en_12008', 'London', ''),
(1165, 'en', 'en_5392', 'en_15035', 'Loughborough', ''),
(1166, 'en', 'en_5392', 'en_15011', 'Louth', ''),
(1167, 'en', 'en_5392', 'en_18492', 'Lowestoft', ''),
(1168, 'en', 'en_5392', 'en_14023', 'Luton', ''),
(1169, 'en', 'en_5392', 'en_12416', 'Maidenhead', ''),
(1170, 'en', 'en_5392', 'en_12230', 'Maidstone', ''),
(1171, 'en', 'en_5392', 'en_14722', 'Manchester', ''),
(1172, 'en', 'en_5392', 'en_4914', 'Mansfield', ''),
(1173, 'en', 'en_5392', 'en_4915', 'Margate', ''),
(1174, 'en', 'en_5392', 'en_4916', 'Marlborough', ''),
(1175, 'en', 'en_5392', 'en_17889', 'Marlow', ''),
(1176, 'en', 'en_5392', 'en_18870', 'Melborne', ''),
(1177, 'en', 'en_5392', 'en_16170', 'Melton Mowbray', ''),
(1178, 'en', 'en_5392', 'en_4917', 'Merton', ''),
(1179, 'en', 'en_5392', 'en_5844', 'Middlesbrough', ''),
(1180, 'en', 'en_5392', 'en_15181', 'Millom', ''),
(1181, 'en', 'en_5392', 'en_12315', 'Milton Keynes', ''),
(1182, 'en', 'en_5392', 'en_18574', 'Nantwich', ''),
(1183, 'en', 'en_5392', 'en_17097', 'Newbury', ''),
(1184, 'en', 'en_5392', 'en_4919', 'Newcastle Upon Tyne', ''),
(1185, 'en', 'en_5392', 'en_41682', 'Newquay', ''),
(1186, 'en', 'en_5392', 'en_13629', 'Northallerton', ''),
(1187, 'en', 'en_5392', 'en_4922', 'Northampton', ''),
(1188, 'en', 'en_5392', 'en_18577', 'Northwich', ''),
(1189, 'en', 'en_5392', 'en_42209', 'northwold', ''),
(1190, 'en', 'en_5392', 'en_15080', 'Norwich', ''),
(1191, 'en', 'en_5392', 'en_5847', 'Nottingham', ''),
(1192, 'en', 'en_5392', 'en_11975', 'Oldham', ''),
(1193, 'en', 'en_5392', 'en_17161', 'Oxford', ''),
(1194, 'en', 'en_5392', 'en_15422', 'Oxshott', ''),
(1195, 'en', 'en_5392', 'en_18627', 'Penrith', ''),
(1196, 'en', 'en_5392', 'en_4925', 'Penzance', ''),
(1197, 'en', 'en_5392', 'en_5848', 'Peterborough', ''),
(1198, 'en', 'en_5392', 'en_4927', 'Plymouth', ''),
(1199, 'en', 'en_5392', 'en_14208', 'Poole', ''),
(1200, 'en', 'en_5392', 'en_4928', 'Portsmouth', ''),
(1201, 'en', 'en_5392', 'en_41766', 'Preston', ''),
(1202, 'en', 'en_5392', 'en_18579', 'Radway Green', ''),
(1203, 'en', 'en_5392', 'en_42069', 'Ramsgate', ''),
(1204, 'en', 'en_5392', 'en_11775', 'Reading', ''),
(1205, 'en', 'en_5392', 'en_14706', 'Redditch', ''),
(1206, 'en', 'en_5392', 'en_16276', 'Ringwood', ''),
(1207, 'en', 'en_5392', 'en_15522', 'Ripon', ''),
(1208, 'en', 'en_5392', 'en_14673', 'Rochester', ''),
(1209, 'en', 'en_5392', 'en_15968', 'Romford', ''),
(1210, 'en', 'en_5392', 'en_41857', 'Rugby', ''),
(1211, 'en', 'en_5392', 'en_15289', 'Runcorn', ''),
(1212, 'en', 'en_5392', 'en_17520', 'Rustington', ''),
(1213, 'en', 'en_5392', 'en_14052', 'Saint Albans', ''),
(1214, 'en', 'en_5392', 'en_16462', 'Salford', ''),
(1215, 'en', 'en_5392', 'en_4931', 'Salisbury', ''),
(1216, 'en', 'en_5392', 'en_42295', 'Sandwich', ''),
(1217, 'en', 'en_5392', 'en_17690', 'Sandy', ''),
(1218, 'en', 'en_5392', 'en_4932', 'Scarborough', ''),
(1219, 'en', 'en_5392', 'en_13975', 'Seaford', ''),
(1220, 'en', 'en_5392', 'en_12003', 'Shaftesbury', ''),
(1221, 'en', 'en_5392', 'en_18891', 'Sheffield', ''),
(1222, 'en', 'en_5392', 'en_5850', 'Shrewsbury', ''),
(1223, 'en', 'en_5392', 'en_13178', 'Slough', ''),
(1224, 'en', 'en_5392', 'en_14708', 'Solihull', ''),
(1225, 'en', 'en_5392', 'en_4935', 'Southampton', ''),
(1226, 'en', 'en_5392', 'en_4936', 'Southborough', ''),
(1227, 'en', 'en_5392', 'en_14524', 'Southend-on-Sea', ''),
(1228, 'en', 'en_5392', 'en_13970', 'Southport', ''),
(1229, 'en', 'en_5392', 'en_42260', 'St Albans', ''),
(1230, 'en', 'en_5392', 'en_18576', 'St Helens', ''),
(1231, 'en', 'en_5392', 'en_16114', 'St Ives', ''),
(1232, 'en', 'en_5392', 'en_12717', 'Stafford', ''),
(1233, 'en', 'en_5392', 'en_41746', 'Staines', ''),
(1234, 'en', 'en_5392', 'en_16656', 'Stansted', ''),
(1235, 'en', 'en_5392', 'en_42032', 'Stevenage', ''),
(1236, 'en', 'en_5392', 'en_11801', 'Stockport', ''),
(1237, 'en', 'en_5392', 'en_14198', 'Stockton-on-Tees', ''),
(1238, 'en', 'en_5392', 'en_4937', 'Stoke On Trent', ''),
(1239, 'en', 'en_5392', 'en_4938', 'Stratford-Upon-Avon', ''),
(1240, 'en', 'en_5392', 'en_4939', 'Stroud', ''),
(1241, 'en', 'en_5392', 'en_18615', 'Sudbury', ''),
(1242, 'en', 'en_5392', 'en_11860', 'Sunderland', ''),
(1243, 'en', 'en_5392', 'en_16393', 'Sutton', ''),
(1244, 'en', 'en_5392', 'en_12853', 'Swindon', ''),
(1245, 'en', 'en_5392', 'en_4941', 'Taunton', ''),
(1246, 'en', 'en_5392', 'en_5851', 'Teeside', ''),
(1247, 'en', 'en_5392', 'en_13973', 'Telford', ''),
(1248, 'en', 'en_5392', 'en_4943', 'Truro', ''),
(1249, 'en', 'en_5392', 'en_17702', 'Virginia Water', ''),
(1250, 'en', 'en_5392', 'en_5852', 'Waddington', ''),
(1251, 'en', 'en_5392', 'en_12059', 'Wakefield', ''),
(1252, 'en', 'en_5392', 'en_4945', 'Wallingford', ''),
(1253, 'en', 'en_5392', 'en_4947', 'Wareham', ''),
(1254, 'en', 'en_5392', 'en_5853', 'Warrington', ''),
(1255, 'en', 'en_5392', 'en_4948', 'Warwick', ''),
(1256, 'en', 'en_5392', 'en_4949', 'Watford', ''),
(1257, 'en', 'en_5392', 'en_12009', 'Wellingborough', ''),
(1258, 'en', 'en_5392', 'en_12528', 'Wellington', ''),
(1259, 'en', 'en_5392', 'en_13366', 'Wells', ''),
(1260, 'en', 'en_5392', 'en_12530', 'Welwyn Garden City', ''),
(1261, 'en', 'en_5392', 'en_16785', 'Weston Under Lizard', ''),
(1262, 'en', 'en_5392', 'en_16334', 'Wetherby', ''),
(1263, 'en', 'en_5392', 'en_18171', 'Weymouth', ''),
(1264, 'en', 'en_5392', 'en_4950', 'Whitby', ''),
(1265, 'en', 'en_5392', 'en_13308', 'Whitehaven', ''),
(1266, 'en', 'en_5392', 'en_17581', 'Wilmslow', ''),
(1267, 'en', 'en_5392', 'en_5854', 'Wimbledon', ''),
(1268, 'en', 'en_5392', 'en_12524', 'Wimborne Minster', ''),
(1269, 'en', 'en_5392', 'en_12551', 'Winchester', ''),
(1270, 'en', 'en_5392', 'en_15946', 'Windsor', ''),
(1271, 'en', 'en_5392', 'en_18573', 'Winsford', ''),
(1272, 'en', 'en_5392', 'en_4952', 'Wisbech', ''),
(1273, 'en', 'en_5392', 'en_4953', 'Wisborough Green', ''),
(1274, 'en', 'en_5392', 'en_12982', 'Woking', ''),
(1275, 'en', 'en_5392', 'en_18769', 'Wokingham', ''),
(1276, 'en', 'en_5392', 'en_13287', 'Wolverhampton', ''),
(1277, 'en', 'en_5392', 'en_17904', 'Woodford', ''),
(1278, 'en', 'en_5392', 'en_18086', 'Woolavington', ''),
(1279, 'en', 'en_5392', 'en_11783', 'Worcester', ''),
(1280, 'en', 'en_5392', 'en_12128', 'Worthing', ''),
(1281, 'en', 'en_5392', 'en_13630', 'Yarm', ''),
(1282, 'en', 'en_5392', 'en_17015', 'Yeovil', ''),
(1283, 'en', 'en_5392', 'en_11824', 'York', '');

-- --------------------------------------------------------

--
-- 表的结构 `ci_sessions`
--

DROP TABLE IF EXISTS `ci_sessions`;
CREATE TABLE IF NOT EXISTS `ci_sessions` (
  `session_id` varchar(40) NOT NULL DEFAULT '0',
  `ip_address` varchar(16) NOT NULL DEFAULT '0',
  `user_agent` varchar(50) NOT NULL,
  `last_activity` int(10) unsigned NOT NULL DEFAULT '0',
  `user_data` text NOT NULL,
  `user_id` int(11) DEFAULT '0'
) ENGINE=MyISAM DEFAULT CHARSET=utf8;

--
-- 转存表中的数据 `ci_sessions`
--

INSERT INTO `ci_sessions` (`session_id`, `ip_address`, `user_agent`, `last_activity`, `user_data`, `user_id`) VALUES
('55fa13a78fb764966a31f62b48e680be', '58.62.104.108', 'Mozilla/5.0 (Windows NT 6.2; WOW64) AppleWebKit/53', 1419405353, 'a:13:{s:3:"uId";s:2:"85";s:13:"location_city";s:6:"广州";s:8:"language";s:7:"chinese";s:8:"hot_tags";a:0:{}s:6:"status";s:5:"LOGIN";s:4:"site";s:8:"MainSite";s:4:"dm53";i:1;s:4:"ds46";i:1;s:4:"dm54";i:1;s:7:"user_id";s:1:"1";s:6:"roleId";s:1:"1";s:8:"userCode";s:5:"admin";s:8:"nickname";s:6:"niniuw";}', 85),
('8afcfcca562ce1d64acfe0cd1cccd2fe', '180.153.206.20', 'Mozilla/4.0', 1419408232, '', 0),
('d7f0a11d71184ec5c312e83962702fef', '61.140.144.59', 'Mozilla/5.0 (Windows NT 6.3; WOW64) AppleWebKit/53', 1419424542, 'a:7:{s:3:"uId";s:1:"1";s:13:"location_city";s:6:"广州";s:8:"language";s:7:"chinese";s:8:"hot_tags";a:0:{}s:6:"status";s:5:"LOGIN";s:4:"site";s:7:"WebSite";s:4:"dm55";i:1;}', 1),
('2ba98904b2e928b45311ea712e6654ea', '180.153.206.32', 'Mozilla/4.0', 1419423271, '', 0);

-- --------------------------------------------------------

--
-- 表的结构 `consult`
--

DROP TABLE IF EXISTS `consult`;
CREATE TABLE IF NOT EXISTS `consult` (
`id` int(11) NOT NULL,
  `title` varchar(255) CHARACTER SET utf8 DEFAULT NULL,
  `question` varchar(255) CHARACTER SET utf8 DEFAULT NULL,
  `createdate` datetime DEFAULT NULL,
  `uID` int(11) DEFAULT NULL,
  `username` varchar(255) CHARACTER SET utf8 DEFAULT NULL,
  `answer` varchar(255) CHARACTER SET utf8 DEFAULT NULL,
  `answerdate` datetime DEFAULT NULL,
  `answeruId` int(11) DEFAULT NULL,
  `answeruser` varchar(255) CHARACTER SET utf8 DEFAULT NULL
) ENGINE=InnoDB  DEFAULT CHARSET=latin1 AUTO_INCREMENT=8 ;

--
-- 转存表中的数据 `consult`
--

INSERT INTO `consult` (`id`, `title`, `question`, `createdate`, `uID`, `username`, `answer`, `answerdate`, `answeruId`, `answeruser`) VALUES
(1, '国内运动服装和休闲服装买哪个品牌的性价比高？', '国内运动服装和休闲服装买哪个品牌的性价比高？', '2014-05-24 08:34:57', 1, 'test', '国内运动服装和休闲服装买哪个品牌的性价比高？', '2014-05-24 08:41:34', 76, 'heeh'),
(2, '国内运动服装和休闲服装买哪个品牌的性价比高？', '国内运动服装和休闲服装买哪个品牌的性价比高？', '2014-05-24 08:34:57', 1, 'test', '国内运动服装和休闲服装买哪个品牌的性价比高？', '2014-05-24 08:41:34', 76, 'heeh'),
(3, '国内运动服装和休闲服装买哪个品牌的性价比高？', '国内运动服装和休闲服装买哪个品牌的性价比高？', '2014-05-24 08:34:57', 1, 'test', '国内运动服装和休闲服装买哪个品牌的性价比高？', '2014-05-24 08:41:34', 76, 'heeh'),
(4, '国内运动服装和休闲服装买哪个品牌的性价比高？', '国内运动服装和休闲服装买哪个品牌的性价比高？', '2014-05-24 08:34:57', 1, 'test', '国内运动服装和休闲服装买哪个品牌的性价比高？', '2014-05-24 08:41:34', 76, 'heeh'),
(5, '国内运动服装和休闲服装买哪个品牌的性价比高？', '国内运动服装和休闲服装买哪个品牌的性价比高？', '2014-05-24 08:34:57', 1, 'test', '国内运动服装和休闲服装买哪个品牌的性价比高？', '2014-05-24 08:41:34', 76, 'heeh'),
(6, '国内运动服装和休闲服装买哪个品牌的性价比高？', '国内运动服装和休闲服装买哪个品牌的性价比高？', '2014-05-24 08:34:57', 1, 'test', '国内运动服装和休闲服装买哪个品牌的性价比高？', '2014-05-24 08:41:34', 76, 'heeh'),
(7, '国内运动服装和休闲服装买哪个品牌的性价比高？', '国内运动服装和休闲服装买哪个品牌的性价比高？', '2014-05-24 08:34:57', 1, 'test', '国内运动服装和休闲服装买哪个品牌的性价比高？', '2014-05-24 08:41:34', 76, 'heeh');

-- --------------------------------------------------------

--
-- 表的结构 `demand`
--

DROP TABLE IF EXISTS `demand`;
CREATE TABLE IF NOT EXISTS `demand` (
`id` int(11) NOT NULL,
  `uId` int(11) DEFAULT NULL,
  `username` varchar(255) CHARACTER SET utf8 DEFAULT NULL,
  `title` varchar(255) CHARACTER SET utf8 DEFAULT NULL,
  `type` varchar(50) CHARACTER SET utf8 DEFAULT NULL,
  `strength` float(4,2) DEFAULT NULL,
  `sporttime` float(4,2) DEFAULT NULL,
  `weather` varchar(255) CHARACTER SET utf8 DEFAULT NULL,
  `temperature` tinyint(4) DEFAULT NULL,
  `humidity` tinyint(4) DEFAULT NULL,
  `target` varchar(255) CHARACTER SET utf8 DEFAULT NULL,
  `proficiency` tinyint(4) DEFAULT NULL,
  `age` tinyint(4) DEFAULT NULL,
  `weight` int(11) DEFAULT NULL,
  `createdate` datetime DEFAULT NULL,
  `designnum` int(11) DEFAULT '0',
  `viewnum` int(11) DEFAULT '0',
  `messnum` int(11) DEFAULT '0',
  `status` tinyint(4) DEFAULT '0'
) ENGINE=InnoDB  DEFAULT CHARSET=latin1 AUTO_INCREMENT=56 ;

--
-- 转存表中的数据 `demand`
--

INSERT INTO `demand` (`id`, `uId`, `username`, `title`, `type`, `strength`, `sporttime`, `weather`, `temperature`, `humidity`, `target`, `proficiency`, `age`, `weight`, `createdate`, `designnum`, `viewnum`, `messnum`, `status`) VALUES
(1, 1, NULL, '跑步热吧 热', '跑步', 5.00, 2.00, '晴天', 20, 20, '男', 10, 0, NULL, '2014-05-22 05:13:54', 0, 0, 0, 0),
(2, 1, NULL, '跑步热吧 热', '跑步', 5.00, 2.00, '晴天', 20, 20, '男', 5, 0, NULL, '2014-05-22 05:16:16', 0, 0, 0, 0),
(6, 1, NULL, '阿道夫', '跑步', 5.00, 2.00, '晴天', 20, 20, '男', 5, 0, NULL, '2014-05-22 06:37:34', 0, 0, 0, 0),
(7, 1, NULL, '的说法', '跑步', 5.00, 2.00, '晴天', 20, 20, '男', 5, 0, NULL, '2014-05-22 06:41:59', 0, 0, 0, 0),
(8, 1, NULL, '建军节建军节', '跑步', 5.00, 2.00, '晴天', 20, 20, '男', 5, 0, NULL, '2014-05-22 06:42:40', 0, 0, 0, 0),
(9, 1, NULL, '将啦啦啦', '跑步', 9.00, 19.00, '晴天', 20, 20, '男', 5, 0, NULL, '2014-05-22 06:43:17', 0, 0, 0, 0),
(10, 1, NULL, '为鹅鹅鹅我', '跑步', 5.00, 18.00, '晴天', 20, 20, '男', 6, 0, NULL, '2014-05-22 06:43:51', 0, 0, 0, 0),
(11, 1, NULL, '阿萨德', '足球', 5.00, 2.00, '晴天', 20, 20, '男', 5, 0, NULL, '2014-05-22 15:52:22', 0, 0, 0, 0),
(12, 1, NULL, '阿萨德3', '篮球', 5.00, 15.00, '晴天', 20, 20, '男', 5, 0, 0, '2014-05-22 16:03:21', 0, 0, 0, 0),
(13, 1, NULL, '阿萨德3', '篮球', 5.00, 2.00, '晴天', 20, 20, '男', 5, 0, 0, '2014-05-22 16:04:25', 0, 0, 0, 0),
(14, 1, NULL, '阿萨德3', '篮球', 5.00, 2.00, '晴天', 20, 20, '男', 5, NULL, 0, '2014-05-22 16:05:24', 0, 0, 0, 0),
(15, 1, NULL, '阿萨德3', '篮球', 5.00, 2.00, '晴天', 20, 20, '男', 5, 0, 0, '2014-05-22 16:06:08', 0, 0, 0, 0),
(16, 1, NULL, '阿萨德3', '篮球', 5.00, 2.00, '晴天', 20, 20, '男', 5, NULL, 0, '2014-05-22 16:07:01', 0, 0, 0, 0),
(17, 1, NULL, '阿萨德323', '篮球', 5.00, 2.00, '晴天', 20, 20, '男', 5, 0, 0, '2014-05-22 16:07:31', 0, 0, 0, 0),
(18, 1, NULL, '阿萨德323恩恩', '篮球', 5.00, 2.00, '晴天', 20, 20, '男', 5, 0, 0, '2014-05-22 16:07:50', 0, 0, 0, 0),
(19, 1, NULL, '小孩子i ', '骑车', 5.00, 13.00, '多云', 20, 20, '男', 3, 0, 0, '2014-05-22 16:30:14', 0, 0, 0, 0),
(20, 1, NULL, '踢足球锻炼身体', '足球', 10.00, 12.00, '多云', 11, 49, '男', 9, 0, 0, '2014-05-23 12:02:22', 0, 0, 0, 0),
(21, 1, 'test', '我喜欢打篮球', '篮球', 3.00, 7.00, '小雨', 9, 55, '男', 3, 0, 0, '2014-05-23 13:10:03', 0, 0, 0, 0),
(22, 1, 'test', '看看天气', '户外山地运动', 5.00, 2.00, '下雪', 20, 20, '男', 5, 0, 0, '2014-05-27 15:36:14', 0, 1, 0, 1),
(23, 1, 'test', '轮滑轮滑', '轮滑运动', 3.00, 7.00, '阴天', 5, 20, '男', 2, 0, 0, '2014-05-27 15:36:51', 0, 0, 0, 1),
(24, 1, 'test', '试试吧', '跑步', 5.00, 2.00, '晴天', 20, 20, '男', 5, 0, 0, '2014-07-03 21:35:30', 2, 0, 0, 0),
(25, 1, 'test', 'OK', '跑步', 1.00, 1.00, '晴天', 20, 20, '男', 35, 0, 0, '2014-07-14 00:47:50', 0, 0, 0, 0),
(26, 1, 'test', '扭扭捏捏', '跑步', 1.00, 1.00, '晴天', 20, 20, '男', 35, 30, 60, '2014-07-14 00:50:40', 0, 0, 0, 0),
(27, 1, 'test', '仔仔', '跑步', 1.30, 0.70, '晴天', 20, 20, '男', 50, 33, 74, '2014-07-14 01:00:15', 0, 0, 7, 0),
(28, 1, 'test', '仔仔', '跑步', 1.30, 1.30, '晴天', 20, 20, '男', 50, 37, 102, '2014-07-14 01:01:11', 9, 1, 24, 1),
(29, 1, 'test', '新洗洗脑', '户外山地运动', 2.00, 1.00, '阴天', 22, 43, '男', 5, 27, 68, '2014-11-26 16:45:39', 0, 0, 0, 0),
(30, 1, 'test', '新洗洗脑', '户外山地运动', 2.00, 1.00, '阴天', 20, 36, '男', 4, 29, 71, '2014-11-26 16:48:42', 0, 1, 0, 1),
(31, 1, 'test', '嗯嗯呃', '跑步', 4.00, 1.00, '晴天', 24, 51, '男', 9, 45, 70, '2014-11-26 16:50:29', 3, 9, 3, 1),
(32, 1, 'test', '哇呜呜呜呜呜呜', '跑步', 0.00, 0.00, '晴天', 0, 0, '男', 0, 0, 20, '2014-11-26 17:38:11', 0, 0, 0, 0),
(33, 1, 'test', '好吧', '跑步', 3.00, 1.00, '晴天', 22, 46, '男', 5, 36, 87, '2014-11-26 22:08:40', 0, 0, 0, 0),
(34, 1, 'test', '0', '跑步', 2.00, 1.00, '下雪', 0, 0, '女', 4, 0, 20, '2014-12-07 23:13:05', 2, 0, 0, 0),
(35, 0, '', '0', '跑步', 0.00, 0.00, '晴天', -20, 0, '男', 0, 8, 20, '2014-12-08 20:25:10', 0, 1, 0, 0),
(36, 0, '', '0', '跑步', 0.00, 0.00, '晴天', -20, 0, '男', 0, 8, 20, '2014-12-08 20:25:21', 0, 1, 0, 0),
(37, 1, 'test', '0', '跑步', 0.00, 0.00, '晴天', -20, 0, '男', 0, 8, 20, '2014-12-08 20:39:59', 0, 0, 0, 0),
(38, 1, 'test', '0', '跑步', 0.00, 0.00, '晴天', -20, 0, '男', 0, 8, 20, '2014-12-08 20:40:10', 0, 2, 0, 1),
(39, 1, 'test', '这个一个测试需求', '跑步', 1.00, 1.00, '晴天', 26, 73, '男', 2, 21, 71, '2014-12-09 10:21:26', 0, 1, 0, 0),
(40, 1, 'test', '0', '跑步', 0.00, 0.00, '晴天', 18, 53, '女', 0, 8, 20, '2014-12-09 23:43:37', 0, 0, 0, 0),
(41, 1, 'test', 'Burley的需求', '跑步', 3.00, 1.00, '刮风', 21, 67, '男', 3, 40, 74, '2014-12-10 10:19:06', 1, 1, 0, 0),
(42, 1, 'test', '要求漂亮<BR/>颜色不要太艳', '健身运动', 0.00, 0.00, '下雨', -20, 0, '男', 4, 40, 73, '2014-12-10 15:08:00', 0, 1, 0, 0),
(43, 1, 'test', '0', '健身运动', 3.00, 1.00, '晴天', 19, 52, '男', 7, 50, 105, '2014-12-10 22:33:32', 0, 1, 0, 0),
(44, 1, 'test', 'Burley 2014-12-11的测试', '健身运动', 2.00, 1.00, '下雨', 4, 34, '女', 0, 8, 20, '2014-12-11 10:06:04', 2, 10, 3, 0),
(45, 85, '376654749', '测试测试测试测试测试测试测试测试测试测试测试测试测试测试测试', '跑步', 5.00, 1.25, '晴天', 19, 48, '男', 7, 24, 63, '2014-12-11 14:53:13', 0, 2, 0, 0),
(46, 85, '376654749', '测试测试测试测试', '游泳', 3.00, 1.00, '晴天', 11, 49, '男', 5, 37, 81, '2014-12-11 15:19:25', 0, 3, 0, 0),
(47, 1, 'test', '没有补充', '跑步', 2.00, 60.00, '晴天', 20, 72, '男', 3, 30, 65, '2014-12-14 22:38:33', 2, 14, 1, 1),
(48, 1, 'test', '没有了， 测试', '跑步', 2.00, 60.00, '晴天', 20, 15, '男', 3, 30, 65, '2014-12-16 12:16:33', 1, 2, 0, 0),
(49, 1, 'test', '测试需求发布KKK', '户外山地运动', 2.00, 60.00, '晴天', 20, 15, '男', 3, 30, 65, '2014-12-16 21:57:51', 0, 0, 0, 0),
(50, 76, 'heeh', '空间', '足球', 2.00, 60.00, '阴天', 20, 15, '男', 3, 30, 65, '2014-12-20 16:54:43', 0, 1, 1, 0),
(51, 85, '376654749', '7764576576576', '水上运动', 4.00, 60.00, '晴天', 20, 15, '男', 3, 30, 65, '2014-12-22 15:05:05', 1, 2, 0, 0),
(52, 85, '376654749', '312', '狩猎运动', 5.00, 60.00, '阴天', 20, 60, '男', 3, 30, 65, '2014-12-23 13:50:12', 0, 2, 0, 0),
(53, 85, '376654749', '312312', '跑步', 4.00, 60.00, '晴天', 20, 15, '男', 3, 30, 65, '2014-12-24 14:28:43', 1, 1, 0, 0),
(54, 85, '376654749', '13123', '排球', 2.00, 60.00, '晴天', 20, 15, '男', 3, 30, 65, '2014-12-24 15:09:30', 0, 1, 0, 0),
(55, 1, 'test', '非常有个性的跑步服', '跑步', 2.00, 60.00, '晴天', 20, 15, '男', 3, 30, 65, '2014-12-24 20:16:04', 0, 1, 0, 0);

-- --------------------------------------------------------

--
-- 表的结构 `design`
--

DROP TABLE IF EXISTS `design`;
CREATE TABLE IF NOT EXISTS `design` (
`id` int(11) NOT NULL,
  `uId` int(11) DEFAULT NULL,
  `username` varchar(16) CHARACTER SET utf8 DEFAULT NULL,
  `title` varchar(255) CHARACTER SET utf8 DEFAULT NULL,
  `demand_id` int(11) DEFAULT NULL,
  `simulation` varchar(255) CHARACTER SET utf8 DEFAULT NULL,
  `createdate` datetime DEFAULT NULL,
  `viewnum` int(11) DEFAULT '0',
  `messnum` int(11) DEFAULT '0',
  `ordernum` int(11) DEFAULT '0',
  `status` tinyint(4) DEFAULT '0',
  `selecttemp` int(11) DEFAULT NULL,
  `fabric` int(11) DEFAULT '0',
  `type` varchar(16) CHARACTER SET utf8 DEFAULT '上衣',
  `description` varchar(255) CHARACTER SET utf8 DEFAULT NULL,
  `design_pic` varchar(255) CHARACTER SET utf8 DEFAULT NULL,
  `effect_pic` varchar(255) CHARACTER SET utf8 DEFAULT NULL,
  `price` float(4,2) DEFAULT '0.00'
) ENGINE=InnoDB  DEFAULT CHARSET=latin1 AUTO_INCREMENT=47 ;

--
-- 转存表中的数据 `design`
--

INSERT INTO `design` (`id`, `uId`, `username`, `title`, `demand_id`, `simulation`, `createdate`, `viewnum`, `messnum`, `ordernum`, `status`, `selecttemp`, `fabric`, `type`, `description`, `design_pic`, `effect_pic`, `price`) VALUES
(1, 1, 'test', '我的设计我的设计', 1, '对对', '2014-05-24 11:19:38', 1, 1, 0, 0, 0, 0, '上衣', NULL, NULL, NULL, 0.00),
(2, 1, 'test', '我的设计我的设计', 1, '对对', '2014-05-24 11:19:38', 1, 1, 0, 0, 0, 0, '上衣', NULL, NULL, NULL, 0.00),
(3, 1, 'test', '我的设计我的设计', 1, '对对', '2014-05-24 11:19:38', 1, 1, 0, 0, 0, 0, '上衣', NULL, NULL, NULL, 0.00),
(4, 1, 'test', '我的设计我的设计', 1, '对对', '2014-05-24 11:19:38', 1, 1, 0, 0, 0, 0, '上衣', NULL, NULL, NULL, 0.00),
(5, 1, 'test', '我的设计我的设计', 1, '对对', '2014-05-24 11:19:38', 1, 1, 0, 0, 0, 0, '上衣', NULL, NULL, NULL, 0.00),
(6, 1, 'test', '我的设计我的设计', 1, '对对', '2014-05-24 11:19:38', 1, 1, 0, 0, 0, 0, '上衣', NULL, NULL, NULL, 0.00),
(7, 1, 'test', '我的设计我的设计', 1, '对对', '2014-05-24 11:19:38', 1, 1, 0, 0, 0, 0, '上衣', NULL, NULL, NULL, 0.00),
(8, 1, 'test', '我的设计我的设计', 1, '对对', '2014-05-24 11:19:38', 1, 1, 0, 0, 0, 0, '上衣', NULL, NULL, NULL, 0.00),
(9, 1, 'test', '设计不错啊', 16, NULL, '2014-06-07 12:30:22', 0, 0, 0, 0, 0, 0, '上衣', NULL, NULL, NULL, 0.00),
(10, 1, 'test', '设计不错啊', 16, NULL, '2014-06-07 12:30:38', 0, 0, 0, 0, 0, 0, '上衣', NULL, NULL, NULL, 0.00),
(11, 1, 'test', '设计不错啊', 16, NULL, '2014-06-07 12:32:00', 0, 0, 0, 0, 0, 0, '上衣', NULL, NULL, NULL, 0.00),
(12, 1, 'test', '设计设计设计', 16, NULL, '2014-06-07 13:45:42', 0, 0, 0, 0, 0, 0, '上衣', NULL, NULL, NULL, 0.00),
(13, 1, 'test', '啊啊啊', 16, NULL, '2014-06-08 06:04:59', 0, 0, 0, 0, 2, 0, '上衣', NULL, NULL, NULL, 0.00),
(14, 1, 'test', '好设计', 16, NULL, '2014-06-08 07:50:34', 0, 0, 0, 0, 2, 0, '上衣', NULL, NULL, NULL, 0.00),
(15, 1, 'test', '好设计', 16, NULL, '2014-06-08 07:51:25', 0, 0, 0, 0, 2, 0, '上衣', NULL, NULL, NULL, 0.00),
(16, 1, 'test', '不错', 16, NULL, '2014-06-08 07:52:55', 0, 0, 0, 1, 2, 0, '上衣', NULL, NULL, NULL, 0.00),
(17, 1, 'test', '不错', 16, NULL, '2014-06-08 07:52:55', 0, 0, 0, 0, 2, 0, '上衣', NULL, NULL, NULL, 0.00),
(18, 1, 'test', '不错', 16, NULL, '2014-06-08 07:53:57', 0, 0, 0, 1, 2, 0, '上衣', NULL, NULL, NULL, 0.00),
(19, 1, 'test', '好的啊', 14, NULL, '2014-07-04 10:45:07', 0, 0, 0, 0, 2, 0, '上衣', NULL, NULL, NULL, 0.00),
(20, 1, 'test', '得得得得得得', 24, NULL, '2014-07-04 11:41:44', 0, 0, 0, 1, 0, 0, '上衣', NULL, NULL, NULL, 0.00),
(21, 1, 'test', '哐哐哐', 24, NULL, '2014-07-04 11:44:18', 0, 0, 0, 0, 0, 0, '上衣', NULL, NULL, NULL, 0.00),
(22, 1, 'test', '了啦啦啦啦啦', 24, NULL, '2014-07-04 11:46:41', 0, 0, 0, 0, 0, 0, '上衣', NULL, NULL, NULL, 0.00),
(23, 1, 'test', '嗯嗯呃', 24, NULL, '2014-07-04 11:57:53', 0, 0, 0, 0, 0, 1001, '上衣', NULL, NULL, NULL, 0.00),
(24, 1, 'test', '反反复复', 24, NULL, '2014-07-04 11:58:47', 0, 0, 0, 0, 0, 1001, '上衣', NULL, NULL, NULL, 0.00),
(25, 1, 'test', '啦啦啦啦', 28, NULL, '2014-07-18 09:44:45', 0, 0, 0, 1, 0, 1001, '上衣', NULL, NULL, NULL, 0.00),
(26, 77, 'test123', '芳芳', 28, NULL, '2014-11-10 04:48:46', 0, 0, 0, 0, 0, 0, '上衣', NULL, NULL, NULL, 0.00),
(27, 77, 'test123', '0', 28, NULL, '2014-11-10 04:49:34', 0, 0, 0, 0, 0, 0, '上衣', NULL, NULL, NULL, 0.00),
(28, 77, 'test123', '好好好好', 28, NULL, '2014-11-10 04:57:11', 0, 0, 0, 0, 0, 0, '上衣', NULL, NULL, NULL, 0.00),
(29, 77, 'test123', '牛牛牛', 28, NULL, '2014-11-10 04:58:13', 0, 0, 0, 0, 0, 0, '上衣', NULL, NULL, NULL, 0.00),
(30, 77, 'test123', '八佰伴八佰伴', 28, NULL, '2014-11-10 05:07:11', 0, 0, 0, 0, 0, 0, '上衣', NULL, NULL, NULL, 0.00),
(31, 77, 'test123', '呃呃呃呃呃呃呃呃呃呃呃呃', 28, NULL, '2014-11-10 05:30:12', 0, 0, 0, 0, 0, 1002, '上衣', NULL, NULL, NULL, 0.00),
(32, 77, 'test123', '呃呃呃呃呃呃呃呃呃呃呃呃', 28, NULL, '2014-11-10 05:30:13', 0, 0, 0, 0, 0, 1002, '上衣', NULL, NULL, NULL, 0.00),
(33, 77, 'test123', '啊啊啊啊啊啊啊', 28, NULL, '2014-11-10 05:31:07', 0, 0, 0, 1, 0, 1002, '上衣', NULL, NULL, NULL, 0.00),
(34, 1, 'test', '运动T恤', 31, NULL, '2014-12-03 14:06:55', 0, 0, 0, 1, NULL, 1002, '上衣', '试试看', '1.jpg', 'sjlc_yifu.png', 0.00),
(35, 1, 'test', '运动T恤', 31, NULL, '2014-12-03 14:10:18', 0, 0, 0, 1, NULL, 1002, '上衣', '试试看', '1.jpg', 'sjlc_yifu.png', 0.00),
(36, 1, 'test', '0', 34, NULL, '2014-12-07 16:22:28', 1, 0, 0, 1, NULL, 1002, '上衣', '0', '0', '0', 0.00),
(37, 1, 'test', '0', 34, NULL, '2014-12-07 16:31:06', 1, 0, 0, 1, NULL, 1002, '上衣', '0', '0', '0', 0.00),
(38, 76, 'heeh', 'heeh的设计', 31, NULL, '2014-12-08 14:25:12', 10, 1, 0, 1, NULL, 1002, '上衣', 'heeh的设计，感受一下', 'bluebrain-neuron.jpg', 'Star-Trek-gallery-ships-0002.jpg', 0.00),
(39, 1, 'test', '0', 41, NULL, '2014-12-10 03:20:33', 2, 0, 0, 1, NULL, 1002, '上衣', 'Burley 设计', '0', '0', 0.00),
(40, 0, '', 'heeh对 test的 Burley-2014012-11的需求设计 ', 44, NULL, '2014-12-11 03:47:33', 6, 1, 0, 1, NULL, 1002, '上衣', '丝绸显得更为好看， 也许不太舒服', 'bluebrain-neuron.jpg', '969621_012606099_2.jpg', 0.00),
(41, 77, 'test123', 'test123对test的 Burley-2014-1210的需求设计 ', 44, NULL, '2014-12-11 04:21:13', 1, 0, 0, 0, NULL, 1002, '裤子', '棉布当然更舒服了', '612edf3ajw1e9cwovn1hoj2064064q31.jpg', 'bluebrain-neuron.jpg', 0.00),
(42, 1, 'test', 'test的test测试', 48, NULL, '2014-12-16 05:18:29', 2, 1, 0, 1, NULL, 1002, '裤子', 'test的test设计测试', '854e06bdeaed1e2a556549c88db2cc45.jpg', '945cd80d184b940c1faf011a286beacf.jpg', 0.00),
(43, 1, 'test', '测试设计KKK', 47, NULL, '2014-12-16 14:49:54', 2, 0, 0, 1, NULL, 1002, '上衣', '这个我的一个测试设计', 'caef0c1493d52ed4ce6ea18baae0958e.jpg', '57a268565cb3ca8805e1e77e27085bc5.jpg', 0.00),
(44, 1, 'test', 'FAO翻6', 47, NULL, '2014-12-20 13:39:38', 4, 0, 0, 1, NULL, 1003, '上衣', '我的设计', '6ebcb856bdaba43a13dc2a1593ddb064.png', '6c3a7fae60a92c6423c130858b4d9c57.png', 0.00),
(45, 85, '376654749', '321321', 51, NULL, '2014-12-22 08:19:26', 2, 0, 0, 0, NULL, 1006, '裤子', '312312312', 'b02c80b541bcd3f7a518c8ce0cd0d6a4.jpg', '7a6b4223dc55402dfb71454f0cfcb079.jpg', 0.00),
(46, 85, '376654749', '564636', 53, NULL, '2014-12-24 07:39:01', 1, 0, 0, 1, NULL, 1004, '裤子', 'w12121231', '20245a307e34607ad80097ac1fcedcd0.jpg', 'd418230b49bcbd78b917fb6d31508cd6.jpg', 0.00);

-- --------------------------------------------------------

--
-- 表的结构 `design_pic`
--

DROP TABLE IF EXISTS `design_pic`;
CREATE TABLE IF NOT EXISTS `design_pic` (
`id` int(11) NOT NULL,
  `design_id` int(11) DEFAULT NULL,
  `name` varchar(255) CHARACTER SET utf8 DEFAULT NULL,
  `pic_url` varchar(255) CHARACTER SET utf8 DEFAULT NULL,
  `fabric` int(11) DEFAULT NULL,
  `createdate` datetime DEFAULT NULL
) ENGINE=InnoDB  DEFAULT CHARSET=latin1 AUTO_INCREMENT=19 ;

--
-- 转存表中的数据 `design_pic`
--

INSERT INTO `design_pic` (`id`, `design_id`, `name`, `pic_url`, `fabric`, `createdate`) VALUES
(1, 14, NULL, 'QQ20140606144438.png', NULL, '2014-06-08 07:50:34'),
(2, 15, NULL, 'QQ20140606144438.png', NULL, '2014-06-08 07:51:25'),
(3, 16, NULL, 'QQ20140606144438.png', NULL, '2014-06-08 07:52:55'),
(4, 17, NULL, 'QQ20140606144438.png', NULL, '2014-06-08 07:52:55'),
(5, 34, '??', 'http://localhost/TIT/upload/user_photo/temp/sjlc_yifu_01.png', 1, '2014-12-03 14:06:56'),
(6, 34, '????', 'http://localhost/TIT/upload/user_photo/temp/sjlc_yifu_02.png', 7, '2014-12-03 14:06:56'),
(7, 34, '??', 'http://localhost/TIT/upload/user_photo/temp/sjlc_yifu_03.png', 3, '2014-12-03 14:06:56'),
(8, 34, '????', 'http://localhost/TIT/upload/user_photo/temp/sjlc_yifu_04.png', 7, '2014-12-03 14:06:56'),
(9, 35, '衣领', 'http://localhost/TIT/upload/user_photo/temp/sjlc_yifu_01.png', 1, '2014-12-03 14:10:18'),
(10, 35, '上半部分', 'http://localhost/TIT/upload/user_photo/temp/sjlc_yifu_02.png', 7, '2014-12-03 14:10:18'),
(11, 38, 'corbus', 'http://58.42.228.230:9001/TIT/upload/user_photo/temp/Ouroborus-Cosmic-Magnitudes.jpg', 1, '2014-12-08 14:25:12'),
(12, 40, '兔子', 'http://58.42.228.230:9001/TIT/upload/user_photo/temp/165053204.jpg', 0, '2014-12-11 03:47:33'),
(13, 41, '反切', 'http://58.42.228.230:9001/TIT/upload/user_photo/temp/mmexport1376569148530.jpg', 0, '2014-12-11 04:21:13'),
(14, 41, '截图', 'http://58.42.228.230:9001/TIT/upload/user_photo/temp/S40521-054942.jpg', 0, '2014-12-11 04:21:13'),
(15, 42, '猴子', 'http://58.42.228.230:9001/TIT/upload/user_photo/temp/fb4103349d5587ae7f15c6ab0bd9c3b7.jpg', 0, '2014-12-16 05:18:29'),
(16, 45, '1232131', 'http://58.42.228.230:9001/TIT/upload/user_photo/temp/<', 0, '2014-12-22 08:19:26'),
(17, 45, '321312', 'http://58.42.228.230:9001/TIT/upload/user_photo/temp/<', 0, '2014-12-22 08:19:26'),
(18, 46, '312', 'http://58.42.228.230:9001/TIT/upload/user_photo/temp/8129fae0b4e6511f1fe8661b0d1e66aa.jpg', 0, '2014-12-24 07:39:01');

-- --------------------------------------------------------

--
-- 表的结构 `fabric`
--

DROP TABLE IF EXISTS `fabric`;
CREATE TABLE IF NOT EXISTS `fabric` (
  `fabricId` int(50) NOT NULL COMMENT '标识',
  `fabricName` varchar(200) DEFAULT NULL COMMENT '名称',
  `vendorId` int(50) DEFAULT NULL COMMENT '生产厂家',
  `fabricVendorProductNo` varchar(200) DEFAULT NULL COMMENT '厂家产品编号',
  `fabricStruct` varchar(200) DEFAULT NULL COMMENT '结构类型',
  `fabricWeight` double(10,4) DEFAULT NULL COMMENT '面密度',
  `fabricThick` double(10,4) DEFAULT NULL COMMENT '厚度',
  `fabricWVP` double(10,4) DEFAULT NULL COMMENT '水蒸气透过率',
  `fabricThemalCon` double(10,4) DEFAULT NULL COMMENT '热传导率',
  `fabricFigure` varchar(200) DEFAULT NULL COMMENT '面料图片',
  `fabricFigure_thumb` varchar(200) DEFAULT NULL COMMENT '面料图片缩略图',
  `fabricMMT` varchar(200) DEFAULT NULL COMMENT '动态传湿管理',
  `waterProof` varchar(50) DEFAULT NULL COMMENT '防水',
  `moisturePermeability` varchar(50) DEFAULT NULL COMMENT '透湿',
  `thermalRessistance` varchar(50) DEFAULT NULL COMMENT '保暖',
  `waterAbsorption` varchar(50) DEFAULT NULL COMMENT '吸水',
  `waterDiverte` varchar(50) DEFAULT NULL COMMENT '导水',
  `heterothermy` varchar(50) DEFAULT NULL COMMENT '变温',
  `fabricFunctionNote` text COMMENT '面料功能-备注',
  `FabricTorGas` double(10,4) DEFAULT NULL COMMENT '气态水扩散曲度',
  `FabricTorLqd` double(10,4) DEFAULT NULL COMMENT '液态水扩散曲度',
  `fabricPorosity` double(10,4) DEFAULT NULL COMMENT '孔隙率',
  `diaCapillary` double(10,4) DEFAULT NULL COMMENT '最大毛细直径',
  `fabricCapillaryAngle` double(10,4) DEFAULT NULL COMMENT '毛细倾斜角',
  `WarpTensileModulus` double(10,4) DEFAULT NULL COMMENT '径向拉伸模量',
  `WeftTensileModulus` double(10,4) DEFAULT NULL COMMENT '维向拉伸模量',
  `WarpBendRigidity` double(10,4) DEFAULT NULL COMMENT '径向弯曲模量',
  `WeftBendRigidity` double(10,4) DEFAULT NULL COMMENT '维向弯曲模量',
  `ShearingModulus` double(10,4) DEFAULT NULL COMMENT '剪切模量',
  `brand` varchar(200) DEFAULT NULL COMMENT '标牌',
  `film` enum('OP','CV','DX','HP','MF','PP','PTFE','PU','WPBF') DEFAULT 'OP' COMMENT '膜'
) ENGINE=InnoDB DEFAULT CHARSET=gb2312;

--
-- 转存表中的数据 `fabric`
--

INSERT INTO `fabric` (`fabricId`, `fabricName`, `vendorId`, `fabricVendorProductNo`, `fabricStruct`, `fabricWeight`, `fabricThick`, `fabricWVP`, `fabricThemalCon`, `fabricFigure`, `fabricFigure_thumb`, `fabricMMT`, `waterProof`, `moisturePermeability`, `thermalRessistance`, `waterAbsorption`, `waterDiverte`, `heterothermy`, `fabricFunctionNote`, `FabricTorGas`, `FabricTorLqd`, `fabricPorosity`, `diaCapillary`, `fabricCapillaryAngle`, `WarpTensileModulus`, `WeftTensileModulus`, `WarpBendRigidity`, `WeftBendRigidity`, `ShearingModulus`, `brand`, `film`) VALUES
(1001, '麻', 1, '1034', '针织', 0.2500, 0.2300, 1.2000, 2.0000, 'ffa1b636ffc1b5b5bfeca4bcf4ad27b9.jpg', 'ffa1b636ffc1b5b5bfeca4bcf4ad27b9_thumb.jpg', '95b51e2fjw1e5j3qeq3maj20c80ibdiw.jpg', NULL, NULL, NULL, NULL, NULL, NULL, '1、卫生性：对人体来说（特别是皮肤病患者）穿任何织物都比不上亚麻织物。\r\n2、舒适性：与棉床单相比，采用亚麻席使人更容易入睡，且睡得好，醒后心情愉悦。\r\n3、凉爽性：穿着亚麻服装比穿棉、丝服装的表面温度低2至2.5摄氏度，而皮肤与衣服之间 的温度，穿着亚麻织物比其它织物低3至4摄氏度，亚麻织物对皮肤的贴吸力只有棉织物的70%。\r\n4、抗菌性：与竹席、草席对照比较，亚麻席具有显著的抑菌作用，对绿脓杆菌、白色含珠菌等国际标准菌的抑菌率达65%以上 ，对大肠杆菌、金色葡萄球菌的抑菌率高达90%以上。\r\n亚麻织物具有调温、抗过敏、防静电、抗菌的功能，由于亚麻的吸湿性好，能吸收相当于自身重量 20倍的水分，所以亚麻织物手感干爽，如今，防皱、免烫亚麻制品的诞生和混纺产品的出现，使亚麻产品的市场进一步拓展了。在国际上，亚麻的织造多为片梭织机和剑杆织机，产品包括细致优雅的亚麻手帕、衬衫衣料、绉绸、花式色纱产品、运动装以及麻毛混纺产品。家用产品则包括：窗帘、墙布、桌布、床上用品等。产业用产品则包括：画布、行李帐篷、绝缘布、滤布以及航空用产品。\r\n亚麻可与毛、聚酯等纤维进行交织或混纺，形成风格独具、物美价廉的纺织产品。', 8.0000, NULL, 1.3000, 1.4600, 3.2000, 2.3000, 2.0200, 1.0800, 0.9200, 1.8200, NULL, 'OP'),
(1002, '桑蚕丝', 1, '124', '非织造', 3.4000, 2.3000, 2.1000, NULL, '4f839ccaeb59acf04d1bd11dac876093.jpg', '4f839ccaeb59acf04d1bd11dac876093_thumb.jpg', '14.jpg', NULL, NULL, NULL, NULL, NULL, NULL, '它吸湿性好，放湿也快，不易产生静电热传导大，迅速散热，穿着凉爽，出汗后不贴身，较耐水洗，耐热性好', 3.2000, NULL, 0.3000, 0.8200, 4.5000, 3.0000, 2.0000, 4.2000, 3.4000, 5.3000, NULL, 'OP'),
(1003, '粘胶', 4, '1456', '针织', 3.1000, 1.6000, 2.4000, 4.0000, 'b9f78fcc697f0193c9d26ddcf5f242bb.jpg', 'b9f78fcc697f0193c9d26ddcf5f242bb_thumb.jpg', '13.jpg', NULL, NULL, NULL, NULL, NULL, NULL, '粘胶纤维的基本组成是纤维素 (C6H10O5)n o普通粘胶纤维的截面呈锯齿形皮芯结构，纵向平直有沟横。而富纤无皮芯结构，截面呈圆形。\r\n粘胶纤维具有良好的吸湿性，在一般大气条件下，回潮率在13%左右。吸湿后显著膨胀，直径增加可达50%，所以织物下水后手感发硬，收缩率大。\r\n普通粘胶纤维的断裂强度比棉小，约为1.6~2.7cN/dtex；断裂伸长率大于棉，为16%~22%；湿强下降多，约为干强的50%，湿态伸长增加约50%。其模量比棉低，在小负荷下容易变形，而弹性回复性能差，因此织物容易伸长，尺寸稳定性差。富纤的强度特别是湿强比普通粘胶高，断裂伸长率较小，尺寸稳定性良好。普通粘胶的耐磨性较差，而富纤则有所改善。', 2.4000, NULL, 3.0000, 0.8000, 1.5000, 2.4000, 4.0000, 2.1000, 2.2000, 3.0000, NULL, 'OP'),
(1004, '锦纶', 5, '2341', '针织', NULL, NULL, 1.3000, NULL, '1a03f59e7359d20796437751e2d25d0d.jpg', '1a03f59e7359d20796437751e2d25d0d_thumb.jpg', '20131203191102.jpg', NULL, NULL, NULL, NULL, NULL, NULL, '聚酰胺主要用于合成纤维，其最突出的优点是耐磨性高于其他所有纤维，比棉花耐磨性高10倍，比羊毛高20倍，在混纺织物中稍加入一些聚酰胺纤维，可大大提高其耐磨性；当拉伸至3-6%时，弹性回复率可达100%；能经受上万次折挠而不断裂。聚酰胺纤维的强度比棉花高1-2倍、比羊毛高4-5倍，是粘胶纤维的3倍。但聚酰胺纤维的耐热性和耐光性较差，保持性也不佳，做成的衣服不如涤纶挺括。另外，用于衣着的锦纶-66和锦纶-6都存在吸湿性和染色性差的缺点，为此开发了聚酰胺纤维的新品种――锦纶-3和锦纶-4的新型聚酰胺纤维，具有质轻、防皱性优良、透气性好以及良好的耐久性、染色性和热定型等特点，因此被认为是很有发展前途的。', 2.3000, NULL, NULL, 4.1000, NULL, 1.5000, 7.0000, 3.2000, NULL, NULL, NULL, 'OP'),
(1005, '丙纶', 6, '234', '机织', 2.3000, 5.2000, 1.3000, NULL, '99f60f916c792d738cd79c7236f26db0.jpg', '99f60f916c792d738cd79c7236f26db0_thumb.jpg', '06_副本.jpg', NULL, NULL, NULL, NULL, NULL, NULL, '民用用途：可以纯纺或与羊毛、棉或粘纤等混纺混织来制作各种衣料。可以用于织各种针织品如织袜、手套、针织衫、针织裤，洗碗布，蚊帐布，被絮，保暖填料、尿布湿等。\r\n工业用途：地毯、渔网，帆布，水龙带，混凝土增强材料，工业用织物、非织造织物等。如地毯、工业滤布、绳索、渔网、建筑增强材料、吸油毯以及装饰布等。此外，丙纶膜纤维可用作包装材料。', 2.3000, NULL, NULL, 0.5000, NULL, 3.0000, 4.1000, 2.3000, 2.9000, 3.1000, NULL, 'OP'),
(1006, '氨纶', 4, '342', '机织', NULL, NULL, 3.2000, 1.3000, '3b9e0220adc749c9a887dd9be0c01f51.jpg', '3b9e0220adc749c9a887dd9be0c01f51_thumb.jpg', '2GZ9E860W@NMGZXP7J8EVV.jpg', NULL, NULL, NULL, NULL, NULL, NULL, '氨纶弹性优异。而强度比乳胶丝高2～3倍，线密度也更细，并且更耐化学降解。氨纶的耐酸碱性、耐汗、耐海水性、耐干洗性、耐磨性均较好。', NULL, NULL, NULL, 0.6000, NULL, 2.3000, 2.0000, NULL, NULL, NULL, NULL, 'OP'),
(1007, '维纶', 3, '1456', '机织', 5.3000, NULL, 3.2000, 1.3000, 'f5f29126690487f2d1c4fec4c5d10711.jpg', 'f5f29126690487f2d1c4fec4c5d10711_thumb.jpg', '7.jpg', 'waterProof', '0', 'thermalRessistance', '0', '0', '0', '最大特点是吸湿性大，合成纤维中最好的，号称“合成棉花”。强度比锦、涤差，化学稳定性好，不耐强酸，耐碱。耐日光性与耐气候性也很好，但它耐干热而不耐湿热（收缩）弹性最差，织物易起皱，染色较差，色泽不鲜艳。 　\r\n维纶是合成纤维中吸湿性最大的品种， 吸湿率为4.5% ~ 5%，接近于棉花（8%）。维纶纺织布穿着舒适，适宜制内衣。　\r\n维纶的强度稍高于棉花， 比羊毛高很多。在一般有机酸、醇、酯及石油等溶剂中不溶解，不易霉蛀，在日光下暴晒强度损失不大。　\r\n耐热水性不够好，弹性较差，染色性较差。', 1.3000, 1.3000, 0.3000, 0.5000, 3.5000, NULL, 3.4000, NULL, NULL, NULL, NULL, 'OP'),
(1010, '毛涤织物', 3, NULL, NULL, NULL, NULL, 3.2000, 1.6000, 'bc773e8431da9d7c1387f4c250e15d99.jpg', 'bc773e8431da9d7c1387f4c250e15d99_thumb.jpg', 'green_red_yellow.jpg', 'waterProof', '0', 'thermalRessistance', '0', '0', '0', NULL, 1.3000, 1.3000, 0.3400, 0.5000, 3.5000, NULL, NULL, NULL, NULL, NULL, 'sore-tex', 'OP'),
(1011, '维纶', 2, '34675', NULL, NULL, 1.2000, 1.3000, 1.3000, '2a93e9b8843a671aa988aa6796d3c6a2.jpg', '2a93e9b8843a671aa988aa6796d3c6a2_thumb.jpg', 'yellow_dark.jpg', 'waterProof', '0', 'thermalRessistance', '0', '0', '0', NULL, 1.3000, 1.3000, 0.3400, 0.5000, 3.5000, 2.3000, 3.4000, 2.1000, 3.1000, 4.5000, 'sore-tex', 'OP');

-- --------------------------------------------------------

--
-- 表的结构 `fabrics`
--

DROP TABLE IF EXISTS `fabrics`;
CREATE TABLE IF NOT EXISTS `fabrics` (
`id` int(11) NOT NULL,
  `name` varchar(64) CHARACTER SET utf8 DEFAULT NULL,
  `pic` varchar(255) CHARACTER SET utf8 DEFAULT NULL,
  `description` varchar(255) CHARACTER SET utf8 DEFAULT NULL,
  `feature` varchar(255) CHARACTER SET utf8 DEFAULT NULL
) ENGINE=InnoDB  DEFAULT CHARSET=latin1 AUTO_INCREMENT=9 ;

--
-- 转存表中的数据 `fabrics`
--

INSERT INTO `fabrics` (`id`, `name`, `pic`, `description`, `feature`) VALUES
(1, '棉布', 'buliao01.jpg', '用棉纱织成的布。是各类棉纺织品的总称。', '轻松保暖，柔和贴身、吸湿性、透气性甚佳'),
(2, '麻布', 'buliao02.jpg', '以各种麻类植物纤维制成的布', '具有柔软舒适、透气清爽、耐洗、耐晒、防腐、抑菌等特点'),
(3, '丝绸', 'buliao03.jpg', '用蚕丝或合成纤维、人造纤维、长丝织成；用蚕丝或人造丝纯织或交织而成的织品的总称', '轻薄、合身、柔软、滑爽、透气、色彩绚丽，富有光泽，高贵典雅，穿著舒适。'),
(4, '呢绒', 'buliao04.jpg', NULL, NULL),
(5, '皮革', 'buliao05.jpg', NULL, NULL),
(6, '化纤', 'buliao06.jpg', NULL, NULL),
(7, '混纺', 'buliao07.jpg', NULL, NULL),
(8, '色织布', 'buliao08.jpg', NULL, NULL);

-- --------------------------------------------------------

--
-- 表的结构 `fabric_madeof_fiber`
--

DROP TABLE IF EXISTS `fabric_madeof_fiber`;
CREATE TABLE IF NOT EXISTS `fabric_madeof_fiber` (
  `fabricId` int(50) NOT NULL,
  `fiberId` int(11) NOT NULL,
  `proportion` int(2) NOT NULL
) ENGINE=InnoDB DEFAULT CHARSET=gb2312;

--
-- 转存表中的数据 `fabric_madeof_fiber`
--

INSERT INTO `fabric_madeof_fiber` (`fabricId`, `fiberId`, `proportion`) VALUES
(1007, 3, 76),
(1007, 4, 11),
(1010, 1, 76),
(1010, 4, 12),
(1011, 2, 11),
(1011, 4, 73);

-- --------------------------------------------------------

--
-- 表的结构 `factory`
--

DROP TABLE IF EXISTS `factory`;
CREATE TABLE IF NOT EXISTS `factory` (
`id` int(11) NOT NULL,
  `name` varchar(128) DEFAULT NULL,
  `address` varchar(255) DEFAULT NULL,
  `contacts` varchar(50) DEFAULT NULL,
  `tel` varchar(50) DEFAULT NULL,
  `business` varchar(255) DEFAULT NULL,
  `createTime` datetime DEFAULT NULL
) ENGINE=InnoDB  DEFAULT CHARSET=utf8 AUTO_INCREMENT=5 ;

--
-- 转存表中的数据 `factory`
--

INSERT INTO `factory` (`id`, `name`, `address`, `contacts`, `tel`, `business`, `createTime`) VALUES
(2, '厂家名称', '地址', '凉席人', '123456', '  主要业务 主要业务 主要业务 主要业务', '2014-10-15 17:02:35'),
(3, '宝宝', '宝宝', '宝宝', '123123', ' 1233333333333122', '2014-10-16 16:03:14'),
(4, '测试', '测试', '测试', '43444344', ' 测试', '2014-10-16 17:13:31');

-- --------------------------------------------------------

--
-- 表的结构 `fiber`
--

DROP TABLE IF EXISTS `fiber`;
CREATE TABLE IF NOT EXISTS `fiber` (
  `fiberId` int(11) NOT NULL COMMENT '标识',
  `fiberName` varchar(100) NOT NULL COMMENT '名称',
  `vendorId` int(11) NOT NULL COMMENT '生产厂家，与名称列表对查',
  `fiberVendorProductNo` varchar(100) NOT NULL COMMENT '厂家产品编号',
  `fiberDensity` double NOT NULL COMMENT '密度',
  `fiberDiameter` double NOT NULL COMMENT '直径',
  `fiberThemalCon` double NOT NULL COMMENT '热传导率',
  `fiberRegain` varchar(200) NOT NULL,
  `waterContactAngle` double NOT NULL COMMENT '水接触角',
  `surfVolRatio` double NOT NULL COMMENT '体表比',
  `rawMaterial` enum('棉','蓖麻','亚麻','黄麻','洋麻','大麻','罗布麻','剑麻','蕉麻','苘麻','菠萝麻','羊毛','牛毛','兔毛','丝','化纤','涤纶','锦纶','腈纶','维纶','丙纶') NOT NULL,
  `brand` enum('lycra','Sore_TX','coolmax','') NOT NULL,
  `fiberVaporDiffusivity` double NOT NULL,
  `fiberEmissivity` double NOT NULL,
  `fiberThermalAbsorptivity` double NOT NULL
) ENGINE=InnoDB DEFAULT CHARSET=gb2312;

--
-- 转存表中的数据 `fiber`
--

INSERT INTO `fiber` (`fiberId`, `fiberName`, `vendorId`, `fiberVendorProductNo`, `fiberDensity`, `fiberDiameter`, `fiberThemalCon`, `fiberRegain`, `waterContactAngle`, `surfVolRatio`, `rawMaterial`, `brand`, `fiberVaporDiffusivity`, `fiberEmissivity`, `fiberThermalAbsorptivity`) VALUES
(1, '1', 1, '1', 1, 1, 1, '', 1, 1, '', 'lycra', 0, 0, 0),
(2, '2', 2, 'bbb', 2, 2, 2, '', 2, 2, '', 'lycra', 0, 0, 0),
(3, '3', 3, 'ccc', 3, 3, 3, '', 3, 3, '', 'lycra', 0, 0, 0),
(4, '4', 4, 'ddd', 4, 4, 4, '', 4, 4, '', 'lycra', 0, 0, 0),
(5, '5', 5, 'eee', 5, 5, 5, '', 5, 5, '', 'lycra', 0, 0, 0),
(6, '6', 6, 'fff', 6, 6, 6, '', 6, 6, '', 'lycra', 0, 0, 0),
(7, '7', 7, 'ggg', 7, 7, 7, '', 7, 7, '', 'lycra', 0, 0, 0),
(8, '8', 8, 'hhh', 8, 8, 8, '', 8, 8, '', 'lycra', 0, 0, 0),
(9, '9', 9, 'iii', 9, 9, 9, '0#0#0#0#0#0#0#0#0#0#0#0#0#0#0#0#', 9, 9, '', 'lycra', 0, 0, 0);

-- --------------------------------------------------------

--
-- 表的结构 `film`
--

DROP TABLE IF EXISTS `film`;
CREATE TABLE IF NOT EXISTS `film` (
  `filmId` int(10) NOT NULL COMMENT 'Id',
  `MembraneType` enum('OP','CV','DX','HP','MF','PP','PTFE','PU','WPBF') DEFAULT 'OP' COMMENT '代号',
  `vendorId` int(10) DEFAULT NULL COMMENT '生产厂家，与名称列表对查',
  `brand` varchar(200) DEFAULT NULL COMMENT '商标'
) ENGINE=InnoDB DEFAULT CHARSET=gb2312;

-- --------------------------------------------------------

--
-- 表的结构 `friends_invite`
--

DROP TABLE IF EXISTS `friends_invite`;
CREATE TABLE IF NOT EXISTS `friends_invite` (
`fiId` int(11) NOT NULL,
  `from_uId` int(11) NOT NULL,
  `to_uId` int(11) NOT NULL,
  `time` datetime DEFAULT NULL
) ENGINE=MyISAM  DEFAULT CHARSET=utf8 AUTO_INCREMENT=44 ;

-- --------------------------------------------------------

--
-- 表的结构 `humanbody`
--

DROP TABLE IF EXISTS `humanbody`;
CREATE TABLE IF NOT EXISTS `humanbody` (
  `bodyId` int(11) NOT NULL COMMENT '人体标识',
  `bodyHigh` int(11) NOT NULL COMMENT '身高',
  `bodyGender` enum('male','female') NOT NULL COMMENT '性别',
  `Name` varchar(100) NOT NULL COMMENT '流体名',
  `density` double NOT NULL COMMENT '密度',
  `viscosity` double NOT NULL COMMENT '粘滞系数',
  `diffusionCoeff` double NOT NULL COMMENT '扩散系数'
) ENGINE=InnoDB DEFAULT CHARSET=latin1;

--
-- 转存表中的数据 `humanbody`
--

INSERT INTO `humanbody` (`bodyId`, `bodyHigh`, `bodyGender`, `Name`, `density`, `viscosity`, `diffusionCoeff`) VALUES
(1, 25, 'female', '54', 254, 2, 2),
(2, 172, 'male', 'bbb', 2, 2, 2),
(3, 173, 'male', '3', 3, 3, 3),
(4, 174, 'female', '4', 4, 4, 4),
(5, 175, 'male', '5', 5, 5, 5),
(6, 176, 'female', '6', 6, 6, 6),
(7, 177, 'female', '7', 7, 7, 7),
(8, 178, 'male', '8', 8, 8, 8),
(9, 179, 'female', '9', 9, 9, 9),
(10, 180, 'male', '10', 10, 10, 10);

-- --------------------------------------------------------

--
-- 表的结构 `information`
--

DROP TABLE IF EXISTS `information`;
CREATE TABLE IF NOT EXISTS `information` (
`id` int(11) NOT NULL,
  `uId` int(11) DEFAULT NULL,
  `username` varchar(255) DEFAULT NULL,
  `type` tinyint(4) DEFAULT '0' COMMENT '1 demand 2 message ',
  `to_uId` int(11) DEFAULT NULL,
  `title` varchar(255) DEFAULT NULL,
  `relateid` int(11) DEFAULT NULL,
  `isread` tinyint(4) DEFAULT '0',
  `createdate` datetime DEFAULT NULL
) ENGINE=InnoDB  DEFAULT CHARSET=utf8 AUTO_INCREMENT=41 ;

--
-- 转存表中的数据 `information`
--

INSERT INTO `information` (`id`, `uId`, `username`, `type`, `to_uId`, `title`, `relateid`, `isread`, `createdate`) VALUES
(1, 77, 'test123', 1, 1, '仔仔', 33, 0, '2014-11-10 05:31:07'),
(2, 77, 'test123', 2, 1, '0', 28, 0, '2014-11-10 08:13:40'),
(3, 77, 'test123', 2, 1, '仔仔', 27, 0, '2014-11-10 08:36:41'),
(4, 77, 'test123', 2, 1, '仔仔', 27, 0, '2014-11-10 08:36:46'),
(5, 77, 'test123', 2, 1, '仔仔', 27, 0, '2014-11-10 08:36:50'),
(6, 77, 'test123', 2, 1, '仔仔', 27, 0, '2014-11-10 08:36:56'),
(7, 77, 'test123', 2, 1, '仔仔', 27, 0, '2014-11-10 08:36:59'),
(8, 77, 'test123', 2, 1, '仔仔', 27, 0, '2014-11-10 08:37:03'),
(9, 77, 'test123', 2, 1, '仔仔', 27, 0, '2014-11-10 08:37:06'),
(10, 1, 'test', 1, 1, '嗯嗯呃', 34, 0, '2014-12-03 14:06:56'),
(11, 1, 'test', 1, 1, '嗯嗯呃', 35, 0, '2014-12-03 14:10:18'),
(12, 1, 'test', 2, 1, '仔仔', 28, 0, '2014-12-04 03:44:13'),
(13, 1, 'test', 2, 1, '仔仔', 28, 0, '2014-12-04 03:44:40'),
(14, 1, 'test', 2, 1, '仔仔', 28, 0, '2014-12-04 03:44:50'),
(15, 1, 'test', 2, 1, '仔仔', 28, 0, '2014-12-04 03:45:21'),
(16, 1, 'test', 2, 1, '仔仔', 28, 0, '2014-12-04 03:46:39'),
(17, 1, 'test', 2, 1, NULL, 35, 0, '2014-12-04 03:47:41'),
(18, 1, 'test', 2, 1, NULL, 35, 0, '2014-12-04 03:47:51'),
(19, 77, 'test123', 2, 1, NULL, 35, 0, '2014-12-04 03:52:37'),
(20, 1, 'test', 1, 1, '0', 36, 0, '2014-12-07 16:22:28'),
(21, 1, 'test', 1, 1, '0', 37, 0, '2014-12-07 16:31:06'),
(22, 76, 'heeh', 2, 1, '嗯嗯呃', 31, 0, '2014-12-08 14:07:08'),
(23, 76, 'heeh', 1, 1, '嗯嗯呃', 38, 0, '2014-12-08 14:25:12'),
(24, 1, 'test', 1, 1, 'Burley的需求', 39, 0, '2014-12-10 03:20:33'),
(25, 1, 'test', 2, 1, 'Burley 2014-12-11的测试', 44, 0, '2014-12-11 03:12:21'),
(26, 0, '', 1, 1, 'Burley 2014-12-11的测试', 40, 0, '2014-12-11 03:47:33'),
(27, 77, 'test123', 2, 1, 'Burley 2014-12-11的测试', 44, 0, '2014-12-11 04:15:38'),
(28, 77, 'test123', 1, 1, 'Burley 2014-12-11的测试', 41, 0, '2014-12-11 04:21:13'),
(29, 77, 'test123', 2, 1, 'Burley 2014-12-11的测试', 44, 0, '2014-12-11 04:24:46'),
(30, 1, 'test', 2, 1, '嗯嗯呃', 31, 0, '2014-12-13 05:03:11'),
(31, 1, 'test', 2, 1, '嗯嗯呃', 31, 0, '2014-12-13 05:03:33'),
(32, 1, 'test', 3, 76, 'heeh的设计', 38, 0, '2014-12-13 05:04:13'),
(33, 1, 'test', 2, 1, '没有补充', 47, 0, '2014-12-14 15:44:54'),
(34, 1, 'test', 1, 1, '没有了， 测试', 42, 0, '2014-12-16 05:18:29'),
(35, 1, 'test', 3, 1, 'test的test测试', 42, 0, '2014-12-16 05:19:01'),
(36, 1, 'test', 1, 1, '没有补充', 43, 0, '2014-12-16 14:49:54'),
(37, 76, 'heeh', 2, 76, '空间', 50, 0, '2014-12-20 09:55:04'),
(38, 1, 'test', 1, 1, '没有补充', 44, 0, '2014-12-20 13:39:38'),
(39, 85, '376654749', 1, 85, '7764576576576', 45, 0, '2014-12-22 08:19:26'),
(40, 85, '376654749', 1, 85, '312312', 46, 0, '2014-12-24 07:39:01');

-- --------------------------------------------------------

--
-- 表的结构 `invite_code_data`
--

DROP TABLE IF EXISTS `invite_code_data`;
CREATE TABLE IF NOT EXISTS `invite_code_data` (
`invite_id` int(11) NOT NULL,
  `account` varchar(50) DEFAULT NULL,
  `invite_code` varchar(500) DEFAULT NULL,
  `user_id` int(11) NOT NULL
) ENGINE=MyISAM  DEFAULT CHARSET=utf8 AUTO_INCREMENT=49 ;

-- --------------------------------------------------------

--
-- 表的结构 `ip_address_range`
--

DROP TABLE IF EXISTS `ip_address_range`;
CREATE TABLE IF NOT EXISTS `ip_address_range` (
`ipr_id` int(11) NOT NULL,
  `ip_start` bigint(20) NOT NULL,
  `ip_end` bigint(20) NOT NULL,
  `country` varchar(11) NOT NULL
) ENGINE=MyISAM DEFAULT CHARSET=utf8 AUTO_INCREMENT=1 ;

-- --------------------------------------------------------

--
-- 表的结构 `material`
--

DROP TABLE IF EXISTS `material`;
CREATE TABLE IF NOT EXISTS `material` (
`id` int(11) NOT NULL,
  `uId` int(11) NOT NULL,
  `material` varchar(100) DEFAULT NULL,
  `createdate` datetime DEFAULT '0000-00-00 00:00:00'
) ENGINE=InnoDB  DEFAULT CHARSET=latin1 AUTO_INCREMENT=34 ;

--
-- 转存表中的数据 `material`
--

INSERT INTO `material` (`id`, `uId`, `material`, `createdate`) VALUES
(1, 1, 'index_tpx01.png', '2014-05-11 01:01:09'),
(2, 1, 'index_tpx02.png', '2014-05-11 09:05:09'),
(3, 1, 'index_l001.png', '2014-05-11 09:05:52'),
(4, 1, 'logo.png', '2014-05-11 10:10:36'),
(5, 1, 'index_l002.png', '2014-05-11 10:10:47'),
(6, 1, 'index_l003.png', '2014-05-11 10:10:52'),
(7, 1, 'index_r001.png', '2014-05-11 10:10:56'),
(8, 1, 'index_r002.png', '2014-05-11 10:10:59'),
(9, 1, 'index_mxtp05.png', '2014-05-11 10:11:04'),
(10, 1, 'index_mxtp03.png', '2014-05-11 10:11:09'),
(11, 1, 'index_mxtp02.png', '2014-05-11 10:11:12'),
(12, 1, 'index_mxtp06.png', '2014-05-11 10:11:15'),
(13, 76, 'index_r001.png', '2014-05-11 10:14:20'),
(14, 76, 'index_tpx02.png', '2014-05-11 10:14:23'),
(15, 76, 'index_xwtp1.png', '2014-05-11 10:14:28'),
(16, 76, 'index_tpx01.png', '2014-05-11 10:14:30'),
(17, 76, 'head.png', '2014-05-11 10:14:33'),
(18, 76, 'index_l001.png', '2014-05-11 10:14:35'),
(19, 76, 'index_l003.png', '2014-05-11 10:14:40'),
(20, 76, 'index_l002.png', '2014-05-11 10:14:44'),
(21, 76, 'index_mxtp01.png', '2014-05-11 10:14:47'),
(22, 76, 'index_mxtp02.png', '2014-05-11 10:14:48'),
(23, 76, 'index_mxtp04.png', '2014-05-11 10:14:50'),
(24, 76, 'index_mxtp05.png', '2014-05-11 10:14:54'),
(25, 76, 'index_mxtp03.png', '2014-05-11 10:15:01'),
(26, 76, 'index_mxtp07.png', '2014-05-11 10:15:06'),
(27, 1, 'dot_03.png', '2014-05-22 14:59:19'),
(28, 1, 'index_xwtp1.png', '2014-05-24 19:04:55'),
(29, 77, 'pictures_01.jpg', '2014-10-17 20:37:10'),
(30, 77, 'index_tp02.png', '2014-10-17 20:37:17'),
(31, 77, 'head_login.png', '2014-10-22 17:10:05'),
(32, 77, 'sub_top_p.png', '2014-11-10 11:02:10'),
(33, 1, 'index_tp03.png', '2014-12-24 16:00:46');

-- --------------------------------------------------------

--
-- 表的结构 `message_data`
--

DROP TABLE IF EXISTS `message_data`;
CREATE TABLE IF NOT EXISTS `message_data` (
`md_Id` int(11) NOT NULL,
  `message_id` text NOT NULL,
  `content` text NOT NULL,
  `time` datetime NOT NULL,
  `sendPlace` varchar(50) NOT NULL,
  `stId` int(11) NOT NULL,
  `from_uId` int(11) NOT NULL,
  `to_uId` int(11) NOT NULL,
  `type` tinyint(4) DEFAULT '0',
  `related_id` int(11) DEFAULT '0',
  `p_md_Id` int(11) DEFAULT '0'
) ENGINE=MyISAM  DEFAULT CHARSET=utf8 AUTO_INCREMENT=69 ;

--
-- 转存表中的数据 `message_data`
--

INSERT INTO `message_data` (`md_Id`, `message_id`, `content`, `time`, `sendPlace`, `stId`, `from_uId`, `to_uId`, `type`, `related_id`, `p_md_Id`) VALUES
(1, '1400915211_1_76', '新1新1新1新1新1新1新1新1新1新1新1新1新1新1新1新1新1', '2014-05-24 07:06:51', '', 0, 1, 76, 0, 0, 0),
(2, '1400915268_1_76', '新2新2新2新2新2新2', '2014-05-24 07:07:48', '', 0, 1, 76, 0, 0, 0),
(3, '1400915418_1_76', '新3新3新3新3新3新3新3新3新3新3新3新3新3新3新3新3新3新3', '2014-05-24 07:10:18', '', 0, 1, 76, 0, 0, 0),
(4, '1400915481_1_76', '新4新4新4新4新4新4新4新4新4新4新4新4新4', '2014-05-24 07:11:21', '', 0, 1, 76, 0, 0, 0),
(5, '1400915546_1_76', '新5新5新5新5新5新5新5新5新5新5新5新5', '2014-05-24 07:12:26', '', 0, 1, 76, 0, 0, 0),
(6, '1400915995_76_1', '新6新6新6新6', '2014-05-24 07:19:55', '', 11, 76, 1, 0, 0, 0),
(7, '1400917747_76_1', '新7新7新7新7新7新7新7新7新7新7新7新7新7', '2014-05-24 07:49:07', '', 11, 76, 1, 0, 0, 0),
(8, '1400918118_76_1', '新8新8新8新8新8新8新8新8新8新8新8新8新8新8', '2014-05-24 07:55:18', '', 11, 76, 1, 0, 0, 0),
(9, '1400918208_1_76', '新9新9新9新9新9新9新9新9新9新9新9新9新9新9新9新9新9新9新9新9新9', '2014-05-24 07:56:48', '', 11, 1, 76, 1, 17, 0),
(33, '1415026134_77_1', '留个言吧1', '2014-11-03 14:48:54', '', 11, 77, 77, 1, 28, 32),
(24, '1414854252_77_1', 'hello test test', '2014-11-01 15:04:12', '', 11, 77, 1, 1, 28, 0),
(25, '1414854262_77_1', 'hello test test1', '2014-11-01 15:04:22', '', 11, 77, 1, 1, 28, 0),
(26, '1414854276_77_1', 'hello test test3', '2014-11-01 15:04:36', '', 11, 77, 1, 1, 28, 0),
(27, '1414854364_77_1', 'hello test test4', '2014-11-01 15:06:04', '', 11, 77, 1, 1, 28, 0),
(28, '1414854398_77_1', 'hello test test5', '2014-11-01 15:06:38', '', 11, 77, 1, 1, 28, 0),
(29, '1414854536_77_1', 'hello test test6', '2014-11-01 15:08:56', '', 11, 77, 1, 1, 28, 0),
(30, '1414854547_77_1', 'hello test test6', '2014-11-01 15:09:07', '', 11, 77, 1, 1, 28, 0),
(31, '1414854983_77_1', 'hello test test6', '2014-11-01 15:16:23', '', 11, 77, 1, 1, 28, 0),
(32, '1415025922_77_1', '留个言吧', '2014-11-03 14:45:22', '', 11, 77, 1, 1, 28, 0),
(34, '1415028814_77_1', '试试', '2014-11-03 15:33:34', '', 11, 77, 1, 1, 28, 0),
(35, '1415029234_77_77', '666', '2014-11-03 15:40:34', '', 11, 77, 77, 1, 28, 0),
(36, '1415029297_77_77', '666', '2014-11-03 15:41:37', '', 11, 77, 77, 1, 28, 0),
(37, '1415029476_77_77', '阿萨德辅导费', '2014-11-03 15:44:36', '', 11, 77, 77, 1, 28, 34),
(38, '1415029510_77_77', '阿萨德辅导费3333', '2014-11-03 15:45:10', '', 11, 77, 77, 1, 28, 34),
(39, '1415029565_76_77', '啊的所发生的', '2014-11-03 15:46:05', '', 11, 76, 77, 1, 28, 34),
(40, '1415029577_76_1', '来来<BR/>', '2014-11-03 15:46:17', '', 11, 76, 1, 1, 28, 0),
(41, '1415282929_77_77', 'eee', '2014-11-06 14:08:49', '', 11, 77, 77, 1, 28, 34),
(42, '1415607220_77_1', '耳热额', '2014-11-10 08:13:40', '', 11, 77, 1, 1, 28, 0),
(43, '1415608600_77_1', '山东的是的', '2014-11-10 08:36:40', '', 11, 77, 1, 1, 27, 0),
(44, '1415608606_77_1', '山东的是的1', '2014-11-10 08:36:46', '', 11, 77, 1, 1, 27, 0),
(45, '1415608610_77_1', '山东的是的13', '2014-11-10 08:36:50', '', 11, 77, 1, 1, 27, 0),
(46, '1415608616_77_1', '山东的是的134', '2014-11-10 08:36:56', '', 11, 77, 1, 1, 27, 0),
(47, '1415608619_77_1', '山东的是的1345', '2014-11-10 08:36:59', '', 11, 77, 1, 1, 27, 0),
(48, '1415608622_77_1', '山东的是的13456', '2014-11-10 08:37:02', '', 11, 77, 1, 1, 27, 0),
(49, '1415608626_77_1', '山东的是的134567', '2014-11-10 08:37:06', '', 11, 77, 1, 1, 27, 0),
(50, '1417664653_1_1', 'asdfasdf', '2014-12-04 03:44:13', '', 11, 1, 1, 1, 28, 0),
(51, '1417664680_1_1', 'sadfasdf', '2014-12-04 03:44:40', '', 11, 1, 1, 1, 28, 50),
(52, '1417664690_1_1', 'sadfasdf', '2014-12-04 03:44:50', '', 11, 1, 1, 1, 28, 50),
(53, '1417664721_1_1', 'sadfasdf', '2014-12-04 03:45:21', '', 11, 1, 1, 1, 28, 50),
(54, '1417664799_1_1', 'sadfasdf', '2014-12-04 03:46:39', '', 11, 1, 1, 1, 28, 50),
(55, '1417664861_1_1', 'undefined', '2014-12-04 03:47:41', '', 11, 1, 1, 2, 35, 0),
(56, '1417664871_1_1', 'undefined', '2014-12-04 03:47:51', '', 11, 1, 1, 2, 35, 0),
(57, '1417665157_77_1', 'undefined', '2014-12-04 03:52:37', '', 11, 77, 1, 2, 35, 0),
(58, '1418044028_76_1', '要啥颜色也不说', '2014-12-08 14:07:08', '', 11, 76, 1, 1, 31, 0),
(59, '1418263941_1_1', '自己坐沙发 ', '2014-12-11 03:12:21', '', 11, 1, 1, 1, 44, 0),
(60, '1418267105_76_1', '自己设计自己顶', '2014-12-11 04:05:05', '', 11, 76, 1, 2, 40, 0),
(61, '1418267738_77_1', '小case， 我来试试', '2014-12-11 04:15:38', '', 11, 77, 1, 1, 44, 0),
(62, '1418268286_77_1', '为啥看不到 大家的设计方案， 屏蔽了么？', '2014-12-11 04:24:46', '', 11, 77, 1, 1, 44, 0),
(63, '1418443391_1_1', '[em_18]', '2014-12-13 05:03:11', '', 11, 1, 1, 1, 31, 0),
(64, '1418443413_1_1', '阿斯顿发送到[em_11]', '2014-12-13 05:03:33', '', 11, 1, 1, 1, 31, 63),
(65, '1418443453_1_1', '[em_6]按时', '2014-12-13 05:04:13', '', 11, 1, 1, 2, 38, 0),
(66, '1418568294_1_1', '三等份[em_14]', '2014-12-14 15:44:54', '', 11, 1, 1, 1, 47, 0),
(67, '1418703541_1_1', '今天测测试比较顺畅', '2014-12-16 05:19:01', '', 11, 1, 1, 2, 42, 0),
(68, '1419065704_76_76', '[em_6]', '2014-12-20 09:55:04', '', 11, 76, 76, 1, 50, 0);

-- --------------------------------------------------------

--
-- 表的结构 `message_inbox`
--

DROP TABLE IF EXISTS `message_inbox`;
CREATE TABLE IF NOT EXISTS `message_inbox` (
`message_id` int(11) NOT NULL,
  `from_user_id` int(11) DEFAULT NULL,
  `to_user_id` int(11) DEFAULT NULL,
  `message_type` int(11) DEFAULT NULL,
  `subject` text,
  `data_id` int(11) DEFAULT NULL,
  `last_data_id` int(11) DEFAULT NULL,
  `is_read` int(11) DEFAULT NULL,
  `time` datetime DEFAULT NULL
) ENGINE=MyISAM  DEFAULT CHARSET=utf8 AUTO_INCREMENT=423 ;

-- --------------------------------------------------------

--
-- 表的结构 `message_manage`
--

DROP TABLE IF EXISTS `message_manage`;
CREATE TABLE IF NOT EXISTS `message_manage` (
`mm_Id` int(11) NOT NULL,
  `message_id` text NOT NULL,
  `from_uId` int(11) NOT NULL,
  `to_uId` int(11) NOT NULL,
  `time` datetime NOT NULL,
  `title` text NOT NULL,
  `is_read` tinyint(1) NOT NULL
) ENGINE=MyISAM  DEFAULT CHARSET=utf8 AUTO_INCREMENT=69 ;

--
-- 转存表中的数据 `message_manage`
--

INSERT INTO `message_manage` (`mm_Id`, `message_id`, `from_uId`, `to_uId`, `time`, `title`, `is_read`) VALUES
(1, '1400915211_1_76', 1, 76, '2014-05-24 07:06:51', '新1', 0),
(2, '1400915268_1_76', 1, 76, '2014-05-24 07:07:48', '新2', 0),
(3, '1400915418_1_76', 1, 76, '2014-05-24 07:10:18', '新3', 1),
(4, '1400915481_1_76', 1, 76, '2014-05-24 07:11:21', '新4', 0),
(5, '1400915546_1_76', 1, 76, '2014-05-24 07:12:26', '新5', 1),
(6, '1400915995_76_1', 76, 1, '2014-05-24 07:19:55', '新6', 0),
(7, '1400917747_76_1', 76, 1, '2014-05-24 07:49:07', '新7', 1),
(8, '1400918118_76_1', 76, 1, '2014-05-24 07:55:18', '新8', 0),
(9, '1400918208_1_76', 1, 76, '2014-05-24 07:56:48', '新9', 0),
(24, '1414854252_77_1', 77, 1, '2014-11-01 15:04:12', '0', 0),
(25, '1414854262_77_1', 77, 1, '2014-11-01 15:04:22', '0', 0),
(26, '1414854276_77_1', 77, 1, '2014-11-01 15:04:36', '0', 0),
(27, '1414854364_77_1', 77, 1, '2014-11-01 15:06:04', '0', 0),
(28, '1414854398_77_1', 77, 1, '2014-11-01 15:06:38', '0', 0),
(29, '1414854536_77_1', 77, 1, '2014-11-01 15:08:56', '0', 0),
(30, '1414854547_77_1', 77, 1, '2014-11-01 15:09:07', '0', 0),
(31, '1414854983_77_1', 77, 1, '2014-11-01 15:16:23', '0', 0),
(32, '1415025922_77_1', 77, 1, '2014-11-03 14:45:22', '0', 0),
(33, '1415026134_77_1', 77, 77, '2014-11-03 14:48:54', '0', 0),
(34, '1415028814_77_1', 77, 1, '2014-11-03 15:33:34', '0', 0),
(35, '1415029234_77_77', 77, 77, '2014-11-03 15:40:34', '0', 0),
(36, '1415029297_77_77', 77, 77, '2014-11-03 15:41:37', '0', 0),
(37, '1415029476_77_77', 77, 77, '2014-11-03 15:44:36', '0', 0),
(38, '1415029510_77_77', 77, 77, '2014-11-03 15:45:10', '0', 0),
(39, '1415029565_76_77', 76, 77, '2014-11-03 15:46:05', '0', 0),
(40, '1415029577_76_1', 76, 1, '2014-11-03 15:46:17', '0', 0),
(41, '1415282929_77_77', 77, 77, '2014-11-06 14:08:49', '0', 0),
(42, '1415607220_77_1', 77, 1, '2014-11-10 08:13:40', '0', 0),
(43, '1415608600_77_1', 77, 1, '2014-11-10 08:36:40', '0', 0),
(44, '1415608606_77_1', 77, 1, '2014-11-10 08:36:46', '0', 0),
(45, '1415608610_77_1', 77, 1, '2014-11-10 08:36:50', '0', 0),
(46, '1415608616_77_1', 77, 1, '2014-11-10 08:36:56', '0', 0),
(47, '1415608619_77_1', 77, 1, '2014-11-10 08:36:59', '0', 0),
(48, '1415608622_77_1', 77, 1, '2014-11-10 08:37:02', '0', 0),
(49, '1415608626_77_1', 77, 1, '2014-11-10 08:37:06', '0', 0),
(50, '1417664653_1_1', 1, 1, '2014-12-04 03:44:13', '0', 0),
(51, '1417664680_1_1', 1, 1, '2014-12-04 03:44:40', '0', 0),
(52, '1417664690_1_1', 1, 1, '2014-12-04 03:44:50', '0', 0),
(53, '1417664721_1_1', 1, 1, '2014-12-04 03:45:21', '0', 0),
(54, '1417664799_1_1', 1, 1, '2014-12-04 03:46:39', '0', 0),
(55, '1417664861_1_1', 1, 1, '2014-12-04 03:47:41', '0', 0),
(56, '1417664871_1_1', 1, 1, '2014-12-04 03:47:51', '0', 0),
(57, '1417665157_77_1', 77, 1, '2014-12-04 03:52:37', '0', 0),
(58, '1418044028_76_1', 76, 1, '2014-12-08 14:07:08', '0', 0),
(59, '1418263941_1_1', 1, 1, '2014-12-11 03:12:21', '0', 0),
(60, '1418267105_76_1', 76, 1, '2014-12-11 04:05:05', '0', 0),
(61, '1418267738_77_1', 77, 1, '2014-12-11 04:15:38', '0', 0),
(62, '1418268286_77_1', 77, 1, '2014-12-11 04:24:46', '0', 0),
(63, '1418443391_1_1', 1, 1, '2014-12-13 05:03:11', '0', 0),
(64, '1418443413_1_1', 1, 1, '2014-12-13 05:03:33', '0', 0),
(65, '1418443453_1_1', 1, 1, '2014-12-13 05:04:13', '0', 0),
(66, '1418568294_1_1', 1, 1, '2014-12-14 15:44:54', '0', 0),
(67, '1418703541_1_1', 1, 1, '2014-12-16 05:19:01', '0', 0),
(68, '1419065704_76_76', 76, 76, '2014-12-20 09:55:04', '0', 0);

-- --------------------------------------------------------

--
-- 表的结构 `news`
--

DROP TABLE IF EXISTS `news`;
CREATE TABLE IF NOT EXISTS `news` (
`ID` int(11) NOT NULL,
  `type` tinyint(4) DEFAULT NULL,
  `createTime` datetime DEFAULT NULL,
  `source` varchar(255) DEFAULT NULL,
  `author` varchar(255) DEFAULT NULL,
  `title` varchar(255) DEFAULT NULL,
  `content` text,
  `viewnum` int(11) DEFAULT '0',
  `pricefilename` varchar(255) DEFAULT NULL,
  `createid` int(11) DEFAULT '1',
  `isfirst` tinyint(4) DEFAULT '0',
  `isbest` tinyint(4) DEFAULT '0'
) ENGINE=MyISAM  DEFAULT CHARSET=utf8 AUTO_INCREMENT=24 ;

--
-- 转存表中的数据 `news`
--

INSERT INTO `news` (`ID`, `type`, `createTime`, `source`, `author`, `title`, `content`, `viewnum`, `pricefilename`, `createid`, `isfirst`, `isbest`) VALUES
(2, 11, '2014-06-15 19:12:21', '来源', '作者', '2013年的服饰业变革', ' 2013它不论如何都已过去，或许是沉沦或许是品牌新纪元，然暂且做一个标签，也许5年后回望我们方能给予2013它不论如何都已过去，或许是沉沦或许是品牌新纪元，然暂且做一个标签，也许5年后回望我们方能给予...', 0, 'cabb1f265d673de0ba39049983a8a7ac.jpg', 0, 1, 0),
(3, 11, '2014-06-15 20:15:42', '来源', '作者', '2014CHIC中部大观：展示新型服装商业综合体', '开馆首日，中部大观国际商贸中心亮相CHIC 展，成为中部地区唯一受邀参展CHIC2014的专业服装市场。中部大观出现在CHIC2014 的舞台上并非偶然，寄予着中国服装业对于中部的高度期待。可以说，中部大观代表了来自蓬勃发展的中部服装业的声音。 ', 0, '91e062916442d8d240623540a5c697f2.png', 0, 1, 0),
(4, 11, '2014-06-15 21:06:42', '恩恩', '作者去', '2014CHIC中部大观：展示新型服装商业综合体', '2014CHIC中部大观：展示新型服装商业综合体\r\n\n开馆首日，中部大观国际商贸中心亮相CHIC 展，成为中部地区唯一受邀参展CHIC2014的专业服装市场。中部大观出现在CHIC2014 的舞台上并非偶然，寄予着中国服装业对于中部的高度期待。可以说，中部大观代表了来自蓬勃发展的中部服装业的声音。 ', 0, '7a0b7dd8377b5856d7b03b17223f5e2c.png', 0, 1, 0),
(5, 11, '2014-06-16 11:49:20', 'sd', 'sdf', '2014CHIC中部大观：展示新型服装商业综合体', '开馆首日，中部大观国际商贸中心亮相CHIC 展，成为中部地区唯一受邀参展CHIC2014的专业服装市场。中部大观出现在CHIC2014 的舞台上并非偶然，寄予着中国服装业对于中部的高度期待。可以说，中部大观代表了来自蓬勃发展的中部服装业的声音。 ', 0, '154b5134fa3fb958d066944fee4efa77.png', 0, 1, 0),
(6, 21, '2014-06-16 17:55:54', '新闻 美女', '的撒', '骑行与骑行服装', '一种健康自然的运动旅游方式 ，能充分享受旅行过程之美 。一辆单车一套骑行装备即可出行 ，简单又环保。</br>\r\n\n骑行服就是骑行运动时的专业运动服。</br>\r\n\n</br>\r\n\n上衣</br>\r\n\n颜色比较鲜艳，上身效果比较紧，很显线条的一款装备。</br>\r\n\n【作用】提速、排汗，背后有包包的骑行服能装东西，长袖骑行服能防止手臂被晒，加绒骑行服还能保暖。骑行上衣提速的效果非常显著，追求速度的朋友可以考虑购买。骑行上衣的排汗效果与透气性如何取决于面料的选择。</br>\r\n\n【如何选购】骑行上衣的价格一般在100元以上，选购时要注意面料（并非是越光滑越好）、走线以及上身效果，太紧或者太松的都不合适。</br>\r\n\n骑行时不可避免要对会阴部位造成压迫，长期如此会埋下患上前列腺炎的隐患。同时，该部位如果长时间不透气，也会对个人卫生带来不利影响。所以，对于经常骑行的朋友来说，骑行裤是必备的。</br>\r\n\n裤子</br>\r\n\n【构造】从外表看，骑行裤与跑步用的裤子没有太大区别，但前者在裆部加了一层座垫，其基本效果就是缓解会阴部受到的压力，采用特殊材料的座垫还能增强透气性和抑制病菌繁殖。另外，好的骑行裤其表面也用的是透气性很好的材料，可以避免腿部汗水淤积。骑行长裤的紧身效果也很明显，其在裤腿处还有类似于健美裤的设计，或者加装有束带以防止裤腿被卷进牙盘里面。</br>\r\n\n手套</br>\r\n\n</br>\r\n\n【作用】吸汗，防滑，透气，保护手掌及腕关节。吸汗、透气和防滑三者相辅相成。自行车处于高速运动状态时，骑手对自行车的操控效果很大程度上取决于手上功夫。做工精巧的骑行手套无不在防滑效果上下足了功夫。透气性取决于手套的用料及大小。而对手掌的保护则主要体现在翻车时，骑手经常会用手掌先接触地面以使身体缓慢着陆，如果没有手套进行减震，这样的动作容易使手掌被磨破并严重损害关节部位。</br>\r\n\n之所以说骑行手套是在默默奉献，主要是因为认识到手套保护腕关节的朋友并不多。事实上，由于骑行者采用了不同于休闲骑车的坐姿和握把方式，这就让腕关节长期处于非正常的紧张状态，其对神经和肌腱的负面影响甚至是终身性的。骑行手套的特殊作用在于最大限度地缓解对腕关节的压迫，将其与普通手套背面朝下平铺后进行对比，你会发现它的正面不是平的而是上翘的，这恰恰与骑行者握把的姿势是吻合的。</br>\r\n\n骑行服有狭义“骑行服”与广义“骑行服”之分，一般人们常说的“骑行服”为自行车骑行服，并不包括摩托车骑行服；一般称摩托车骑行服为“骑手服”或“赛车服”。</br>\r\n\n摩托车骑行服与自行车骑行服各有侧重。摩托车骑行服以防风、防护为主要目的；自行车骑行服以舒适骑行为主要目的，侧重于速干、高弹、保温、排汗性能；对防护性能的要求弱于摩托车骑行服。</br>\r\n\n面料也大不相同，摩托车骑行服以毛皮、PU为主要用料，配以海绵、硅胶为防护配料，比较厚重。自行车骑行服以涤纶、莱卡为主要用料，轻便且速干、高弹。</br>', 0, '', 0, 1, 0),
(7, 21, '2014-06-17 21:12:23', '来源', '作者', '健身跑与服装准备', '健身跑又称慢跑，它是采用较长时间、慢速度、较长距离的有氧锻炼方法。其技术特点简单、易掌握，男女老少均可参加。该项运动不受场地、器材限制，可在田径场、公路、树林、公园及田间小路等地练习，是我国群众性体育活动中普遍开展的项目之一。</br>\r\n\n不同的跑速对心脑血管的刺激是不同的，慢速跑对心脏的刺激比较温和。同时在跑步的过程中还要注意一下几个方面：</br>\r\n\n1、步幅要小。动作要均衡，小步幅跑可主动降低肌肉在每跑一步中用力强度，尽可能减缓疲劳程度，延长跑步时间。</br>\r\n\n2、跑程要长。跑程长时人体可主动地将当前血液中的血糖全部消耗掉，同时还可消耗掉体内蓄积的多余热量，这种主动消耗，是降低血脂、血糖、缓解血压的最好方法。</br>\r\n\n3、要因人而异。这是从事健身跑的重要原则，每个人的体质和病情不同，因此在跑步中一定要结合自身情况进行。</br>\r\n\n4、注意科学营养。许多人认为跑步的运动量很大，需大量补充动物蛋白，这是一种误区，慢跑主要是消耗血糖，对蛋白质的需求不大，跑步后补充碳水化合物食品为宜。</br>\r\n\n5、走跑交替进行锻炼。可以先走一段，然后再慢慢跑一段，这样交替进行锻炼，最后慢慢缩短走的时间，加大跑步时间，直至过渡到跑30分钟。', 0, '', 1, 1, 0),
(8, 21, '2014-06-17 21:12:52', '来源', '作者', '健康体适能的要素', '健康体适能的要素？</br>\r\n\n体适能测评内容之一。体适能是Physical Fitness的中文翻译，指人体所具备的有充足的精力从事日常工作（学习）而不感疲劳，同时有余力享受康乐休闲活动的乐趣，能够适应突发状况的能力。 </br>\r\n\n美国运动医学学会认为：体适能包括“健康体适能”和“技能体适能”。 健康体适能的主要内容如下：  </br>\r\n\n有五大要素需要大家重视哦！ </br>\r\n\n　　　第一、心肺耐力：心肺及循环系统能够有效地为肌肉提供足够的氧气及养分，并且带走留在肌肉中的废物的能力。通俗一点也看可以理解成：一口气上6楼不费劲。 </br>\r\n\n　　　第二、肌力与肌耐力：肌肉系统能够有效工作的能力，如：保持身体姿势、走路、慢跑甚至快跑等，还有在身体遇到应急状态是对身体的保护，如：摔倒时双手伏地、遇到撞击过来物体时的闪躲等。 </br>\r\n\n　　　第三、身体成分：身体瘦体重和身体脂肪相对比例。你的脂肪是否超过正常水转载自http://www.jk3721.com，请保留此标记。平，从而带来的各类疾病。 </br>\r\n\n　　　第四、柔韧性：身体各个关节能有效地活动到最大范围的能力。相应的就是你的关节活动度是否正常，避免一些关节疾病。中医一句话说的好：“通则不痛、痛则不通”。  </br>\r\n\n　　　第五、神经肌肉松弛：减少或消除肌肉不必要的紧张或精神或心理压力。 </br>\r\n\n　对于不同人，体适能可以代表不同的意义。一位久坐办公室的人所需要的体适能，显然与体力劳动者所需的体适能大大不同。但个人的体适能必须是全面的，它应包括身体的、心智的、情绪的、精神的和社会的要素，缺其一就无法达到整体健康。 </br>\r\n\n体适能训练 </br>\r\n\n　　1.肌力与肌耐力训练：BODY PUMP肌力训练课程、塑身课程、重量训练机、哑铃杠铃阻力训练、循环训练等。 </br>\r\n\n　　2.柔软度训练：伸展运动、瑜伽、太极等。  </br>\r\n\n　　3.心肺训练：有氧体操、有氧舞蹈、跳绳、脚踏车、飞轮有氧、游泳等</br>\r\n\n', 0, '', 1, 1, 0),
(9, 21, '2014-06-17 21:23:33', '来源', '作者', '休闲体育及其特征', ' 休闲体育的概念和特征？</br>\r\n\n\r\n\n其实休闲体育的概念可以从狭义和广义两个方面理解： </br>\r\n\n\r\n\n1、狭义理解：休闲体育是社会体育的组成部分。指人们在闲暇时间以增进身心健康，丰富和创造生活情趣，完善自我为目的的身体锻炼活动。特点是具有自由性、文化性、非功利性和主动性等。对增进健康、强健体魄，预防疾病与康复，提高文化素养与精神文明建设，丰富生活内容与加强人际关系，以及促进人的社会化与个性形成等都有重要意义和作用。  \r\n\n\r\n\n2、广义理解：对休闲体育广义的理解是用于娱乐、休闲的各种体育活动。它与体育运动的其他领域有着对立统一的关系。竞技体育的目标是，最大限度地发展人的运动能力，不断向人类的运动极限挑战。然而，竞技体育的某些项目，如果能够用于休闲，也可以称之为休闲体育。体育教育是对受教育者施以运动技能和知识的教育，使其掌握一些体育锻炼的方法，学会一些体育项目的技术。这些技术与方法在学生将来的生活中，会成为休闲活动的习惯方式，使学生终身受益。大众体育是以健身、娱乐和社会交往为特征的群众性体育活动，与广义的休闲体育有相似之处，可以把休闲体育看成是其中的一部分。综上所述，休闲体育与体育运动的其他领域有着外延的联系，当某种体育活动用于竞技时，可看做是竞技体育；当用于娱乐休闲时，则可看做是休闲体育。各种体育活动的类别属性，视其目标和作用而定。  \r\n\n\r\n\n3、休闲体育的特征；具有自由性、文化性、非功利性和主动性等 </br>\r\n\n\r\n\n北京奥运会后我国休闲体育运动的发展现状表现在以下方面：  </br>\r\n\n\r\n\n(1)体育休闲更加受到重视 \r\n\n\r\n\n(2)运动休闲成为时尚  </br>\r\n\n\r\n\n北京奥运会后我国休闲体育运动的特点表现在以下方面： \r\n\n\r\n\n(1)供需不足矛盾将更加突出 \r\n\n\r\n\n(2)社区体育场地设施经费不足 \r\n\n\r\n\n北京奥运会后我国休闲体育运动的发展趋势表现在以下方面： \r\n\n\r\n\n(1)“三位一体”的学区体育  \r\n\n\r\n\n(2)体育俱乐部建设  \r\n\n\r\n\n(3)体育市场的发展要逐步转向大众体育  \r\n\n\r\n\n(4)开发体育自然资源  </br>\r\n\n\r\n\n2极限运动的概念？包括哪些项目？ </br>\r\n\n\r\n\n极限运动是由多项成型运动项目以及游戏、生活和工作中演变来，参与人群以年轻人为主的高难度观赏性体育运动。人类在与自然的融合过程中，借助于现代高科技手段，最大限度地发挥自我身心潜能，向自身挑战的娱乐体育运动。它除了追求竞技体育超越自我生理极限“更高、更快、更强”的精神外，更强调参与、娱乐和勇敢精神，追求在跨越心理障碍时所获得的愉悦感和成就感，同时，它还体现了人类返璞归真、回归自然、保护环境的美好愿望，因此已被世界各国誉为“未来体育运动”。 </br>\r\n\n\r\n\n极限运动本身也有广义和狭义之分。一些挑战性高的非奥运非世界运动会项目广义上都可以叫做极限运动，比如蹦极、攀岩、悬崖跳水等等。但是狭义的极限运动单指各个大型极限运动会中包含的成型的项目，比如极限摩托车、极限轮滑等等，由于运动会中的这些极限运动经过长时间的系统发展已经有了规模，组织严密，规则完善，比赛合理，因此很多项目正逐渐被大型综合性运动会吸收，比如小轮车竞速已经成为奥运项目，滑雪板U型池也是正式的冬奥项目。那么这些极限项目的出身简单来说就是两种，一种是由一项成型运动演变来的，比如极限摩托车就是由motocross分化出来的，极限滑雪是从普通的滑雪演变来的等等。而另外一些是从游戏、生活和工作中演变来的，比如滑板、攀岩等等。国际上的极限大赛有很多，但知名度最高的就是每年夏季和冬季各举行一次的EXPN极限大赛，每年的参赛项目都有些微妙的改变，一些形成组织并有完善规则的新兴项目在不断被吸纳，而一些开展已经非常广泛，群众基础雄厚的项目则被请出，比如直排轮滑已经不是EXPN的项目就是这个道理。 </br>\r\n\n\r\n\n极限运动，是结合了一些难度较高，且挑战性较大之组合运动项目的统称，例如：直排轮、滑板、极限单车、攀岩、雪板、空中冲浪、街道疾降、跑酷、 极限越野、极限滑水等都是极限运动项目。', 0, '7696672741980c79db9394d6137bd3e0.jpg', 1, 1, 0),
(10, 22, '2014-06-18 08:59:35', '来源', '作者', '常见纤维区分方法', '成分的鉴别</br>\r\n\n</br>\r\n\n鉴别服装面料成分的简易方法是燃烧法。做法是在服装的缝边处抽下一缕包含经纱和纬纱的布纱，用火将其点燃，观察燃烧火焰的状态，闻布纱燃烧后发出的气味，看燃烧后的剩余物，从而判断与服装耐久性标签上标注的面料成分是否相符，以辨别面料成分的真伪。</br>\r\n\n一、棉纤维与麻纤维</br>\r\n\n棉纤维与麻纤维都是刚近火焰即燃，燃烧迅速，火焰呈黄色，冒蓝烟。二者在燃烧散发的气味及烧后灰烬的区别是，棉燃烧发出纸气味，麻燃烧发出草木灰气味；燃烧后，棉有极少粉末灰烬，呈黑或灰色，麻则产生少量灰白色粉末灰烬。</br>\r\n\n二、毛纤维与真丝</br>\r\n\n毛遇火冒烟，燃烧时起泡，燃烧速度较慢，散发出烧头发的焦臭味，烧后灰烬多为有光泽的黑色球状颗粒，手指一压即碎。真丝遇火缩成团状，燃烧速度较慢，伴有咝咝声，散发出毛发烧焦味，烧后结成黑褐色小球状灰烬，手捻即碎。</br>\r\n\n三、锦纶与涤纶</br>\r\n\n锦纶学名聚酰胺纤维，近火焰即迅速卷缩熔成白色胶状，在火焰中熔燃滴落并起泡，燃烧时没有火焰，离开火焰难继续燃烧，散发出芹菜味，冷却后浅褐色熔融物不易研碎。涤纶学名聚酯纤维，易点燃，近火焰即熔缩，燃烧时边熔化边冒黑烟，呈黄色火焰，散发芳香气味，烧后灰烬为黑褐色硬块，用手指可捻碎。</br>\r\n\n四、腈纶与丙纶</br>\r\n\n腈纶学名聚丙烯腈纤维，近火软化熔缩，着火后冒黑烟，火焰呈白色，离火焰后迅速燃烧，散发出火烧肉的辛酸气味，烧后灰烬为不规则黑色硬块，手捻易碎。丙纶学名聚丙烯纤维，近火焰即熔缩，易燃，离火燃烧缓慢并冒黑烟，火焰上端黄色，下端蓝色，散发出石油味，烧后灰烬为硬圆浅黄褐色颗粒，手捻易碎。</br>\r\n\n五、维纶与氯纶</br>\r\n\n维纶学名聚乙烯醇缩甲醛纤维，不易点燃，近焰熔融收缩，燃烧时顶端有一点火焰，待纤维都融成胶状火焰变大，有浓黑烟，散发苦香气味，燃烧后剩下黑色小珠状颗粒，可用手指压碎。氯纶学名聚氯乙烯纤维，难燃烧，离火即熄，火焰呈黄色，下端绿色白烟，散发刺激性刺鼻辛辣酸味，燃烧后灰烬为黑褐色不规则硬块，手指不易捻碎。</br>\r\n\n六、氨纶与氟纶</br>\r\n\n氨纶学名聚氨基甲酸酯纤维，近火边熔边燃，燃烧时火焰呈蓝色，离开火继续熔燃，散发出特殊刺激性臭味，燃烧后灰烬为软蓬松黑灰。氟纶学名聚四氟乙烯纤维，ISO组织称其为萤石纤维，近火焰只熔化，难引燃，不燃烧，边缘火焰呈蓝绿碳化，熔而分解，气体有毒，熔化物为硬圆黑珠。氟纶纤维在纺织行业常用于制造高性能缝纫线。</br>\r\n\n七、粘胶纤维与铜铵纤维</br>\r\n\n粘胶纤维易燃，燃烧速度很快，火焰呈黄色，散发烧纸气味，烧后灰烬少，呈光滑扭曲带状浅灰或灰白色细粉末。铜铵纤维俗名虎木棉，近火焰即燃烧，燃烧速度快，火焰呈黄色，散发酯酸味，烧后灰烬极少，仅有少量灰黑色灰。', 0, '', 1, 1, 0),
(11, 22, '2014-06-18 09:01:26', '来源', '管理员', '功能性面料', '功能性面料是指具有某种特殊性能和用途的面料，比如防水、防风、透气、透湿、保暖、防油、易去污、防菌除臭、防紫外线、防静电、防辐射、防阻燃、耐高温、耐酸碱等功能。市场上的功能性面料以服装面料为主，多用于户外运动服、高档休闲服中。新型功能型纺织材料中，涤纶纤维是开发最多的一种合成纤维。</br>\r\n\n</br>\r\n\n功能性面料主要采用功能纤维织造法和功能助剂浸轧法两种途径获得。功能纤维制造法是指在纱纺阶段采用具有特种功能的高性能纤维，如在《国家重点新产品计划支持领域（2012）》中提到的“碳纤维、芳纶、芳砜纶、高强维纶、高强高模聚乙烯、聚苯硫醚（PPS）、聚苯并双恶唑（PBO）等高性能纤维”，其中芳纶纤维具有耐高温、阻燃和高韧性，可制成各种防护服、消防服和防弹服等。功能助剂浸轧法是指采用先进的涂层技术在布面上涂上不同的化工原料使其具有防水、阻燃、抗静电、增强强度等特殊功能。常用的涂层材质有PU（聚氨基甲酸酯）涂层、PVC（聚氯乙烯）涂层和PA（聚丙烯酸酯）涂层等。', 0, '', 1, 1, 0),
(12, 22, '2014-06-18 09:02:26', '百度百科', '系统管理员', '常见面料特性', '正确分析识别面料性能并准确合理地运用于服装设计是每一个设计师需要掌握的基本知识，否则面料识别错误可能会导致整款服装的设计，制作，穿着或者洗涤等环节出现问题。服装面料的识别包括服装面料的原料识别，外观特征识别以及外观质量识别等。观察识别面料不仅要用视觉，而且要用听觉，触觉甚至嗅觉。如运用眼睛的视觉效应观看织物的光泽明暗，染色情况，表面粗细以及组织，纹路和纤维的外观特征，比如纯棉布光泽普通，外观不够细洁，粗糙甚至有棉结杂质，羊毛与涤纶混纺的呢绒光泽较亮，有闪色感，身骨略为搬硬而失之柔软，并随涤纶含量的增加而明显突出。缺乏柔和的柔润感，织物挺括。平整，光滑；运用手的触觉效应能够感觉到织物和纤维的软硬，光滑，粗细，弹性，冷暖等，用手还可以测出纤维中纱线的强度和伸长度。</br>\r\n\n</br>\r\n\n不同的面料具有不同的透气性，吸湿性，保暖性等性能，比如棉织物具有良好的透气性和吸湿性，穿着舒适，保暖性好，是最理想的童装面料。选择面料时要确认面料的透气性，保温性，吸湿性，静电性等性能特征，再针对面料的挺括性，重量感，软硬度和悬垂性来考虑它适合做什么样的造型，做什么样的款式等。</br>\r\n\n常见的服装面料的特性分别作一些简单的介绍。</br>\r\n\n1、棉布</br>\r\n\n是各类棉纺织品的总称。它多用来制作时装、休闲装、内衣和衬衫。它的优点是轻松保暖，柔和贴身、吸湿性、透气性甚佳。它的缺点则是易缩、易皱，外观上不大挺括美观，在穿著时必须时常熨烫。</br>\r\n\n2、麻布</br>\r\n\n是以大麻、亚麻、苎麻、黄麻、剑麻、蕉麻等各种麻类植物纤维制成的一种布料。一般被用来制作休闲装、工作装，多以其制作普通的夏装。它的优点是强度极高、吸湿、导热、透气性甚佳。它的缺点则是穿著不甚舒适，外观较为粗糙，生硬。</br>\r\n\n3、丝绸</br>\r\n\n是以蚕丝为原料纺织而成的各种丝织物的统称。与棉布一样，它的品种很多，个性各异。它可被用来制作各种服装，尤其适合用来制作女士服装。它的长处是轻薄、合身、柔软、滑爽、透气、色彩绚丽，富有光泽，高贵典雅，穿著舒适。它的不足则是易生折皱，容易吸身、不够结实、褪色较快。</br>\r\n\n4、呢绒</br>\r\n\n又叫毛料，它是对用各类羊毛、羊绒织成的织物的泛称。它通常适用以制作礼服、西装、大衣等正规、高档的服装。它的优点是防皱耐磨，手感柔软，高雅挺括，富有弹性，保暖性强。它的缺点主要是洗涤较为困难，不大适用于制作夏装。</br>\r\n\n5、皮革</br>\r\n\n是经过鞣制而成的动物毛皮面料。它多用以制作时装、冬装。又可以分为两类：一是革皮，即经过去毛处理的皮革。二是裘皮，即处理过的连皮带毛的皮革。它的优点是轻盈保暖，雍容华贵。它的缺点则是价格昂贵，贮藏、护理方面要求较高，故不宜普及。</br>\r\n\n6、化纤</br>\r\n\n是化学纤维的简称。它是利用高分子化合物为原料制作而成的纤维的纺织品。通常它分为人工纤维与合成纤维两大门类。它们共同的优点是色彩鲜艳、质地柔软、悬垂挺括、滑爽舒适。它们的缺点则是耐磨性、耐热性、吸湿性、透气性较差，遇热容易变形，容易产生静电。它虽可用以制作各类服装，但总体档次不高，难登大雅之堂。</br>\r\n\n7、混纺</br>\r\n\n是将天然纤维与化学纤维按照一定的比例，混合纺织而成的织物，可用来制作各种服装。它的长处，是既吸收了棉、麻、丝、毛和化纤各自的优点，又尽可能地避免了它们各自的缺点，而且在价值上相对较为低廉，所以大受欢迎。</br>\r\n\n8 莫代尔</br>\r\n\n莫代尔 (Modal) 是一种高湿模量粘胶纤维的纤维素再生纤维，该纤维的原料采用欧洲的榉木，先将其制成木浆，再通过专门的纺丝工艺加工成纤维.。该产品原料全部为天然材料，对人体无害，并能够自然分解，对环境无害。Modal纤维的特点是将天然纤维豪华质感与合成纤维的实用性合二为一。具有棉的柔软、丝的光泽，麻的滑爽，而且其吸水、透气性能都优于棉，具有较高的上染率，织物颜色明亮而饱满。Modal纤维可与多种纤维混纺、交织，如棉、麻、丝等，以提升这些布料的品质，使面料能保持柔软、滑爽，发挥各自纤维的特点，达到更佳的使用效果。', 0, '', 1, 1, 0),
(13, 22, '2014-06-18 09:02:46', '百度百科', '管理员', '面料', '面料就是用来制作服装的材料。作为服装三要素之一，面料不仅可以诠释服装的风格和特性，而且直接左右着服装的色彩、造型的表现效果。</br>\r\n\n</br>\r\n\n制作在正式的社交场合所穿著的服装，宜选纯棉、纯毛、纯丝、纯麻制品。以这四种纯天然质地面料制作的服装，大都档次较高。有时，穿著纯皮革制作的服装，也是允许的。</br>\r\n\n（1）梭织面料（Woven Fabric）</br>\r\n\n也称机织物，是把经纱和纬纱相互垂直交织在一起形成的织物。其基本组织有平纹(plain)、斜纹(twill)、缎纹(satin weave)三种。不同的梭织面料也是由这三种基本组织及由其变化多端的组织而构成。主要有雪纺（Chiffon）、牛津布（Oxford）、牛仔布(Denim）、斜纹布(Drill）、法兰绒(Flannel）、花缎（Damask）等。</br>\r\n\n（2）针织面料(Knitted Fabric)</br>\r\n\n用织针将纱线或长丝构成线圈，再把线圈相互串套而成，由于针织物的线圈结构特征，单位长度内储纱量较多，因此大多有很好的弹性。针织面料有单面和双面之分。主要有汗布（Single Jersey）、天鹅绒(velvet)、鸟眼布（birdeyes）、网眼布(mersh fishnet)等。</br>\r\n\n针织面料可分为纬编针织物（weft-knitted fabric）与经编针织物（warp-knitted fabric）两大类。', 0, '', 1, 1, 0),
(14, 22, '2014-06-18 09:03:16', '百度百科', '管理员', '纺织纤维', '纺织纤维分天然纤维和化学纤维两种。 亚麻、棉纱、麻绳等是从植物中获取的，属于天然纤维；羊毛和丝绸来自动物，也是天然纤维。 化学纤维的种类很多， 例如尼龙、人造纤维、玻璃纤维等等。', 0, '', 1, 1, 0),
(15, 22, '2014-06-18 09:03:33', '百度百科', '作者', '运动织物', '运动织物</br>\r\n\n</br>\r\n\n1.Refreshing运动织物</br>\r\n\n运动衣具吸汗快乾或吸湿排汗的特性者，皆可称之为"Refreshinggarments"，提供竞赛者舒适的感觉，在运动场上，创造佳绩。此类衣物设计的理念来自树木的毛细现象，如多层聚酯针织物Fieldsensor，其内层为粗支丹尼聚酯纱，与皮肤直接接触，外层为疏水性细丹尼聚酯纱，表面致密的构造能够加速排汗的效</br>\r\n\n</br>\r\n\n运动服</br>\r\n\n果。Cubesensor及Coolmagic梭织物，Aerosensor双面经编织物，以此相似的概念，研发更多差异性的功能。在Technorama实验室里，实际运作下，证实在奔跑途中，Fieldsensor织物内层的吸湿性较一般T/C织物要来得低，如图八所示，除了上述言及的性质外，目前亦竭尽心力地研发反射日光/抗UV织物"Aloft"，为鞘/芯的共轭聚酯纤维纱，芯部分充满特殊的陶瓷颗粒，以提高其物性，Aloft织物在可见光、红外线、紫外线下的情形与传统聚酯纤维做比较。</br>\r\n\n2.透湿防水织物</br>\r\n\n透湿防水织物设计理念，是阻绝大雨滴、雾气及雪的渗入，而人体排出的汗气则可顺利排出，除达到优越的防水性能外，穿者不会产生闷热的感觉，如众所皆知的由CF贴合的Goretex织物，非常适合高山攀岩及海上的活动。Toray的Entrant是经PU树脂涂布的透湿防水物，从织物内层表面排除过量的湿气，目前在日本年产量达130万公尺。Toray另一非涂布之高密度炽物"HZOFF"，是聚酯超细丹尼空气交络纺制的纱，其结构具有高度的透湿性。</br>\r\n\nToray最近研发的EntrantG-II，是不同密度的双层PU蜂巢式薄膜所组成，其透湿度达8000g/m2/D，阻隔雨滴的大小从100到500μ(从毛毛细雨到倾盆大雨)。目前研发"Dermizax"，为无孔质PU树脂涂布于聚酯梭织物上，透湿度可达5500g/m2/D。另多孔质树脂可以使织物在高温时排出湿气，低温时，有保暖效果，同时保持织物适度的湿气。</br>\r\n\n3.保暖性织物</br>\r\n\n织物吸收阳光能源，将其转换成热量，保存於织物裏，达到保暖的效果，此类产品已由Unitika开发完成，称之为"Solor-a"，在共轭聚酯纤维芯的部份加入碳化锆、使织物有保暖的效果。Toray的Megacron由太阳能吸收体来吸收太阳的能源，一层金属氧化物及充满锆氧化物的纤维所制成的织物，经太阳照射吸收後，将红外线热能释放，提高温度，来达到保暖功能。另一产品Querbinthermo，织物表层具去变色性，反面为陶瓷层，光线照射後，当温度高於正常温度时，表层会呈现白色，当温度较低时，颜色转变成黑色。更进一步的发展，针对高山攀岩及寒带气候所研发的保暖织物，利用高密度中空纤维，在气相下，涂布一层金属、籍由辐射作用将热源传导，经循环控制分布于织物各处。</br>\r\n\n4.低阻抗力的运动织物</br>\r\n\n在游泳及滑雪跳跃的竞赛项目中，由于竞争激烈，往往差距在0.01秒，所以为了此类运动选手的需求，低阻抗力的功能应运而生，以游泳衣而言，有耐隆超细丹尼纱与弹性纱混纺而成的高针数(32G)双面经编织物，如Toray的Acquapin织物能够降低水中摩擦阻力10%。另一产品Acquaspec其功能性更佳，能够减少阻力达15%，由聚酯超细丹尼经表面整理加工而成。其他如Descente公司利用有波纹的加工丝在织物表面形成很细的沟槽，达到降低水中摩擦阻力的功能，同样的设计理念，用於空气流体，以减少滑雪跳跃选手在空中的阻力。Dimplex织物由Descente与Eschler公司共同合作，以波纹加工丝在滑雪跳跃织物的表面形成凸状，使选手在起跑、起飞及空中飞行的阶段中，均能将空气的阻力降至最低。</br>\r\n\n5.超高强力织物</br>\r\n\n运动者在竞赛裏，经常有激烈粗暴的动作，如快速滑倒，碰撞、擦撞等。Dynamonus织物是高强力聚酯纤维短纤纱与5～15%P-芳香族聚醯胺纤维(高强力纤维)混纺而成，具优越的耐热熔性，能抗摩擦、抗擦撞及登山时，防止被岩石锐角所割破，其主要的四项抗磨物性，如图十三所示，除了用于运动服外，目前已推广至工作服、海上运动服及工业用途。除了运动者外，一般消费者亦开始关切其所拥有的运动衣，具有何种功能性？这股需求已有逐渐扩大的趋势。Mr.K.Hayakawa对未来提出新颖的看法，古代美学的呈现在于“裸体”，这意味著未来运动衣的设计必须依人体结构来塑造，运动时才能将阻力及束缚力降至最低，期待未来新产品能够回应更多不同的需求。</br>\r\n\n</br>\r\n\n6.透湿性的织物</br>\r\n\n舒适性织物，除了人体与衣服之间的关系外，尚须注意气候环境因素(衣服的内、中、外)，要满足人体皮肤功能与感觉，织物必须固定各种气候环境的变化。运动衣主要功能为隔绝恶劣环境与人体直接接触，产生保护性作用。如防风、防水......等，为了避免外在气候的侵袭，大部分梭织物以涂布PVC来达到防水的效果，但却产生负面的影响－不透气、出汗、无法排除及不舒服的感觉。而无法排汗正是运动衣最大的缺点。针织物则不同，除了其有伸展性外，亦有透湿的效果，以双面织物效果较佳，不会与皮肤紧紧贴住，一般内层材质为人造纤维的加工丝或是短纤。外层材质则以天然棉为主，人造纤维的毛细作用将人体散发的湿气吸附，间接阻绝棉纤维的吸湿，使皮肤瞬间达到排汗的效果，而不会有湿湿黏黏的感觉。</br>\r\n\n衣著舒适性的功能与材质、空气层的厚度及量的多寡、防水层的厚度、透气性的好坏有关，以材质而言，棉纤维因吸湿性较优，容易吸汗与皮肤接触，易引起一股寒意，反而不佳，人造纤维尤其是超细纤维，其表面积大，毛细作用强，具多孔性有温度调节作用，手感柔软，故较符合运动衣机能性的需求。</br>\r\n\n7. 保暖性织物(HeatedClothing)</br>\r\n\nDescenteLtd及MatsushitaEloctricIndustrialCO.Ltd是世界生产运动衣及电子材料的著名厂商，两家公司合作研发创新"MobileThermo"的功能性织物，将精致的加热器，置於衣服中，经由接触反应而产生热能，这是一项重大的突破。将加热器设计结合在"MobileThermo"织物，经由白金触媒转换器与混合气体(空气及异丁烯－丙烷气)瓦斯等接触，产生连续反应，放出热能，加热过程中，不会有火焰产生，最高可达200℃，可由电子元件调节，控制穿著最舒适的温度，同时其热交换的焰管可产生热，均匀地将热能分布于运动衣上。织物内层为立体蜂巢结构，背部有固定间隔的电子装置，以提高热量分布的均匀性，可以精确地调温度范围，低温为30℃、中温为34℃、高温为38℃，室内温度较高时，可连续穿3小时，不须更换瓦斯弹，室内温度较低时，可穿著4.5小时，必须靠瓦斯弹，持续提供其热量的来源。MobileThermo织物不仅提供冬季寒冷地区运动者的需求，亦适用一般户外运动者，目前期待新一代的产品出现，利用太阳能，经储存再转换热量提供运动者的需求。 消费者休闲衣及运动衣领域裏，最受瞩目的四大功能为透湿性、防雨、防水、防风，除了纤维材质，纱的结构及织物组织的影响因素外，整理加工药剂的选择及加工技术的应用，是展现功能特性的另一重要因素，包括PVC涂布、微孔质涂布、CF化学药剂及薄膜结构(PTFE、PP、PET)等。防水已是运动衣的基本功能，除此之外，运动衣尚被要求具有“呼吸”的机能－透湿性，其使用的整理加工药剂必须确保湿气(非汗气)能经由衣服引导至大气中，同时衣服外层不能因吸力作用将湿气传导至织物内层。\r\n\n', 0, '', 1, 1, 0),
(16, 12, '2014-06-18 09:03:52', '来源', '作者', '2014CHIC中部大观：展示新型服装商业综合体', '   dadfsdfasdf', 0, '6d9ee392655b9065f75f89c562085345.png', 1, 1, 0),
(17, 11, '2014-07-13 11:15:55', '来源', '作者', '运动服装潮流趋势如何看？', '   运动服装潮流趋势如何看？运动服装潮流趋势如何看？运动服装潮流趋势如何看？运动服装潮流趋势如何看？运动服装潮流趋势如何看？运动服装潮流趋势如何看？运动服装潮流趋势如何看？运动服装潮流趋势如何看？运动服装潮流趋势如何看？运动服装潮流趋势如何看？运动服装潮流趋势如何看？运动服装潮流趋势如何看？', 0, 'a2eb5803e0c5b6c892715a93565fc917.png', 1, 0, 1),
(18, 13, '2014-07-13 11:16:40', '来源', '作者', '以“力行”姿态促强国建设', '  以“力行”姿态促强国建设以“力行”姿态促强国建设以“力行”姿态促强国建设以“力行”姿态促强国建设以“力行”姿态促强国建设以“力行”姿态促强国建设以“力行”姿态促强国建设以“力行”姿态促强国建设以“力行”姿态促强国建设以“力行”姿态促强国建设以“力行”姿态促强国建设以“力行”姿态促强国建设', 0, '6e7a6671803924db089d2cf2b9706adf.png', 1, 0, 1),
(19, 21, '2014-12-08 19:04:27', '百度百科', '测试', '瑜伽运动与服装', ' 在世界多个不同地方流行的瑜伽，不仅只是一套流行或时髦的健身运动这么简单。瑜伽是一个非常古老的能量知识修炼方法，集哲学、科学和艺术于一身。瑜伽的基础建筑在古印度哲学上，数千年来，心理、生理和精神上的戒律已经成为印度文化中的一个重要组成部分。古代的瑜伽信徒发展了瑜伽体系，因为他们深信通过运动身体和调控呼吸，可以控制心智和情感，以及保持健康的身体。</br>\r\n\n</br>\r\n\n瑜伽发展到了今天，已经成为世界广泛传播的一项身心锻炼修习法。从印度传至欧美、亚太、非洲等等，因为它对心理的减压以及对生理的保健等明显作用而备受推崇。同时不断演变出了各种各式的瑜伽分支方法，比如热瑜伽、哈他瑜伽、高温瑜伽、养生瑜伽等等，以及一些瑜伽管理科学。</br>\r\n\n　　在现代，也产生了一些在全球具有广泛影响力的瑜伽大师 ，例如室利•阿罗频多、辨喜、艾扬格、斯瓦米•兰德福、张蕙兰等。不可否认，悠久的瑜伽将会更加受到各界人士的喜爱。由斯瓦米•兰德福担任首席大师的印度帕坦伽利瑜伽学院有限公司是当今世界上历史传承最悠久、最权威的瑜伽学院和瑜伽教练资质等级评定认证机构。</br>\r\n\n</br>\r\n\n一般来说瑜伽服就分长袖、中长袖，短袖，背心，吊带，而裤子来说的话就是直筒，喇叭，灯笼裤比较居多。你可以按照他们的款式分开来进行搭配，他们来说整体都必须最好是遮住你的肚脐，抱住丹田之气。</br>\r\n\n瑜伽服对于练习瑜伽的MM们对质对味最重要，不一定是僧衣道袍的禅风服饰，讲求的是灵性，体悟的是舒适、感性的禅趣。因此，在选购上衣时，只要你多注意一些小细节，不仅符合禅意，又为你的美女气质加分。众所周知，瑜伽对于健康，减肥都有莫大的功效，吸引了越来越多的国人加入了这一行列。</br>\r\n\n然而，投身于瑜伽运动的前提除了懂得基本的瑜伽理论外，自然应当拥有一身合身舒适的瑜伽服。一套好的瑜伽服重量很轻，在你做动作的时候几乎无任何的阻碍，可以使你随心所欲做出各种动作。</br>\r\n\n瑜伽服的选择，在健身房中有很多教练推荐高档进口货。从一些方面来说，高档瑜伽服在款式面料上比其他的国际品牌服装要好一些，然而就其昂贵的费用对于普通消费者来说，其性价比是不如后者的。</br>\r\n\n瑜伽服属于贴身内衣类产品，更应注重其健康的特性，人在运动当中，会大量流汗，</br>\r\n\n</br>\r\n\n如果贴身衣服的材质不是真正绿色健康的话，有害物质会随着毛孔张开进入皮肤，身体，长期下去，会对人体造成很大的危害，而质量好的瑜伽服均采用的是纯天然竹纤维制成，让您在瑜伽运动中，尽享绿色健康的感觉</br>\r\n\n瑜伽服装的选择对于初学者来说，服装是最基本的装备，我们经常可以看到瑜伽的动作都比较柔软，而且幅度都比较大，所以就要求瑜伽的练习服装一定不要太紧身。太贴身的衣物，对于动作的伸展性并不好，我们看到的瑜伽服基本上都是上紧下松的，上衣一般相对紧身点，但裤子肯定是宽松的，这是为了方便把动作做到位。上衣只要能够穿出自己的气质就可以了，而裤子以宽松、休闲为主。\r\n\n', 0, NULL, 1, 1, 0),
(20, 21, '2014-12-08 19:05:50', '百度百科', '测试', '运动服装', '  运动服非主要分为以下9类：</br>\r\n\n\r\n\n\r\n\n\r\n\n</br>\r\n\n\r\n\n\r\n\n\r\n\n田径服</br>\r\n\n\r\n\n\r\n\n\r\n\n</br>\r\n\n\r\n\n\r\n\n\r\n\n</br>\r\n\n\r\n\n\r\n\n\r\n\n运动服</br>\r\n\n\r\n\n\r\n\n\r\n\n运动员以穿背心、短裤为主。一般要求背心贴体，短裤易于跨步。有时为不影响运动员双腿大跨度动作，还在裤管两侧开衩或放出一定的宽松度。背心和短裤多采用针织物，也有用丝绸制作。</br>\r\n\n\r\n\n\r\n\n\r\n\n球类服</br>\r\n\n\r\n\n\r\n\n\r\n\n</br>\r\n\n\r\n\n\r\n\n\r\n\n通常以短裤配套头式上衣。球类运动服需放一定的宽松量。篮球运动员一般穿用背心，其他球类的则多穿短袖上衣。足球运动衣习惯上采用 V字领，排球、乒乓球、橄榄球、羽毛球、网球等运动衣则采用装领，并在衣袖裤管外侧加蓝、红等彩条胁线。网球衫以白色为主，女子则穿超短连裙装。</br>\r\n\n\r\n\n\r\n\n\r\n\n水上服</br>\r\n\n\r\n\n\r\n\n\r\n\n</br>\r\n\n\r\n\n\r\n\n\r\n\n主要有3类：①、从事游泳、跳水、水球、滑水板、冲浪、潜泳等运动时，主要穿用紧身游泳衣，又称泳装。男子穿三角短裤，女子穿连衣泳装或比基尼泳装。对游泳衣的基本要求是运动员在水下动作时不鼓涨兜水，减少水中阻力，因此宜用密度高、伸缩性好、布面光滑的弹力、锦纶、腈纶等化纤类针织物制作，并配戴塑料、橡胶类紧合兜帽式游泳帽。潜泳运动员除穿游泳衣外，一般还配面罩、潜水眼镜、呼吸管、脚蹼等。</br>\r\n\n\r\n\n\r\n\n\r\n\n</br>\r\n\n\r\n\n\r\n\n\r\n\n运动服</br>\r\n\n\r\n\n\r\n\n\r\n\n②、从事划船运动时，主要穿用短裤、背心，以方便划动船桨。冬季采用毛质有袖针织上衣。</br>\r\n\n\r\n\n\r\n\n\r\n\n③、摩托艇运动速度快，运动员除穿用一般针织运动服外，往往还配穿透气性好的多孔橡胶服、涂胶雨衣及气袋式救生衣等。衣服颜色宜选用与海水对比鲜明的红、黄色，便于在比赛中出现事故时易被发现。轻量级赛艇为防翻船，运动员还需穿用吸水性好的毛质背心，吸水后重量约为3kg。</br>\r\n\n\r\n\n\r\n\n\r\n\n举重服</br>\r\n\n\r\n\n\r\n\n\r\n\n</br>\r\n\n\r\n\n\r\n\n\r\n\n举重比赛时运动员多穿厚实坚固的紧身针织背心或短袖上衣，配以背带短裤、腰束宽皮带。皮带宽度不宜超过12cm。</br>\r\n\n\r\n\n\r\n\n\r\n\n摔跤服</br>\r\n\n\r\n\n\r\n\n\r\n\n</br>\r\n\n\r\n\n\r\n\n\r\n\n摔跤服因摔跤项目而异。如蒙古式摔跤穿用皮制无袖短上衣，又称“褡裢”，不系襟，束腰带，下着长裤，或配护膝。柔道、空手道穿用传统中式白色斜襟衫，下着长至膝下的大口裤，系腰带。日本等国家还以腰带颜色区别柔道段位等级。相扑习惯上赤裸全身，胯下只系一窄布条兜裆，束腰带。</br>\r\n\n\r\n\n\r\n\n\r\n\n体操服</br>\r\n\n\r\n\n\r\n\n\r\n\n</br>\r\n\n\r\n\n\r\n\n\r\n\n</br>\r\n\n\r\n\n\r\n\n\r\n\n体操服在保证运动员技术发挥自如的前提下，要显示人体及其动作的优美。男子一般穿通体白色的长裤配背心，裤管的前折缝笔直，并在裤管口装松紧带，也可穿连袜裤。女子穿针织紧身衣或连袜衣，并选用伸缩性能好、颜色鲜艳、有光泽的织物制作。</br>\r\n\n\r\n\n\r\n\n\r\n\n冰上服</br>\r\n\n\r\n\n\r\n\n\r\n\n</br>\r\n\n\r\n\n\r\n\n\r\n\n滑冰、滑雪的运动服要求保暖，并尽可能贴身合体，以减少空气阻力，适合快速运动。一般采用较厚实的羊毛或其他混纺毛纤维针织服，头戴针织兜帽。花样滑冰等比赛项目，更讲究运动服的款式和色彩。男子多穿紧身、潇洒的简便礼服；女子穿超短连衣裙及长统袜。</br>\r\n\n\r\n\n\r\n\n\r\n\n登山服</br>\r\n\n\r\n\n\r\n\n\r\n\n</br>\r\n\n\r\n\n\r\n\n\r\n\n竞技登山一般采用柔软耐磨的毛织紧身衣裤，袖口、裤管宜装松紧带，脚穿有凸齿纹的胶底岩石鞋。探险性登山需穿用保温性能好的羽绒服，并配用羽绒帽、袜、手套等。衣料采用鲜艳的红、蓝等深色，易吸热和在冰雪中被识别。此外，探险性登山也可穿用腈纶制成的连帽式风雪衣，帽口、袖口和裤脚都可调节松紧，以防水、防风、保暖和保护内层衣服。</br>\r\n\n\r\n\n\r\n\n\r\n\n击剑服</br>\r\n\n\r\n\n\r\n\n\r\n\n</br>\r\n\n\r\n\n\r\n\n\r\n\n击剑服首先注重护体，其次需轻便。由白色击剑上衣、护面、手套、裤、长统袜、鞋配套组成。上衣一般用厚棉垫、皮革、硬塑料和金属制成保护层，用以保护肩、胸、后背、腹部和身体右侧。按花剑、佩剑、重剑等不同剑种，运动服保护层的要求略有不同。花剑比赛的上衣，外层用金属丝缠绕并通电，一旦被剑刺中，电动裁判器即会亮灯；里层用锦纶织物绝缘，以防出汗导电；护面为面罩型，用高强度金属丝网制成，两耳垫软垫；下裤一般长及膝下几厘米，再套穿长统袜，裹没裤管。击剑服应尽量缩小体积，以减少被击中的机会。', 0, NULL, 1, 1, 0),
(21, 23, '2014-12-08 19:17:27', '百度百科', '管理员', '用户与服装选择', ' 运动家基本上区分为三种不同的典型，分别高水准的职业冒险家及破记录的竞赛者，其他为竞赛运动的爱好者，如运动俱乐部、学校竞赛等，这些选手基本上对功能性都有不同的需求，但是舒适性及高感性的功能是不可或缺的。对顶尖的竞赛者而言，主要的功能需求为低抗阻力、高强力、轻薄及伸张性。对追求舒适性及健康者而言，其要求的功能包括保暖、抗UV、吸汗快乾、透湿防水、除臭等。提供穿衣者轻松愉快的感觉，而不是过度疲劳的倦怠感。从感性的观点言之，织物组织、手感、光泽、颜色变化、透明度等为织物工程的重要因素。', 0, NULL, 1, 1, 0),
(22, 23, '2014-12-08 19:18:45', '百度百科', '管理员', '运动服装的功能性要求', ' 就消费者而言，休闲衣及运动衣的机能，有别于职业运动者，讲求易保养及防水、防风的舒适性，为了提高消费者的购买行为，其周边设备的厂商亦已加入销售的行列，如卫生保健及抗UV的防护性织物，为了提供日益增加的功能需求，织造商及化学助剂商不断地研发新纤维及整理加工的产品。以聚酯及耐隆的超细纤维发展最为快速，高密度及防水的织物在休闲衣的用途最为广泛。休闲运动衣因外在环境及消费者使用之关系，其机能性会受到水洗、乾洗、尘埃、温度变化，紫外线辐射等影响，而使其强力、耐摩性、撕裂强力等功能下降。面对“耐久性机能”的挑战，业界正不遗馀力地投入研发。</br>\r\n\n</br>\r\n\n运动衣基本机能的四个要素：</br>\r\n\n1.防护功能：防风、防水。</br>\r\n\n2.隔绝功能：保暖。</br>\r\n\n3.透湿、透气性：确保人体散发的热气，可透过织物排至体外。</br>\r\n\n4.弹性功能：提供运动者奔跑、跳跃的需求。</br>\r\n\n"Clothingphysiology"是对机能性运动衣与休闲衣所做的一种描绘，是人类身体与衣服之间互动的一种哲理，在人体呈现出舒服、健康、高性能的特徵。要将其具体化，则必须充分了解纤维、纺纱织造、织物密度、厚度、重量、色泽、成衣等各项参数及整合的技巧。 只用一种评估标准来衡量机能性的优劣是错误的，一般而言，身体－气候环境－衣服三者会相互影响。而身体是不变的，衣服却是可变的，人体在正常环境下，均维持在37℃下运作。运动时，体温会上升，藉由排汗功能使体温恢复正常。排汗所形成的湿气，必须藉由织物渗透吸收再排至体外。如果无法排出体热，湿气在人体与衣服间来回冲撞，将造成不舒服的感觉，人体排汗的功能，是正常的行为反应，所以舒适性与否与织物有较大的关系，这是消费者吸湿排汗的需求。\r\n\n', 0, NULL, 1, 1, 0);
INSERT INTO `news` (`ID`, `type`, `createTime`, `source`, `author`, `title`, `content`, `viewnum`, `pricefilename`, `createid`, `isfirst`, `isbest`) VALUES
(23, 23, '2014-12-08 19:20:06', '百度百科', '管理员', '运动服饰', ' 运动服是专用于体育运动竞赛的服装。通常按运动项目的特定要求设计制作。广义上还包括从事户外体育活动穿用的服装。在当今的时尚字典里，如果没有“运动”的字眼，那就算不上是真正的时尚。运动是最流行的元素，今天的运动装也融合了太多的因素，专业的、休闲的、时尚的，我们不只在运动的时候穿它，工作的时候、聚会的时候……不知到底是时尚拷贝了运动，还是运动归入了时尚。 </br>\r\n\n</br>\r\n\n　　其实，对于大多数人来说，运动除了健身的功能之外，更大的作用在于自娱自乐。美国人沃尔夫在《娱乐经济》一书中指出，在今天，消费者不管买什么，都在其中寻求娱乐成分。“玩经济”给人的快乐体验是全方位的，由此带来关联行业的迅猛发展也出人意料。在“玩经济”时代，人们的注意力已从具体的竞技中游离出来，而更加关注其中的娱乐感受。其中，运动服饰的选择和使用，本身就是一个令人愉悦的过程。 </br>\r\n\n</br>\r\n\n　　节奏与审美的要求： </br>\r\n\n</br>\r\n\n　　时尚正在向运动靠拢 </br>\r\n\n</br>\r\n\n　　“运动服装的时尚化，正是因为它们二者由于彼此需要而产生的。”A－DIDAS品牌管理人士认为，“都市生活的变化是运动服被时尚青睐的原因。首先，现在社会生活节奏很快，人们无暇花大量时间打理着装，所以大方、便捷就成为穿着的主要需求。运动装正有这样的优势，“所以与其说运动在‘巴结’时尚，倒不如说是时尚在不自觉地向运动靠拢”；其次，社会审美的转变也起到了推波助澜的作用。健康是现代人时尚的标准之一，一个身穿运动装的人很容易让人联想起“活力”、“健康”这样的词汇，它成为时尚的“代言人”也合情合理。新一代运动服饰的最酷观念是什么？是要懂得如何把握时尚流行的语言，穿出运动闲适的自信与优雅；同时用简洁的要素、淡雅的色调展现运动服饰休闲的新境界，彰显摩登的姿态。 </br>\r\n\n</br>\r\n\n　　当生活追求利落舒适，华丽繁复明显变成枷锁，不管是运动时装化还是时装运动化，都令当今的时装大气候日趋舒适与随意，保留华丽的同时，降低了隆重与刻意。运动的灵活变通与舒适功能，结合时装的摩登用色与贴身剪裁，搭配手法越来越出神入化，已成为21世纪统领天下的时尚准则。 </br>\r\n\n</br>\r\n\n　　高科技加时尚嗅觉： </br>\r\n\n</br>\r\n\n　　运动服饰的独特优势 </br>\r\n\n</br>\r\n\n　　在科技上提高运动服的品质，在外形上更加迎合消费者的需求，“内外兼修”是运动服装杀入时尚界的利器。 </br>\r\n\n</br>\r\n\n　　运动服装帮助运动员提高速度、方便排汗等方面的功能让人印象深刻。很多科技并不只是在赛场上发威，在生活中它们同样给人们带来便利。 </br>\r\n\n</br>\r\n\n　　从某种意义上说，一件衣服的科技含量越高，它越能引领潮流，成为流行的时尚。 </br>\r\n\n</br>\r\n\n　　据中央商城第五商品部楼层经理杜学凤介绍，几年前，消费者还曾抱怨，一走进专业化运动品牌专卖店，自己的时尚嗅觉和审美眼光就全都失效。但近年来，运动服在外观上模糊运动特征，增加时尚感，已是一个潮流。比如，彪马与德国高档服饰品牌JilSander、阿迪达斯与山本耀司、锐步与夏奈尔等等。运动服饰除了对专业化的需求，还有对生活与时尚感的追求。讲究功能、线条、灵活、闲适的运动服饰，向高级时装刁钻剪裁与绮丽用色取经，是运动品牌时装化的新程式。 </br>\r\n\n</br>\r\n\n　　“时尚其实是一个说不清楚的东西，但是它绝不会拒绝活力和个性。”一线国产运动品牌李宁的设计师史先生说，“运动服可以和休闲服搭配起来穿着，混搭给人们以无限的灵感和创意，穿衣服不再千篇一律，有了自己的个性，这也符合运动产品给人活力的宗旨。也就进入到了时尚的行列。”如今越来越多的运动品牌似乎都开始有意将运动装带到工作室、咖啡馆和书吧。许多著名运动品牌这两年走得很快，色调令人耳目一新，贴合身体、适合伸展的弹性柔软面料更让你摆脱了束腰立领、衣服架子一样的拘谨。一点小小的自由，却可以大大地改变生活，甚至改变别人看待你的方式。 </br>\r\n\n</br>\r\n\n　　过去国际运动品牌在中国留下的“高端形象”，也给运动服的“时尚化”打下了良好的基础。如此，它既可以定位低端，也可以定位中高端，运动服内外兼修，前途广阔。 </br>\r\n\n</br>\r\n\n　　时尚也讲专业化： </br>\r\n\n</br>\r\n\n　　运动品牌选择有讲究 </br>\r\n\n</br>\r\n\n　　运动服装的基本要求是吸水、透气，不妨碍动作，针对具体的运动项目，还有一些特殊的要求。对于运动爱好者来说，与其根据性能要求寻找替代品，不如直接选购所从事运动领域的专业品牌，既能符合运动要求，又显得专业、时尚。 </br>\r\n\n</br>\r\n\n　　据红博世纪广场休闲服饰运动营主管王冰介绍，很多运动领域都有自己的一些“发烧”品牌，比如乒乓球服，目前比较普及的是李宁牌，但相形之下，身着蝴蝶牌球衣更会让球友刮目相看。与乒乓球一样十分普及的羽毛球运动，也有很多参与者对其服装并没有太多的研究。在这个领域，YONEX（尤尼克斯）是世界最出名的羽毛球运动系列品牌，RSL（亚狮龙）为英国历史最悠久的品牌，VIC－TOR（胜利）是世界排名前三的著名品牌，在东南亚家喻户晓。 </br>\r\n\n</br>\r\n\n　　如今越来越多的人开始涉足高尔夫运动。初学者最先关心的是买什么杆，这没错，但服装也重要。别管球打得咋样，行头先配好，最起码显得很内行。其实高尔夫着装要求简单：带领T恤、休闲西裤，只有鞋和手套是专用的，重要的是选择品牌，明眼人一眼就能看出你对高尔夫接触多深。 </br>\r\n\n</br>\r\n\n　　目前在国内较为普及的高尔夫服装品牌有：Polo———较为普及的一个品牌。Nautica，在国外也是较为流行的品牌，设计比较时尚，价格又不贵，比较受年轻人的喜爱。此外还有法国鳄鱼lacoste、金狐狸wolsey等，世界名牌乔治•阿玛尼、登喜路、CD、路易•威登也有自己专门的高尔夫系列，一线运动品牌Nike和阿迪也已经进入高尔夫领域，势头很猛。 </br>\r\n\n</br>\r\n\n　　但在行家眼里，真正专业的牌子有Ashworth，属于高尔夫服装一线品牌，价格较贵；万星威（munsingwear）、法国公鸡（le coq sportif）等。如果能穿上一件大白鲨（greg norman）就更希罕了———这是曾经在高尔夫球坛叱咤风云的诺曼做的品牌，在高尔夫发达国家很流行，领口处的鲨鱼牙既显做工精细，又是仿伪标志。 </br>\r\n\n <SCRIPT LANGUAGE="JavaScript1.1"> var browVersion = parseInt(navigator.appVersion); if (navigator.appName==\\"Netscape\\" && browVersion<=4) document.write("<SCR"+"IPT LANGUAGE=\\"Javascript1.1\\" SRC=\\"http://dpvc.39.net/adpolestar/door/;ap=A01513D5_960D_2123_0EE7_E1265D0B8F4B;ct=js;pu=san9;/?\\"><\\/SCR"+"IPT>"); </SCRIPT>    </br>\r\n\n　　对于旅游爱好者和喜欢外出采风的摄影爱好者来说，高品质的户外服装必不可少。户外服装品牌最富盛名的 AIGLE，是有着145年历史的法国品牌，工艺很棒，实用而又高贵、自然而又新潮，只是价位确实很高。此外，还有号称世界销量第一的户外运动品牌COLUMBIA，美国著名户外服装品牌TNF、FOURSQUARE，英国顶级户外服装品牌WHERE，韩国第一户外品牌BLACK YAK，德国的SALEWA、法国LAFUMA（乐飞叶）以及香港的NIKKO（日高）、ATHALON（爱弗龙）等，都有专业的设计师致力于新材料的使用和新技术的开发，重量轻，强度和耐久性强，设计细致入微，有诸多令人叹服之处。', 0, NULL, 1, 1, 0);

-- --------------------------------------------------------

--
-- 表的结构 `node`
--

DROP TABLE IF EXISTS `node`;
CREATE TABLE IF NOT EXISTS `node` (
`nId` int(11) NOT NULL,
  `text` text,
  `ntId` int(11) NOT NULL,
  `langCode` varchar(10) DEFAULT NULL,
  `time` datetime DEFAULT NULL,
  `stId` int(11) NOT NULL,
  `sendPlace` varchar(50) DEFAULT NULL,
  `uId` int(11) DEFAULT NULL,
  `modify_time` int(11) NOT NULL
) ENGINE=MyISAM  DEFAULT CHARSET=utf8 AUTO_INCREMENT=2861 ;

--
-- 转存表中的数据 `node`
--

INSERT INTO `node` (`nId`, `text`, `ntId`, `langCode`, `time`, `stId`, `sendPlace`, `uId`, `modify_time`) VALUES
(2847, 'what is kwapro?', 1, '', '2013-08-30 11:40:33', 11, '', 1, 0),
(2848, '百度', 1, 'zh', '2014-04-11 11:18:38', 11, '-', 1, 0),
(2849, '施恩啊', 1, 'zh', '2014-04-11 12:15:42', 11, '-', 1, 1397218557),
(2850, '阿萨德飞', 2, '', '2014-04-11 12:16:20', 11, '-', 1, 0),
(2851, '22', 2, 'en', '2014-04-11 12:18:43', 11, '-', 1, 0),
(2852, '的阿德福韦酯', 4, 'zh', '2014-04-11 12:24:05', 11, '-', 1, 0),
(2853, '为什么', 1, 'zh', '2014-06-09 05:02:20', 11, '-', 1, 0),
(2854, '变形记', 1, 'zh', '2014-06-09 05:04:46', 11, '-', 1, 0),
(2855, '学生教育', 1, 'zh', '2014-06-09 05:05:12', 11, '-', 1, 0),
(2856, '芒果', 1, 'zh', '2014-06-09 05:05:41', 11, '-', 1, 0),
(2857, '众星捧月', 1, 'zh', '2014-06-09 05:07:00', 11, '-', 1, 0),
(2858, '读书', 1, 'zh', '2014-06-09 05:07:38', 11, '-', 1, 0),
(2859, '抉择', 1, 'zh', '2014-06-09 05:08:03', 11, '-', 1, 0),
(2860, '葡萄', 1, 'zh', '2014-06-09 05:08:33', 11, '-', 1, 0);

-- --------------------------------------------------------

--
-- 表的结构 `node_relation`
--

DROP TABLE IF EXISTS `node_relation`;
CREATE TABLE IF NOT EXISTS `node_relation` (
`nrId` int(11) NOT NULL,
  `nFromId` int(11) NOT NULL,
  `nToId` int(11) NOT NULL,
  `ntId` int(11) NOT NULL,
  `vote_num` int(11) NOT NULL
) ENGINE=MyISAM  DEFAULT CHARSET=utf8 AUTO_INCREMENT=1189 ;

--
-- 转存表中的数据 `node_relation`
--

INSERT INTO `node_relation` (`nrId`, `nFromId`, `nToId`, `ntId`, `vote_num`) VALUES
(1186, 2850, 2849, 2, 0),
(1187, 2851, 2848, 2, 0),
(1188, 2852, 2851, 4, 0);

-- --------------------------------------------------------

--
-- 表的结构 `orders`
--

DROP TABLE IF EXISTS `orders`;
CREATE TABLE IF NOT EXISTS `orders` (
`id` int(11) NOT NULL,
  `uId` int(11) DEFAULT NULL,
  `username` varchar(255) DEFAULT NULL,
  `realname` varchar(255) DEFAULT NULL,
  `address` varchar(255) DEFAULT NULL,
  `tel` varchar(255) DEFAULT NULL,
  `design_id` int(11) DEFAULT NULL,
  `createtime` datetime DEFAULT NULL,
  `status` tinyint(4) DEFAULT '0',
  `operator` varchar(255) DEFAULT NULL,
  `confirmtime` datetime DEFAULT NULL,
  `factory_id` int(11) DEFAULT '0',
  `completetime` datetime DEFAULT NULL,
  `posttime` datetime DEFAULT NULL,
  `committime` datetime DEFAULT NULL,
  `remark` varchar(255) DEFAULT NULL,
  `price` float(4,2) DEFAULT '0.00',
  `postprice` float(4,2) DEFAULT '0.00',
  `totalprice` float(4,2) DEFAULT '0.00',
  `num` int(11) DEFAULT '0',
  `zipcode` varchar(64) DEFAULT NULL
) ENGINE=InnoDB  DEFAULT CHARSET=utf8 AUTO_INCREMENT=9 ;

--
-- 转存表中的数据 `orders`
--

INSERT INTO `orders` (`id`, `uId`, `username`, `realname`, `address`, `tel`, `design_id`, `createtime`, `status`, `operator`, `confirmtime`, `factory_id`, `completetime`, `posttime`, `committime`, `remark`, `price`, `postprice`, `totalprice`, `num`, `zipcode`) VALUES
(1, 1, 'test', 'heeh', '地址', '123123', 25, '2014-11-07 13:47:47', 5, 'admin', '2014-11-17 22:34:50', 4, NULL, NULL, '2014-11-17 23:08:10', 'sdfd', 0.00, 0.00, 0.00, 0, NULL),
(2, 1, 'test', '订单', '订单', '2323', 31, '2014-11-10 08:57:48', 5, '0', '2014-11-17 23:15:27', 4, NULL, NULL, '2014-11-17 23:22:10', '代售点', 0.00, 0.00, 0.00, 0, NULL),
(3, 1, 'test', '订单', '芳芳', '1212', 33, '2014-11-10 08:58:11', 5, 'admin', '2014-11-17 22:47:37', 0, NULL, NULL, '2014-11-17 23:21:48', '啊', 0.00, 0.00, 0.00, 0, NULL),
(4, 1, 'test', '查查', '订单', '3333333', 33, '2014-11-10 08:59:14', 0, NULL, NULL, 0, NULL, NULL, NULL, '订单', 0.00, 0.00, 0.00, 0, NULL),
(5, 1, 'test', '的', '查查', '1', 33, '2014-11-10 08:59:32', 0, NULL, NULL, 0, NULL, NULL, NULL, '22', 0.00, 0.00, 0.00, 0, NULL),
(6, 1, 'test', '查查', '地址', '123456', 33, '2014-11-10 08:59:53', 5, 'admin', '2014-11-17 22:34:19', 0, NULL, NULL, '2014-12-24 12:58:35', ' 是', 0.00, 0.00, 0.00, 0, NULL),
(7, 77, 'test123', '我我我', '地址地址', '123213', 33, '2014-11-17 13:30:45', 0, NULL, NULL, 0, NULL, NULL, NULL, '留言留言', 0.00, 0.00, 0.00, 0, NULL),
(8, 1, 'test', '张三丰', 'D:\\xampp\\htdocs\\TIT\\system\\libraries\\Cache\\drivers\\Cache_memcached.php on line <b>50</b><br>\n''', '13800180000', 43, '2014-12-16 14:52:29', 0, NULL, NULL, 0, NULL, NULL, NULL, '0', 0.00, 20.00, 0.00, 1, NULL);

-- --------------------------------------------------------

--
-- 表的结构 `order_status`
--

DROP TABLE IF EXISTS `order_status`;
CREATE TABLE IF NOT EXISTS `order_status` (
  `id` int(11) NOT NULL DEFAULT '0',
  `name` varchar(255) DEFAULT NULL
) ENGINE=InnoDB DEFAULT CHARSET=utf8;

--
-- 转存表中的数据 `order_status`
--

INSERT INTO `order_status` (`id`, `name`) VALUES
(0, '订单已提交'),
(1, '订单已确认'),
(2, '制作中'),
(3, '制作完成'),
(4, '已寄出'),
(5, '订单完成');

-- --------------------------------------------------------

--
-- 表的结构 `province_table`
--

DROP TABLE IF EXISTS `province_table`;
CREATE TABLE IF NOT EXISTS `province_table` (
`ptId` int(11) NOT NULL,
  `country_code` varchar(20) DEFAULT NULL,
  `province_code` varchar(20) DEFAULT NULL,
  `province_name` varchar(50) DEFAULT NULL,
  `province_py` varchar(20) NOT NULL
) ENGINE=MyISAM  DEFAULT CHARSET=utf8 AUTO_INCREMENT=75 ;

--
-- 转存表中的数据 `province_table`
--

INSERT INTO `province_table` (`ptId`, `country_code`, `province_code`, `province_name`, `province_py`) VALUES
(1, 'zh', '110000', '北京市', 'bjs'),
(2, 'zh', '120000', '天津市', 'tjs'),
(3, 'zh', '130000', '河北省', 'hbs'),
(4, 'zh', '140000', '山西省', 'sxs'),
(5, 'zh', '150000', '内蒙古自治区', 'nmgzzq'),
(6, 'zh', '210000', '辽宁省', 'lns'),
(7, 'zh', '220000', '吉林省', 'jls'),
(8, 'zh', '230000', '黑龙江省', 'hljs'),
(9, 'zh', '310000', '上海市', 'shs'),
(10, 'zh', '320000', '江苏省', 'jss'),
(11, 'zh', '330000', '浙江省', 'zjs'),
(12, 'zh', '340000', '安徽省', 'ahs'),
(13, 'zh', '350000', '福建省', 'fjs'),
(14, 'zh', '360000', '江西省', 'jxs'),
(15, 'zh', '370000', '山东省', 'sds'),
(16, 'zh', '410000', '河南省', 'hns'),
(17, 'zh', '420000', '湖北省', 'hbs'),
(18, 'zh', '430000', '湖南省', 'hns'),
(19, 'zh', '440000', '广东省', 'gds'),
(20, 'zh', '450000', '广西壮族自治区', 'gxzzzzq'),
(21, 'zh', '460000', '海南省', 'hns'),
(22, 'zh', '500000', '重庆市', 'zqs'),
(23, 'zh', '510000', '四川省', 'scs'),
(24, 'zh', '520000', '贵州省', 'gzs'),
(25, 'zh', '530000', '云南省', 'yns'),
(26, 'zh', '540000', '西藏自治区', 'xczzq'),
(27, 'zh', '610000', '陕西省', 'sxs'),
(28, 'zh', '620000', '甘肃省', 'gss'),
(29, 'zh', '630000', '青海省', 'qhs'),
(30, 'zh', '640000', '宁夏回族自治区', 'nxhzzzq'),
(31, 'zh', '650000', '新疆维吾尔自治区', 'xjwwezzq'),
(32, 'zh', '710000', '台湾省', 'tws'),
(33, 'zh', '810000', '香港特别行政区', 'xgtbxzq'),
(34, 'zh', '820000', '澳门特别行政区', 'amtbxzq'),
(35, 'it', 'it_2238', 'Abruzzi', ''),
(36, 'it', 'it_2239', 'Basilicata', ''),
(37, 'it', 'it_2240', 'Calabria', ''),
(38, 'it', 'it_2241', 'Campania', ''),
(39, 'it', 'it_2242', 'Emilia-Romagna', ''),
(40, 'it', 'it_2243', 'Friuli-Venezia Giulia', ''),
(41, 'it', 'it_2244', 'Lazio', ''),
(42, 'it', 'it_2245', 'Liguria', ''),
(43, 'it', 'it_2246', 'Lombardia', ''),
(44, 'it', 'it_2247', 'Marche', ''),
(45, 'it', 'it_2248', 'Molise', ''),
(46, 'it', 'it_2249', 'Piemonte', ''),
(47, 'it', 'it_2250', 'Puglia', ''),
(48, 'it', 'it_2251', 'Sardegna', ''),
(49, 'it', 'it_2252', 'Sicilia', ''),
(50, 'it', 'it_2253', 'Toscana', ''),
(51, 'it', 'it_2254', 'Trentino-Alto Adige', ''),
(52, 'it', 'it_2255', 'Umbria', ''),
(53, 'it', 'it_2256', 'Valle d''Aosta', ''),
(54, 'it', 'it_2257', 'Veneto', ''),
(55, 'en', 'en_5389', 'Wales', ''),
(56, 'en', 'en_5390', 'Scotland', ''),
(57, 'en', 'en_5391', 'Northern Ireland', ''),
(58, 'en', 'en_5392', 'England', ''),
(59, 'de', 'de_1912', 'Baden-Wurttemberg', ''),
(60, 'de', 'de_1913', 'Bayern', ''),
(61, 'de', 'de_1914', 'Bremen', ''),
(62, 'de', 'de_1915', 'Hamburg', ''),
(63, 'de', 'de_1916', 'Hessen', ''),
(64, 'de', 'de_1917', 'Niedersachsen', ''),
(65, 'de', 'de_1918', 'Nordrhein-Westfalen', ''),
(66, 'de', 'de_1919', 'Rheinland-Pfalz', ''),
(67, 'de', 'de_1920', 'Saarland', ''),
(68, 'de', 'de_1921', 'Schleswig-Holstein', ''),
(69, 'de', 'de_1922', 'Brandenburg', ''),
(70, 'de', 'de_1923', 'Mecklenburg-Vorpommern', ''),
(71, 'de', 'de_1924', 'Sachsen', ''),
(72, 'de', 'de_1925', 'Sachsen-Anhalt', ''),
(73, 'de', 'de_1926', 'Thuringen', ''),
(74, 'de', 'de_1927', 'Berlin', '');

-- --------------------------------------------------------

--
-- 表的结构 `question`
--

DROP TABLE IF EXISTS `question`;
CREATE TABLE IF NOT EXISTS `question` (
`qId` int(11) NOT NULL,
  `nId` int(11) NOT NULL,
  `question_score` int(11) NOT NULL,
  `question_answer_num` int(11) NOT NULL DEFAULT '0',
  `question_follow_num` int(11) NOT NULL DEFAULT '0',
  `question_view_num` int(11) NOT NULL,
  `question_participant_num` int(11) NOT NULL DEFAULT '0',
  `question_expire_time` datetime NOT NULL,
  `question_stat_id` int(11) NOT NULL DEFAULT '1'
) ENGINE=MyISAM  DEFAULT CHARSET=utf8 AUTO_INCREMENT=1397 ;

--
-- 转存表中的数据 `question`
--

INSERT INTO `question` (`qId`, `nId`, `question_score`, `question_answer_num`, `question_follow_num`, `question_view_num`, `question_participant_num`, `question_expire_time`, `question_stat_id`) VALUES
(1386, 2847, 0, 0, 0, 2, 0, '0000-00-00 00:00:00', 1),
(1387, 2848, 0, 0, 1, 15, 0, '0000-00-00 00:00:00', 1),
(1388, 2849, 0, 0, 0, 1, 0, '0000-00-00 00:00:00', 1),
(1389, 2853, 0, 0, 1, 1, 0, '0000-00-00 00:00:00', 1),
(1390, 2854, 0, 0, 0, 1, 0, '0000-00-00 00:00:00', 1),
(1391, 2855, 0, 0, 0, 1, 0, '0000-00-00 00:00:00', 1),
(1392, 2856, 0, 0, 0, 1, 0, '0000-00-00 00:00:00', 1),
(1393, 2857, 0, 0, 0, 1, 0, '0000-00-00 00:00:00', 1),
(1394, 2858, 0, 0, 0, 1, 0, '0000-00-00 00:00:00', 1),
(1395, 2859, 0, 0, 0, 2, 0, '0000-00-00 00:00:00', 1),
(1396, 2860, 0, 0, 0, 9, 0, '0000-00-00 00:00:00', 1);

-- --------------------------------------------------------

--
-- 表的结构 `questiontags`
--

DROP TABLE IF EXISTS `questiontags`;
CREATE TABLE IF NOT EXISTS `questiontags` (
`qtId` int(11) NOT NULL,
  `tags` varchar(200) NOT NULL,
  `nId` int(11) NOT NULL
) ENGINE=MyISAM  DEFAULT CHARSET=utf8 AUTO_INCREMENT=1395 ;

--
-- 转存表中的数据 `questiontags`
--

INSERT INTO `questiontags` (`qtId`, `tags`, `nId`) VALUES
(1384, 'what is kwapro?', 2847),
(1385, '百度', 2848),
(1386, '施恩', 2849),
(1387, '为什么', 2853),
(1388, '变形记', 2854),
(1389, '学生教育', 2855),
(1390, '芒果', 2856),
(1391, '众星捧月', 2857),
(1392, '读书', 2858),
(1393, '抉择', 2859),
(1394, '葡萄', 2860);

-- --------------------------------------------------------

--
-- 表的结构 `question_collect`
--

DROP TABLE IF EXISTS `question_collect`;
CREATE TABLE IF NOT EXISTS `question_collect` (
`qcId` int(11) NOT NULL,
  `nId` int(11) NOT NULL,
  `uId` int(11) NOT NULL,
  `time` datetime DEFAULT NULL,
  `qctId` int(11) NOT NULL
) ENGINE=MyISAM  DEFAULT CHARSET=utf8 AUTO_INCREMENT=284 ;

--
-- 转存表中的数据 `question_collect`
--

INSERT INTO `question_collect` (`qcId`, `nId`, `uId`, `time`, `qctId`) VALUES
(282, 2848, 1, '2014-04-11 12:24:23', 111),
(283, 2853, 1, '2014-06-09 05:03:13', 111);

-- --------------------------------------------------------

--
-- 表的结构 `question_quick_answer`
--

DROP TABLE IF EXISTS `question_quick_answer`;
CREATE TABLE IF NOT EXISTS `question_quick_answer` (
`qaId` int(11) NOT NULL,
  `nId` int(11) NOT NULL,
  `url` varchar(100) NOT NULL,
  `title` text NOT NULL,
  `description` text NOT NULL
) ENGINE=MyISAM  DEFAULT CHARSET=utf8 AUTO_INCREMENT=76 ;

-- --------------------------------------------------------

--
-- 表的结构 `question_summary`
--

DROP TABLE IF EXISTS `question_summary`;
CREATE TABLE IF NOT EXISTS `question_summary` (
`sId` int(11) NOT NULL,
  `nId` int(11) NOT NULL,
  `text` text NOT NULL,
  `langCode` varchar(10) NOT NULL,
  `uId` int(11) NOT NULL,
  `time` datetime NOT NULL,
  `score` int(11) NOT NULL
) ENGINE=MyISAM  DEFAULT CHARSET=utf8 AUTO_INCREMENT=19 ;

--
-- 转存表中的数据 `question_summary`
--

INSERT INTO `question_summary` (`sId`, `nId`, `text`, `langCode`, `uId`, `time`, `score`) VALUES
(17, 2848, '23', 'en', 1, '2014-04-11 12:21:44', 0),
(18, 2848, '23看', 'zh', 1, '2014-04-11 12:22:10', 0);

-- --------------------------------------------------------

--
-- 表的结构 `sendtype`
--

DROP TABLE IF EXISTS `sendtype`;
CREATE TABLE IF NOT EXISTS `sendtype` (
`stId` int(11) NOT NULL,
  `stText` varchar(50) DEFAULT NULL
) ENGINE=MyISAM  DEFAULT CHARSET=utf8 AUTO_INCREMENT=17 ;

--
-- 转存表中的数据 `sendtype`
--

INSERT INTO `sendtype` (`stId`, `stText`) VALUES
(11, 'online'),
(12, 'email'),
(13, 'gtalk'),
(14, 'sms'),
(15, 'qq'),
(16, 'msn');

-- --------------------------------------------------------

--
-- 表的结构 `sendtype4user`
--

DROP TABLE IF EXISTS `sendtype4user`;
CREATE TABLE IF NOT EXISTS `sendtype4user` (
`suId` int(11) NOT NULL,
  `uId` int(11) NOT NULL,
  `stId` int(11) NOT NULL
) ENGINE=MyISAM  DEFAULT CHARSET=utf8 AUTO_INCREMENT=108 ;

--
-- 转存表中的数据 `sendtype4user`
--

INSERT INTO `sendtype4user` (`suId`, `uId`, `stId`) VALUES
(89, 1, 12),
(95, 76, 12),
(96, 77, 12),
(97, 78, 12),
(98, 79, 12),
(99, 80, 12),
(100, 81, 12),
(101, 82, 12),
(102, 83, 12),
(103, 84, 12),
(104, 85, 12),
(105, 86, 12),
(106, 87, 12),
(107, 88, 12);

-- --------------------------------------------------------

--
-- 表的结构 `simcase`
--

DROP TABLE IF EXISTS `simcase`;
CREATE TABLE IF NOT EXISTS `simcase` (
  `caseId` int(11) NOT NULL COMMENT '标识',
  `submittedBy` varchar(100) DEFAULT NULL COMMENT '提交来源id信息',
  `controlledBy` varchar(100) DEFAULT NULL COMMENT '控制来源id信息',
  `submittedDate` date DEFAULT NULL COMMENT '提交日期',
  `startDate` date DEFAULT NULL COMMENT '开始日期',
  `endDate` date DEFAULT NULL COMMENT '结束日期',
  `caseStatus` enum('前处理','仿真中','结果生成','中断','完毕') DEFAULT NULL COMMENT '当前状态',
  `resulted` int(11) DEFAULT NULL COMMENT '仿真结果标识',
  `submittedPath` varchar(100) DEFAULT NULL COMMENT '提交来源ID路径',
  `controlledPath` varchar(100) DEFAULT NULL COMMENT '控制来源ID路径',
  `resultedPath` varchar(100) DEFAULT NULL COMMENT '仿真结果数据路径'
) ENGINE=InnoDB DEFAULT CHARSET=gb2312;

--
-- 转存表中的数据 `simcase`
--

INSERT INTO `simcase` (`caseId`, `submittedBy`, `controlledBy`, `submittedDate`, `startDate`, `endDate`, `caseStatus`, `resulted`, `submittedPath`, `controlledPath`, `resultedPath`) VALUES
(1, '1', '2', '2014-03-03', '2014-03-31', NULL, '完毕', 1, 'fdaf.txt', 'fada.txt', 'fad.txt'),
(2, '3', '3', '2014-03-11', '2014-03-02', NULL, '仿真中', 3, 'aaaa.obj', 'aaaa.obj', 'aaaa.zip'),
(3, '1', '2', '2014-03-04', '2014-03-03', NULL, '前处理', 2, NULL, NULL, NULL),
(4, '21', '32', '2014-03-26', '2014-03-11', NULL, '前处理', 9, NULL, NULL, NULL),
(5, '12', '11', '2014-03-28', '2014-03-11', NULL, '前处理', 12, NULL, NULL, NULL),
(6, '5', '4', '2014-03-12', '2014-03-12', NULL, '结果生成', 4, NULL, NULL, NULL),
(7, '12', '1', '2014-03-11', '2014-03-12', NULL, '完毕', 2, NULL, NULL, NULL),
(8, '6', '45', '2014-03-29', '2014-03-11', NULL, '前处理', 53, NULL, NULL, NULL),
(9, '46', '64', '2014-03-20', '2014-03-11', NULL, '中断', 66, NULL, NULL, NULL),
(10, '14', '54', '2014-03-27', '2014-03-05', '2014-06-25', '前处理', 543, NULL, NULL, NULL),
(11, '2', '2', '2014-06-02', '2014-06-02', '2014-06-10', '完毕', 22, NULL, NULL, NULL);

-- --------------------------------------------------------

--
-- 表的结构 `tag`
--

DROP TABLE IF EXISTS `tag`;
CREATE TABLE IF NOT EXISTS `tag` (
`tag_id` int(11) NOT NULL,
  `sub_cate_id` int(11) NOT NULL,
  `category_id` int(11) NOT NULL,
  `tag_name` varchar(100) NOT NULL,
  `langCode` varchar(20) NOT NULL,
  `count` int(11) NOT NULL DEFAULT '0',
  `add_flag` int(11) NOT NULL DEFAULT '0'
) ENGINE=MyISAM  DEFAULT CHARSET=utf8 AUTO_INCREMENT=340213 ;

-- --------------------------------------------------------

--
-- 表的结构 `town_table`
--

DROP TABLE IF EXISTS `town_table`;
CREATE TABLE IF NOT EXISTS `town_table` (
`ttId` int(11) NOT NULL,
  `country_code` varchar(20) DEFAULT NULL,
  `province_code` varchar(20) DEFAULT NULL,
  `city_code` varchar(20) DEFAULT NULL,
  `town_code` varchar(20) DEFAULT NULL,
  `town_name` varchar(50) DEFAULT NULL,
  `town_py` varchar(20) NOT NULL
) ENGINE=MyISAM  DEFAULT CHARSET=utf8 AUTO_INCREMENT=2868 ;

--
-- 转存表中的数据 `town_table`
--

INSERT INTO `town_table` (`ttId`, `country_code`, `province_code`, `city_code`, `town_code`, `town_name`, `town_py`) VALUES
(1, 'zh', '110000', '110100', '110101', '北京市东城区', 'dcq'),
(2, 'zh', '110000', '110100', '110102', '北京市西城区', 'xcq'),
(3, 'zh', '110000', '110100', '110103', '北京市崇文区', 'cwq'),
(4, 'zh', '110000', '110100', '110104', '北京市宣武区', 'xwq'),
(5, 'zh', '110000', '110100', '110105', '北京市朝阳区', 'cyq'),
(6, 'zh', '110000', '110100', '110106', '北京市丰台区', 'ftq'),
(7, 'zh', '110000', '110100', '110107', '北京市石景山区', 'sjsq'),
(8, 'zh', '110000', '110100', '110108', '北京市海淀区', 'hdq'),
(9, 'zh', '110000', '110100', '110109', '北京市门头沟区', 'mtgq'),
(10, 'zh', '110000', '110100', '110111', '北京市房山区', 'fsq'),
(11, 'zh', '110000', '110100', '110112', '北京市通州区', 'tzq'),
(12, 'zh', '110000', '110100', '110113', '北京市顺义区', 'syq'),
(13, 'zh', '110000', '110100', '110114', '北京市昌平区', 'cpq'),
(14, 'zh', '110000', '110100', '110115', '北京市大兴区', 'dxq'),
(15, 'zh', '110000', '110100', '110116', '北京市怀柔区', 'hrq'),
(16, 'zh', '110000', '110100', '110117', '北京市平谷区', 'pgq'),
(17, 'zh', '110000', '110200', '110228', '北京市密云县', 'myx'),
(18, 'zh', '110000', '110200', '110229', '北京市延庆县', 'yqx'),
(19, 'zh', '120000', '120100', '120101', '天津市和平区', 'hpq'),
(20, 'zh', '120000', '120100', '120102', '天津市河东区', 'hdq'),
(21, 'zh', '120000', '120100', '120103', '天津市河西区', 'hxq'),
(22, 'zh', '120000', '120100', '120104', '天津市南开区', 'nkq'),
(23, 'zh', '120000', '120100', '120105', '天津市河北区', 'hbq'),
(24, 'zh', '120000', '120100', '120106', '天津市红桥区', 'hqq'),
(25, 'zh', '120000', '120100', '120107', '天津市塘沽区', 'tgq'),
(26, 'zh', '120000', '120100', '120108', '天津市汉沽区', 'hgq'),
(27, 'zh', '120000', '120100', '120109', '天津市大港区', 'dgq'),
(28, 'zh', '120000', '120100', '120110', '天津市东丽区', 'dlq'),
(29, 'zh', '120000', '120100', '120111', '天津市西青区', 'xqq'),
(30, 'zh', '120000', '120100', '120112', '天津市津南区', 'jnq'),
(31, 'zh', '120000', '120100', '120113', '天津市北辰区', 'bcq'),
(32, 'zh', '120000', '120100', '120114', '天津市武清区', 'wqq'),
(33, 'zh', '120000', '120100', '120115', '天津市宝坻区', 'bdq'),
(34, 'zh', '120000', '120200', '120221', '天津市宁河县', 'nhx'),
(35, 'zh', '120000', '120200', '120223', '天津市静海县', 'jhx'),
(36, 'zh', '120000', '120200', '120225', '天津市蓟 县', 'j x'),
(37, 'zh', '130000', '130100', '130102', '河北省石家庄市长安区', 'caq'),
(38, 'zh', '130000', '130100', '130103', '河北省石家庄市桥东区', 'qdq'),
(39, 'zh', '130000', '130100', '130104', '河北省石家庄市桥西区', 'qxq'),
(40, 'zh', '130000', '130100', '130105', '河北省石家庄市新华区', 'xhq'),
(41, 'zh', '130000', '130100', '130107', '河北省石家庄市井陉矿区', 'jxkq'),
(42, 'zh', '130000', '130100', '130108', '河北省石家庄市裕华区', 'yhq'),
(43, 'zh', '130000', '130100', '130121', '河北省井陉县', 'jxx'),
(44, 'zh', '130000', '130100', '130123', '河北省正定县', 'zdx'),
(45, 'zh', '130000', '130100', '130124', '河北省栾城县', 'lcx'),
(46, 'zh', '130000', '130100', '130125', '河北省行唐县', 'xtx'),
(47, 'zh', '130000', '130100', '130126', '河北省灵寿县', 'lsx'),
(48, 'zh', '130000', '130100', '130127', '河北省高邑县', 'gyx'),
(49, 'zh', '130000', '130100', '130128', '河北省深泽县', 'szx'),
(50, 'zh', '130000', '130100', '130129', '河北省赞皇县', 'zhx'),
(51, 'zh', '130000', '130100', '130130', '河北省无极县', 'wjx'),
(52, 'zh', '130000', '130100', '130131', '河北省平山县', 'psx'),
(53, 'zh', '130000', '130100', '130132', '河北省元氏县', 'ysx'),
(54, 'zh', '130000', '130100', '130133', '河北省赵 县', 'z x'),
(55, 'zh', '130000', '130100', '130181', '河北省辛集市', 'xjs'),
(56, 'zh', '130000', '130100', '130182', '河北省藁城市', 'gcs'),
(57, 'zh', '130000', '130100', '130183', '河北省晋州市', 'jzs'),
(58, 'zh', '130000', '130100', '130184', '河北省新乐市', 'xls'),
(59, 'zh', '130000', '130100', '130185', '河北省鹿泉市', 'lqs'),
(60, 'zh', '130000', '130200', '130202', '河北省唐山市路南区', 'lnq'),
(61, 'zh', '130000', '130200', '130203', '河北省唐山市路北区', 'lbq'),
(62, 'zh', '130000', '130200', '130204', '河北省唐山市古冶区', 'gyq'),
(63, 'zh', '130000', '130200', '130205', '河北省唐山市开平区', 'kpq'),
(64, 'zh', '130000', '130200', '130207', '河北省唐山市丰南区', 'fnq'),
(65, 'zh', '130000', '130200', '130208', '河北省唐山市丰润区', 'frq'),
(66, 'zh', '130000', '130200', '130223', '河北省滦 县', 'l x'),
(67, 'zh', '130000', '130200', '130224', '河北省滦南县', 'lnx'),
(68, 'zh', '130000', '130200', '130225', '河北省乐亭县', 'ltx'),
(69, 'zh', '130000', '130200', '130227', '河北省迁西县', 'qxx'),
(70, 'zh', '130000', '130200', '130229', '河北省玉田县', 'ytx'),
(71, 'zh', '130000', '130200', '130230', '河北省唐海县', 'thx'),
(72, 'zh', '130000', '130200', '130281', '河北省遵化市', 'zhs'),
(73, 'zh', '130000', '130200', '130283', '河北省迁安市', 'qas'),
(74, 'zh', '130000', '130300', '130302', '河北省秦皇岛市海港区', 'hgq'),
(75, 'zh', '130000', '130300', '130303', '河北省秦皇岛市山海关区', 'shgq'),
(76, 'zh', '130000', '130300', '130304', '河北省秦皇岛市北戴河区', 'bdhq'),
(77, 'zh', '130000', '130300', '130321', '河北省青龙满族自治县', 'qlmzzzx'),
(78, 'zh', '130000', '130300', '130322', '河北省昌黎县', 'clx'),
(79, 'zh', '130000', '130300', '130323', '河北省抚宁县', 'fnx'),
(80, 'zh', '130000', '130300', '130324', '河北省卢龙县', 'llx'),
(81, 'zh', '130000', '130400', '130402', '河北省邯郸市邯山区', 'hsq'),
(82, 'zh', '130000', '130400', '130403', '河北省邯郸市丛台区', 'ctq'),
(83, 'zh', '130000', '130400', '130404', '河北省邯郸市复兴区', 'fxq'),
(84, 'zh', '130000', '130400', '130406', '河北省邯郸市峰峰矿区', 'ffkq'),
(85, 'zh', '130000', '130400', '130421', '河北省邯郸县', 'hdx'),
(86, 'zh', '130000', '130400', '130423', '河北省临漳县', 'lzx'),
(87, 'zh', '130000', '130400', '130424', '河北省成安县', 'cax'),
(88, 'zh', '130000', '130400', '130425', '河北省大名县', 'dmx'),
(89, 'zh', '130000', '130400', '130426', '河北省涉 县', 's x'),
(90, 'zh', '130000', '130400', '130427', '河北省磁 县', 'c x'),
(91, 'zh', '130000', '130400', '130428', '河北省肥乡县', 'fxx'),
(92, 'zh', '130000', '130400', '130429', '河北省永年县', 'ynx'),
(93, 'zh', '130000', '130400', '130430', '河北省邱 县', 'q x'),
(94, 'zh', '130000', '130400', '130431', '河北省鸡泽县', 'jzx'),
(95, 'zh', '130000', '130400', '130432', '河北省广平县', 'gpx'),
(96, 'zh', '130000', '130400', '130433', '河北省馆陶县', 'gtx'),
(97, 'zh', '130000', '130400', '130434', '河北省魏 县', 'w x'),
(98, 'zh', '130000', '130400', '130435', '河北省曲周县', 'qzx'),
(99, 'zh', '130000', '130400', '130481', '河北省武安市', 'was'),
(100, 'zh', '130000', '130500', '130502', '河北省邢台市桥东区', 'qdq'),
(101, 'zh', '130000', '130500', '130503', '河北省邢台市桥西区', 'qxq'),
(102, 'zh', '130000', '130500', '130521', '河北省邢台县', 'xtx'),
(103, 'zh', '130000', '130500', '130522', '河北省临城县', 'lcx'),
(104, 'zh', '130000', '130500', '130523', '河北省内丘县', 'nqx'),
(105, 'zh', '130000', '130500', '130524', '河北省柏乡县', 'bxx'),
(106, 'zh', '130000', '130500', '130525', '河北省隆尧县', 'lyx'),
(107, 'zh', '130000', '130500', '130526', '河北省任 县', 'r x'),
(108, 'zh', '130000', '130500', '130527', '河北省南和县', 'nhx'),
(109, 'zh', '130000', '130500', '130528', '河北省宁晋县', 'njx'),
(110, 'zh', '130000', '130500', '130529', '河北省巨鹿县', 'jlx'),
(111, 'zh', '130000', '130500', '130530', '河北省新河县', 'xhx'),
(112, 'zh', '130000', '130500', '130531', '河北省广宗县', 'gzx'),
(113, 'zh', '130000', '130500', '130532', '河北省平乡县', 'pxx'),
(114, 'zh', '130000', '130500', '130533', '河北省威 县', 'w x'),
(115, 'zh', '130000', '130500', '130534', '河北省清河县', 'qhx'),
(116, 'zh', '130000', '130500', '130535', '河北省临西县', 'lxx'),
(117, 'zh', '130000', '130500', '130581', '河北省南宫市', 'ngs'),
(118, 'zh', '130000', '130500', '130582', '河北省沙河市', 'shs'),
(119, 'zh', '130000', '130600', '130602', '河北省保定市新市区', 'xsq'),
(120, 'zh', '130000', '130600', '130603', '河北省保定市北市区', 'bsq'),
(121, 'zh', '130000', '130600', '130604', '河北省保定市南市区', 'nsq'),
(122, 'zh', '130000', '130600', '130621', '河北省满城县', 'mcx'),
(123, 'zh', '130000', '130600', '130622', '河北省清苑县', 'qyx'),
(124, 'zh', '130000', '130600', '130623', '河北省涞水县', 'lsx'),
(125, 'zh', '130000', '130600', '130624', '河北省阜平县', 'fpx'),
(126, 'zh', '130000', '130600', '130625', '河北省徐水县', 'xsx'),
(127, 'zh', '130000', '130600', '130626', '河北省定兴县', 'dxx'),
(128, 'zh', '130000', '130600', '130627', '河北省唐 县', 't x'),
(129, 'zh', '130000', '130600', '130628', '河北省高阳县', 'gyx'),
(130, 'zh', '130000', '130600', '130629', '河北省容城县', 'rcx'),
(131, 'zh', '130000', '130600', '130630', '河北省涞源县', 'lyx'),
(132, 'zh', '130000', '130600', '130631', '河北省望都县', 'wdx'),
(133, 'zh', '130000', '130600', '130632', '河北省安新县', 'axx'),
(134, 'zh', '130000', '130600', '130633', '河北省易 县', 'y x'),
(135, 'zh', '130000', '130600', '130634', '河北省曲阳县', 'qyx'),
(136, 'zh', '130000', '130600', '130635', '河北省蠡 县', 'l x'),
(137, 'zh', '130000', '130600', '130636', '河北省顺平县', 'spx'),
(138, 'zh', '130000', '130600', '130637', '河北省博野县', 'byx'),
(139, 'zh', '130000', '130600', '130638', '河北省雄 县', 'x x'),
(140, 'zh', '130000', '130600', '130681', '河北省涿州市', 'zzs'),
(141, 'zh', '130000', '130600', '130682', '河北省定州市', 'dzs'),
(142, 'zh', '130000', '130600', '130683', '河北省安国市', 'ags'),
(143, 'zh', '130000', '130600', '130684', '河北省高碑店市', 'gbds'),
(144, 'zh', '130000', '130700', '130702', '河北省张家口市桥东区', 'qdq'),
(145, 'zh', '130000', '130700', '130703', '河北省张家口市桥西区', 'qxq'),
(146, 'zh', '130000', '130700', '130705', '河北省张家口市宣化区', 'xhq'),
(147, 'zh', '130000', '130700', '130706', '河北省张家口市下花园区', 'xhyq'),
(148, 'zh', '130000', '130700', '130721', '河北省宣化县', 'xhx'),
(149, 'zh', '130000', '130700', '130722', '河北省张北县', 'zbx'),
(150, 'zh', '130000', '130700', '130723', '河北省康保县', 'kbx'),
(151, 'zh', '130000', '130700', '130724', '河北省沽源县', 'gyx'),
(152, 'zh', '130000', '130700', '130725', '河北省尚义县', 'syx'),
(153, 'zh', '130000', '130700', '130726', '河北省蔚 县', 'w x'),
(154, 'zh', '130000', '130700', '130727', '河北省阳原县', 'yyx'),
(155, 'zh', '130000', '130700', '130728', '河北省怀安县', 'hax'),
(156, 'zh', '130000', '130700', '130729', '河北省万全县', 'wqx'),
(157, 'zh', '130000', '130700', '130730', '河北省怀来县', 'hlx'),
(158, 'zh', '130000', '130700', '130731', '河北省涿鹿县', 'zlx'),
(159, 'zh', '130000', '130700', '130732', '河北省赤城县', 'ccx'),
(160, 'zh', '130000', '130700', '130733', '河北省崇礼县', 'clx'),
(161, 'zh', '130000', '130800', '130802', '河北省承德市双桥区', 'sqq'),
(162, 'zh', '130000', '130800', '130803', '河北省承德市双滦区', 'slq'),
(163, 'zh', '130000', '130800', '130804', '河北省承德市鹰手营子矿区', 'ysyzkq'),
(164, 'zh', '130000', '130800', '130821', '河北省承德县', 'cdx'),
(165, 'zh', '130000', '130800', '130822', '河北省兴隆县', 'xlx'),
(166, 'zh', '130000', '130800', '130823', '河北省平泉县', 'pqx'),
(167, 'zh', '130000', '130800', '130824', '河北省滦平县', 'lpx'),
(168, 'zh', '130000', '130800', '130825', '河北省隆化县', 'lhx'),
(169, 'zh', '130000', '130800', '130826', '河北省丰宁满族自治县', 'fnmzzzx'),
(170, 'zh', '130000', '130800', '130827', '河北省宽城满族自治县', 'kcmzzzx'),
(171, 'zh', '130000', '130800', '130828', '河北省围场满族蒙古族自治县', 'wcmzmgzzzx'),
(172, 'zh', '130000', '130900', '130902', '河北省沧州市新华区', 'xhq'),
(173, 'zh', '130000', '130900', '130903', '河北省沧州市运河区', 'yhq'),
(174, 'zh', '130000', '130900', '130921', '河北省沧 县', 'c x'),
(175, 'zh', '130000', '130900', '130922', '河北省青 县', 'q x'),
(176, 'zh', '130000', '130900', '130923', '河北省东光县', 'dgx'),
(177, 'zh', '130000', '130900', '130924', '河北省海兴县', 'hxx'),
(178, 'zh', '130000', '130900', '130925', '河北省盐山县', 'ysx'),
(179, 'zh', '130000', '130900', '130926', '河北省肃宁县', 'snx'),
(180, 'zh', '130000', '130900', '130927', '河北省南皮县', 'npx'),
(181, 'zh', '130000', '130900', '130928', '河北省吴桥县', 'wqx'),
(182, 'zh', '130000', '130900', '130929', '河北省献 县', 'x x'),
(183, 'zh', '130000', '130900', '130930', '河北省孟村回族自治县', 'mchzzzx'),
(184, 'zh', '130000', '130900', '130981', '河北省泊头市', 'bts'),
(185, 'zh', '130000', '130900', '130982', '河北省任丘市', 'rqs'),
(186, 'zh', '130000', '130900', '130983', '河北省黄骅市', 'hhs'),
(187, 'zh', '130000', '130900', '130984', '河北省河间市', 'hjs'),
(188, 'zh', '130000', '131000', '131002', '河北省廊坊市安次区', 'acq'),
(189, 'zh', '130000', '131000', '131003', '河北省廊坊市广阳区', 'gyq'),
(190, 'zh', '130000', '131000', '131022', '河北省固安县', 'gax'),
(191, 'zh', '130000', '131000', '131023', '河北省永清县', 'yqx'),
(192, 'zh', '130000', '131000', '131024', '河北省香河县', 'xhx'),
(193, 'zh', '130000', '131000', '131025', '河北省大城县', 'dcx'),
(194, 'zh', '130000', '131000', '131026', '河北省文安县', 'wax'),
(195, 'zh', '130000', '131000', '131028', '河北省大厂回族自治县', 'dchzzzx'),
(196, 'zh', '130000', '131000', '131081', '河北省霸州市', 'bzs'),
(197, 'zh', '130000', '131000', '131082', '河北省三河市', 'shs'),
(198, 'zh', '130000', '131100', '131102', '河北省衡水市桃城区', 'tcq'),
(199, 'zh', '130000', '131100', '131121', '河北省枣强县', 'zqx'),
(200, 'zh', '130000', '131100', '131122', '河北省武邑县', 'wyx'),
(201, 'zh', '130000', '131100', '131123', '河北省武强县', 'wqx'),
(202, 'zh', '130000', '131100', '131124', '河北省饶阳县', 'ryx'),
(203, 'zh', '130000', '131100', '131125', '河北省安平县', 'apx'),
(204, 'zh', '130000', '131100', '131126', '河北省故城县', 'gcx'),
(205, 'zh', '130000', '131100', '131127', '河北省景 县', 'j x'),
(206, 'zh', '130000', '131100', '131128', '河北省阜城县', 'fcx'),
(207, 'zh', '130000', '131100', '131181', '河北省冀州市', 'jzs'),
(208, 'zh', '130000', '131100', '131182', '河北省深州市', 'szs'),
(209, 'zh', '140000', '140100', '140105', '山西省太原市小店区', 'xdq'),
(210, 'zh', '140000', '140100', '140106', '山西省太原市迎泽区', 'yzq'),
(211, 'zh', '140000', '140100', '140107', '山西省太原市杏花岭区', 'xhlq'),
(212, 'zh', '140000', '140100', '140108', '山西省太原市尖草坪区', 'jcpq'),
(213, 'zh', '140000', '140100', '140109', '山西省太原市万柏林区', 'wblq'),
(214, 'zh', '140000', '140100', '140110', '山西省太原市晋源区', 'jyq'),
(215, 'zh', '140000', '140100', '140121', '山西省清徐县', 'qxx'),
(216, 'zh', '140000', '140100', '140122', '山西省阳曲县', 'yqx'),
(217, 'zh', '140000', '140100', '140123', '山西省娄烦县', 'lfx'),
(218, 'zh', '140000', '140100', '140181', '山西省古交市', 'gjs'),
(219, 'zh', '140000', '140200', '140202', '山西省大同市城 区', 'c q'),
(220, 'zh', '140000', '140200', '140203', '山西省大同市矿 区', 'k q'),
(221, 'zh', '140000', '140200', '140211', '山西省大同市南郊区', 'njq'),
(222, 'zh', '140000', '140200', '140212', '山西省大同市新荣区', 'xrq'),
(223, 'zh', '140000', '140200', '140221', '山西省阳高县', 'ygx'),
(224, 'zh', '140000', '140200', '140222', '山西省天镇县', 'tzx'),
(225, 'zh', '140000', '140200', '140223', '山西省广灵县', 'glx'),
(226, 'zh', '140000', '140200', '140224', '山西省灵丘县', 'lqx'),
(227, 'zh', '140000', '140200', '140225', '山西省浑源县', 'hyx'),
(228, 'zh', '140000', '140200', '140226', '山西省左云县', 'zyx'),
(229, 'zh', '140000', '140200', '140227', '山西省大同县', 'dtx'),
(230, 'zh', '140000', '140300', '140302', '山西省阳泉市城 区', 'c q'),
(231, 'zh', '140000', '140300', '140303', '山西省阳泉市矿 区', 'k q'),
(232, 'zh', '140000', '140300', '140311', '山西省阳泉市郊 区', 'j q'),
(233, 'zh', '140000', '140300', '140321', '山西省平定县', 'pdx'),
(234, 'zh', '140000', '140300', '140322', '山西省盂 县', 'y x'),
(235, 'zh', '140000', '140400', '140402', '山西省长治市城 区', 'c q'),
(236, 'zh', '140000', '140400', '140411', '山西省长治市郊 区', 'j q'),
(237, 'zh', '140000', '140400', '140421', '山西省长治县', 'czx'),
(238, 'zh', '140000', '140400', '140423', '山西省襄垣县', 'xyx'),
(239, 'zh', '140000', '140400', '140424', '山西省屯留县', 'tlx'),
(240, 'zh', '140000', '140400', '140425', '山西省平顺县', 'psx'),
(241, 'zh', '140000', '140400', '140426', '山西省黎城县', 'lcx'),
(242, 'zh', '140000', '140400', '140427', '山西省壶关县', 'hgx'),
(243, 'zh', '140000', '140400', '140428', '山西省长子县', 'czx'),
(244, 'zh', '140000', '140400', '140429', '山西省武乡县', 'wxx'),
(245, 'zh', '140000', '140400', '140430', '山西省沁 县', 'q x'),
(246, 'zh', '140000', '140400', '140431', '山西省沁源县', 'qyx'),
(247, 'zh', '140000', '140400', '140481', '山西省潞城市', 'lcs'),
(248, 'zh', '140000', '140500', '140502', '山西省晋城市城 区', 'c q'),
(249, 'zh', '140000', '140500', '140521', '山西省沁水县', 'qsx'),
(250, 'zh', '140000', '140500', '140522', '山西省阳城县', 'ycx'),
(251, 'zh', '140000', '140500', '140524', '山西省陵川县', 'lcx'),
(252, 'zh', '140000', '140500', '140525', '山西省泽州县', 'zzx'),
(253, 'zh', '140000', '140500', '140581', '山西省高平市', 'gps'),
(254, 'zh', '140000', '140600', '140602', '山西省朔州市朔城区', 'scq'),
(255, 'zh', '140000', '140600', '140603', '山西省朔州市平鲁区', 'plq'),
(256, 'zh', '140000', '140600', '140621', '山西省山阴县', 'syx'),
(257, 'zh', '140000', '140600', '140622', '山西省应 县', 'y x'),
(258, 'zh', '140000', '140600', '140623', '山西省右玉县', 'yyx'),
(259, 'zh', '140000', '140600', '140624', '山西省怀仁县', 'hrx'),
(260, 'zh', '140000', '140700', '140702', '山西省晋中市榆次区', 'ycq'),
(261, 'zh', '140000', '140700', '140721', '山西省榆社县', 'ysx'),
(262, 'zh', '140000', '140700', '140722', '山西省左权县', 'zqx'),
(263, 'zh', '140000', '140700', '140723', '山西省和顺县', 'hsx'),
(264, 'zh', '140000', '140700', '140724', '山西省昔阳县', 'xyx'),
(265, 'zh', '140000', '140700', '140725', '山西省寿阳县', 'syx'),
(266, 'zh', '140000', '140700', '140726', '山西省太谷县', 'tgx'),
(267, 'zh', '140000', '140700', '140727', '山西省祁 县', 'q x'),
(268, 'zh', '140000', '140700', '140728', '山西省平遥县', 'pyx'),
(269, 'zh', '140000', '140700', '140729', '山西省灵石县', 'lsx'),
(270, 'zh', '140000', '140700', '140781', '山西省介休市', 'jxs'),
(271, 'zh', '140000', '140800', '140802', '山西省运城市盐湖区', 'yhq'),
(272, 'zh', '140000', '140800', '140821', '山西省临猗县', 'lyx'),
(273, 'zh', '140000', '140800', '140822', '山西省万荣县', 'wrx'),
(274, 'zh', '140000', '140800', '140823', '山西省闻喜县', 'wxx'),
(275, 'zh', '140000', '140800', '140824', '山西省稷山县', 'jsx'),
(276, 'zh', '140000', '140800', '140825', '山西省新绛县', 'xjx'),
(277, 'zh', '140000', '140800', '140826', '山西省绛 县', 'j x'),
(278, 'zh', '140000', '140800', '140827', '山西省垣曲县', 'yqx'),
(279, 'zh', '140000', '140800', '140828', '山西省夏 县', 'x x'),
(280, 'zh', '140000', '140800', '140829', '山西省平陆县', 'plx'),
(281, 'zh', '140000', '140800', '140830', '山西省芮城县', 'rcx'),
(282, 'zh', '140000', '140800', '140881', '山西省永济市', 'yjs'),
(283, 'zh', '140000', '140800', '140882', '山西省河津市', 'hjs'),
(284, 'zh', '140000', '140900', '140902', '山西省忻州市忻府区', 'xfq'),
(285, 'zh', '140000', '140900', '140921', '山西省定襄县', 'dxx'),
(286, 'zh', '140000', '140900', '140922', '山西省五台县', 'wtx'),
(287, 'zh', '140000', '140900', '140923', '山西省代 县', 'd x'),
(288, 'zh', '140000', '140900', '140924', '山西省繁峙县', 'fzx'),
(289, 'zh', '140000', '140900', '140925', '山西省宁武县', 'nwx'),
(290, 'zh', '140000', '140900', '140926', '山西省静乐县', 'jlx'),
(291, 'zh', '140000', '140900', '140927', '山西省神池县', 'scx'),
(292, 'zh', '140000', '140900', '140928', '山西省五寨县', 'wzx'),
(293, 'zh', '140000', '140900', '140929', '山西省岢岚县', 'klx'),
(294, 'zh', '140000', '140900', '140930', '山西省河曲县', 'hqx'),
(295, 'zh', '140000', '140900', '140931', '山西省保德县', 'bdx'),
(296, 'zh', '140000', '140900', '140932', '山西省偏关县', 'pgx'),
(297, 'zh', '140000', '140900', '140981', '山西省原平市', 'yps'),
(298, 'zh', '140000', '141000', '141002', '山西省临汾市尧都区', 'ydq'),
(299, 'zh', '140000', '141000', '141021', '山西省曲沃县', 'qwx'),
(300, 'zh', '140000', '141000', '141022', '山西省翼城县', 'ycx'),
(301, 'zh', '140000', '141000', '141023', '山西省襄汾县', 'xfx'),
(302, 'zh', '140000', '141000', '141024', '山西省洪洞县', 'hdx'),
(303, 'zh', '140000', '141000', '141025', '山西省古 县', 'g x'),
(304, 'zh', '140000', '141000', '141026', '山西省安泽县', 'azx'),
(305, 'zh', '140000', '141000', '141027', '山西省浮山县', 'fsx'),
(306, 'zh', '140000', '141000', '141028', '山西省吉 县', 'j x'),
(307, 'zh', '140000', '141000', '141029', '山西省乡宁县', 'xnx'),
(308, 'zh', '140000', '141000', '141030', '山西省大宁县', 'dnx'),
(309, 'zh', '140000', '141000', '141031', '山西省隰 县', 'x x'),
(310, 'zh', '140000', '141000', '141032', '山西省永和县', 'yhx'),
(311, 'zh', '140000', '141000', '141033', '山西省蒲 县', 'p x'),
(312, 'zh', '140000', '141000', '141034', '山西省汾西县', 'fxx'),
(313, 'zh', '140000', '141000', '141081', '山西省侯马市', 'hms'),
(314, 'zh', '140000', '141000', '141082', '山西省霍州市', 'hzs'),
(315, 'zh', '140000', '141100', '141102', '山西省吕梁市离石区', 'lsq'),
(316, 'zh', '140000', '141100', '141121', '山西省文水县', 'wsx'),
(317, 'zh', '140000', '141100', '141122', '山西省交城县', 'jcx'),
(318, 'zh', '140000', '141100', '141123', '山西省兴 县', 'x x'),
(319, 'zh', '140000', '141100', '141124', '山西省临 县', 'l x'),
(320, 'zh', '140000', '141100', '141125', '山西省柳林县', 'llx'),
(321, 'zh', '140000', '141100', '141126', '山西省石楼县', 'slx'),
(322, 'zh', '140000', '141100', '141127', '山西省岚 县', 'l x'),
(323, 'zh', '140000', '141100', '141128', '山西省方山县', 'fsx'),
(324, 'zh', '140000', '141100', '141129', '山西省中阳县', 'zyx'),
(325, 'zh', '140000', '141100', '141130', '山西省交口县', 'jkx'),
(326, 'zh', '140000', '141100', '141181', '山西省孝义市', 'xys'),
(327, 'zh', '140000', '141100', '141182', '山西省汾阳市', 'fys'),
(328, 'zh', '150000', '150100', '150102', '内蒙古自治区呼和浩特市新城区', 'xcq'),
(329, 'zh', '150000', '150100', '150103', '内蒙古自治区呼和浩特市回民区', 'hmq'),
(330, 'zh', '150000', '150100', '150104', '内蒙古自治区呼和浩特市玉泉区', 'yqq'),
(331, 'zh', '150000', '150100', '150105', '内蒙古自治区呼和浩特市赛罕区', 'shq'),
(332, 'zh', '150000', '150100', '150121', '内蒙古自治区土默特左旗', 'tmtzq'),
(333, 'zh', '150000', '150100', '150122', '内蒙古自治区托克托县', 'tktx'),
(334, 'zh', '150000', '150100', '150123', '内蒙古自治区和林格尔县', 'hlgex'),
(335, 'zh', '150000', '150100', '150124', '内蒙古自治区清水河县', 'qshx'),
(336, 'zh', '150000', '150100', '150125', '内蒙古自治区武川县', 'wcx'),
(337, 'zh', '150000', '150200', '150202', '内蒙古自治区包头市东河区', 'dhq'),
(338, 'zh', '150000', '150200', '150203', '内蒙古自治区包头市昆都仑区', 'kdlq'),
(339, 'zh', '150000', '150200', '150204', '内蒙古自治区包头市青山区', 'qsq'),
(340, 'zh', '150000', '150200', '150205', '内蒙古自治区包头市石拐区', 'sgq'),
(341, 'zh', '150000', '150200', '150206', '内蒙古自治区包头市白云矿区', 'bykq'),
(342, 'zh', '150000', '150200', '150207', '内蒙古自治区包头市九原区', 'jyq'),
(343, 'zh', '150000', '150200', '150221', '内蒙古自治区土默特右旗', 'tmtyq'),
(344, 'zh', '150000', '150200', '150222', '内蒙古自治区固阳县', 'gyx'),
(345, 'zh', '150000', '150200', '150223', '内蒙古自治区达尔罕茂明安联合旗', 'dehmmalhq'),
(346, 'zh', '150000', '150300', '150302', '内蒙古自治区乌海市海勃湾区', 'hbwq'),
(347, 'zh', '150000', '150300', '150303', '内蒙古自治区乌海市海南区', 'hnq'),
(348, 'zh', '150000', '150300', '150304', '内蒙古自治区乌海市乌达区', 'wdq'),
(349, 'zh', '150000', '150400', '150402', '内蒙古自治区赤峰市红山区', 'hsq'),
(350, 'zh', '150000', '150400', '150403', '内蒙古自治区赤峰市元宝山区', 'ybsq'),
(351, 'zh', '150000', '150400', '150404', '内蒙古自治区赤峰市松山区', 'ssq'),
(352, 'zh', '150000', '150400', '150421', '内蒙古自治区阿鲁科尔沁旗', 'alkeqq'),
(353, 'zh', '150000', '150400', '150422', '内蒙古自治区巴林左旗', 'blzq'),
(354, 'zh', '150000', '150400', '150423', '内蒙古自治区巴林右旗', 'blyq'),
(355, 'zh', '150000', '150400', '150424', '内蒙古自治区林西县', 'lxx'),
(356, 'zh', '150000', '150400', '150425', '内蒙古自治区克什克腾旗', 'ksktq'),
(357, 'zh', '150000', '150400', '150426', '内蒙古自治区翁牛特旗', 'wntq'),
(358, 'zh', '150000', '150400', '150428', '内蒙古自治区喀喇沁旗', 'klqq'),
(359, 'zh', '150000', '150400', '150429', '内蒙古自治区宁城县', 'ncx'),
(360, 'zh', '150000', '150400', '150430', '内蒙古自治区敖汉旗', 'ahq'),
(361, 'zh', '150000', '150500', '150502', '内蒙古自治区通辽市科尔沁区', 'keqq'),
(362, 'zh', '150000', '150500', '150521', '内蒙古自治区科尔沁左翼中旗', 'keqzyzq'),
(363, 'zh', '150000', '150500', '150522', '内蒙古自治区科尔沁左翼后旗', 'keqzyhq'),
(364, 'zh', '150000', '150500', '150523', '内蒙古自治区开鲁县', 'klx'),
(365, 'zh', '150000', '150500', '150524', '内蒙古自治区库伦旗', 'klq'),
(366, 'zh', '150000', '150500', '150525', '内蒙古自治区奈曼旗', 'nmq'),
(367, 'zh', '150000', '150500', '150526', '内蒙古自治区扎鲁特旗', 'zltq'),
(368, 'zh', '150000', '150500', '150581', '内蒙古自治区霍林郭勒市', 'hlgls'),
(369, 'zh', '150000', '150600', '150601', '内蒙古自治区市辖区', 'shq'),
(370, 'zh', '150000', '150600', '150602', '内蒙古自治区鄂尔多斯市东胜区', 'dsq'),
(371, 'zh', '150000', '150600', '150621', '内蒙古自治区达拉特旗', 'dltq'),
(372, 'zh', '150000', '150600', '150622', '内蒙古自治区准格尔旗', 'zgeq'),
(373, 'zh', '150000', '150600', '150623', '内蒙古自治区鄂托克前旗', 'etkqq'),
(374, 'zh', '150000', '150600', '150624', '内蒙古自治区鄂托克旗', 'etkq'),
(375, 'zh', '150000', '150600', '150625', '内蒙古自治区杭锦旗', 'hjq'),
(376, 'zh', '150000', '150600', '150626', '内蒙古自治区乌审旗', 'wsq'),
(377, 'zh', '150000', '150600', '150627', '内蒙古自治区伊金霍洛旗', 'yjhlq'),
(378, 'zh', '150000', '150700', '150702', '内蒙古自治区呼伦贝尔市海拉尔区', 'hleq'),
(379, 'zh', '150000', '150700', '150721', '内蒙古自治区阿荣旗', 'arq'),
(380, 'zh', '150000', '150700', '150722', '内蒙古自治区莫力达瓦达斡尔族自治旗', 'mldwdwezzz'),
(381, 'zh', '150000', '150700', '150723', '内蒙古自治区鄂伦春自治旗', 'elczzq'),
(382, 'zh', '150000', '150700', '150724', '内蒙古自治区鄂温克族自治旗', 'ewkzzzq'),
(383, 'zh', '150000', '150700', '150725', '内蒙古自治区陈巴尔虎旗', 'cbehq'),
(384, 'zh', '150000', '150700', '150726', '内蒙古自治区新巴尔虎左旗', 'xbehzq'),
(385, 'zh', '150000', '150700', '150727', '内蒙古自治区新巴尔虎右旗', 'xbehyq'),
(386, 'zh', '150000', '150700', '150781', '内蒙古自治区满洲里市', 'mzls'),
(387, 'zh', '150000', '150700', '150782', '内蒙古自治区牙克石市', 'ykss'),
(388, 'zh', '150000', '150700', '150783', '内蒙古自治区扎兰屯市', 'zlts'),
(389, 'zh', '150000', '150700', '150784', '内蒙古自治区额尔古纳市', 'eegns'),
(390, 'zh', '150000', '150700', '150785', '内蒙古自治区根河市', 'ghs'),
(391, 'zh', '150000', '150800', '150802', '内蒙古自治区巴彦淖尔市临河区', 'lhq'),
(392, 'zh', '150000', '150800', '150821', '内蒙古自治区五原县', 'wyx'),
(393, 'zh', '150000', '150800', '150822', '内蒙古自治区磴口县', 'dkx'),
(394, 'zh', '150000', '150800', '150823', '内蒙古自治区乌拉特前旗', 'wltqq'),
(395, 'zh', '150000', '150800', '150824', '内蒙古自治区乌拉特中旗', 'wltzq'),
(396, 'zh', '150000', '150800', '150825', '内蒙古自治区乌拉特后旗', 'wlthq'),
(397, 'zh', '150000', '150800', '150826', '内蒙古自治区杭锦后旗', 'hjhq'),
(398, 'zh', '150000', '150900', '150902', '内蒙古自治区乌兰察布市集宁区', 'jnq'),
(399, 'zh', '150000', '150900', '150921', '内蒙古自治区卓资县', 'zzx'),
(400, 'zh', '150000', '150900', '150922', '内蒙古自治区化德县', 'hdx'),
(401, 'zh', '150000', '150900', '150923', '内蒙古自治区商都县', 'sdx'),
(402, 'zh', '150000', '150900', '150924', '内蒙古自治区兴和县', 'xhx'),
(403, 'zh', '150000', '150900', '150925', '内蒙古自治区凉城县', 'lcx'),
(404, 'zh', '150000', '150900', '150926', '内蒙古自治区察哈尔右翼前旗', 'cheyyqq'),
(405, 'zh', '150000', '150900', '150927', '内蒙古自治区察哈尔右翼中旗', 'cheyyzq'),
(406, 'zh', '150000', '150900', '150928', '内蒙古自治区察哈尔右翼后旗', 'cheyyhq'),
(407, 'zh', '150000', '150900', '150929', '内蒙古自治区四子王旗', 'szwq'),
(408, 'zh', '150000', '150900', '150981', '内蒙古自治区丰镇市', 'fzs'),
(409, 'zh', '150000', '152200', '152201', '内蒙古自治区乌兰浩特市', 'wlhts'),
(410, 'zh', '150000', '152200', '152202', '内蒙古自治区阿尔山市', 'aess'),
(411, 'zh', '150000', '152200', '152221', '内蒙古自治区科尔沁右翼前旗', 'keqyyqq'),
(412, 'zh', '150000', '152200', '152222', '内蒙古自治区科尔沁右翼中旗', 'keqyyzq'),
(413, 'zh', '150000', '152200', '152223', '内蒙古自治区扎赉特旗', 'zltq'),
(414, 'zh', '150000', '152200', '152224', '内蒙古自治区突泉县', 'tqx'),
(415, 'zh', '150000', '152500', '152501', '内蒙古自治区二连浩特市', 'elhts'),
(416, 'zh', '150000', '152500', '152502', '内蒙古自治区锡林浩特市', 'xlhts'),
(417, 'zh', '150000', '152500', '152522', '内蒙古自治区阿巴嘎旗', 'abgq'),
(418, 'zh', '150000', '152500', '152523', '内蒙古自治区苏尼特左旗', 'sntzq'),
(419, 'zh', '150000', '152500', '152524', '内蒙古自治区苏尼特右旗', 'sntyq'),
(420, 'zh', '150000', '152500', '152525', '内蒙古自治区东乌珠穆沁旗', 'dwzmqq'),
(421, 'zh', '150000', '152500', '152526', '内蒙古自治区西乌珠穆沁旗', 'xwzmqq'),
(422, 'zh', '150000', '152500', '152527', '内蒙古自治区太仆寺旗', 'tpsq'),
(423, 'zh', '150000', '152500', '152528', '内蒙古自治区镶黄旗', 'xhq'),
(424, 'zh', '150000', '152500', '152529', '内蒙古自治区正镶白旗', 'zxbq'),
(425, 'zh', '150000', '152500', '152530', '内蒙古自治区正蓝旗', 'zlq'),
(426, 'zh', '150000', '152500', '152531', '内蒙古自治区多伦县', 'dlx'),
(427, 'zh', '150000', '152900', '152921', '内蒙古自治区阿拉善左旗', 'alszq'),
(428, 'zh', '150000', '152900', '152922', '内蒙古自治区阿拉善右旗', 'alsyq'),
(429, 'zh', '150000', '152900', '152923', '内蒙古自治区额济纳旗', 'ejnq'),
(430, 'zh', '210000', '210100', '210102', '辽宁省沈阳市和平区', 'hpq'),
(431, 'zh', '210000', '210100', '210103', '辽宁省沈阳市沈河区', 'chq'),
(432, 'zh', '210000', '210100', '210104', '辽宁省沈阳市大东区', 'ddq'),
(433, 'zh', '210000', '210100', '210105', '辽宁省沈阳市皇姑区', 'hgq'),
(434, 'zh', '210000', '210100', '210106', '辽宁省沈阳市铁西区', 'txq'),
(435, 'zh', '210000', '210100', '210111', '辽宁省沈阳市苏家屯区', 'sjtq'),
(436, 'zh', '210000', '210100', '210112', '辽宁省沈阳市东陵区', 'dlq'),
(437, 'zh', '210000', '210100', '210113', '辽宁省沈阳市沈北新区', 'cbxq'),
(438, 'zh', '210000', '210100', '210114', '辽宁省沈阳市于洪区', 'yhq'),
(439, 'zh', '210000', '210100', '210122', '辽宁省辽中县', 'lzx'),
(440, 'zh', '210000', '210100', '210123', '辽宁省康平县', 'kpx'),
(441, 'zh', '210000', '210100', '210124', '辽宁省法库县', 'fkx'),
(442, 'zh', '210000', '210100', '210181', '辽宁省新民市', 'xms'),
(443, 'zh', '210000', '210200', '210202', '辽宁省大连市中山区', 'zsq'),
(444, 'zh', '210000', '210200', '210203', '辽宁省大连市西岗区', 'xgq'),
(445, 'zh', '210000', '210200', '210204', '辽宁省大连市沙河口区', 'shkq'),
(446, 'zh', '210000', '210200', '210211', '辽宁省大连市甘井子区', 'gjzq'),
(447, 'zh', '210000', '210200', '210212', '辽宁省大连市旅顺口区', 'lskq'),
(448, 'zh', '210000', '210200', '210213', '辽宁省大连市金州区', 'jzq'),
(449, 'zh', '210000', '210200', '210224', '辽宁省长海县', 'chx'),
(450, 'zh', '210000', '210200', '210281', '辽宁省瓦房店市', 'wfds'),
(451, 'zh', '210000', '210200', '210282', '辽宁省普兰店市', 'plds'),
(452, 'zh', '210000', '210200', '210283', '辽宁省庄河市', 'zhs'),
(453, 'zh', '210000', '210300', '210302', '辽宁省鞍山市铁东区', 'tdq'),
(454, 'zh', '210000', '210300', '210303', '辽宁省鞍山市铁西区', 'txq'),
(455, 'zh', '210000', '210300', '210304', '辽宁省鞍山市立山区', 'lsq'),
(456, 'zh', '210000', '210300', '210311', '辽宁省鞍山市千山区', 'qsq'),
(457, 'zh', '210000', '210300', '210321', '辽宁省台安县', 'tax'),
(458, 'zh', '210000', '210300', '210323', '辽宁省岫岩满族自治县', 'xymzzzx'),
(459, 'zh', '210000', '210300', '210381', '辽宁省海城市', 'hcs'),
(460, 'zh', '210000', '210400', '210402', '辽宁省抚顺市新抚区', 'xfq'),
(461, 'zh', '210000', '210400', '210403', '辽宁省抚顺市东洲区', 'dzq'),
(462, 'zh', '210000', '210400', '210404', '辽宁省抚顺市望花区', 'whq'),
(463, 'zh', '210000', '210400', '210411', '辽宁省抚顺市顺城区', 'scq'),
(464, 'zh', '210000', '210400', '210421', '辽宁省抚顺县', 'fsx'),
(465, 'zh', '210000', '210400', '210422', '辽宁省新宾满族自治县', 'xbmzzzx'),
(466, 'zh', '210000', '210400', '210423', '辽宁省清原满族自治县', 'qymzzzx'),
(467, 'zh', '210000', '210500', '210502', '辽宁省本溪市平山区', 'psq'),
(468, 'zh', '210000', '210500', '210503', '辽宁省本溪市溪湖区', 'xhq'),
(469, 'zh', '210000', '210500', '210504', '辽宁省本溪市明山区', 'msq'),
(470, 'zh', '210000', '210500', '210505', '辽宁省本溪市南芬区', 'nfq'),
(471, 'zh', '210000', '210500', '210521', '辽宁省本溪满族自治县', 'bxmzzzx'),
(472, 'zh', '210000', '210500', '210522', '辽宁省桓仁满族自治县', 'hrmzzzx'),
(473, 'zh', '210000', '210600', '210602', '辽宁省丹东市元宝区', 'ybq'),
(474, 'zh', '210000', '210600', '210603', '辽宁省丹东市振兴区', 'zxq'),
(475, 'zh', '210000', '210600', '210604', '辽宁省丹东市振安区', 'zaq'),
(476, 'zh', '210000', '210600', '210624', '辽宁省宽甸满族自治县', 'kdmzzzx'),
(477, 'zh', '210000', '210600', '210681', '辽宁省东港市', 'dgs'),
(478, 'zh', '210000', '210600', '210682', '辽宁省凤城市', 'fcs'),
(479, 'zh', '210000', '210700', '210702', '辽宁省锦州市古塔区', 'gtq'),
(480, 'zh', '210000', '210700', '210703', '辽宁省锦州市凌河区', 'lhq'),
(481, 'zh', '210000', '210700', '210711', '辽宁省锦州市太和区', 'thq'),
(482, 'zh', '210000', '210700', '210726', '辽宁省黑山县', 'hsx'),
(483, 'zh', '210000', '210700', '210727', '辽宁省义 县', 'y x'),
(484, 'zh', '210000', '210700', '210781', '辽宁省凌海市', 'lhs'),
(485, 'zh', '210000', '210700', '210782', '辽宁省北镇市', 'bzs'),
(486, 'zh', '210000', '210800', '210802', '辽宁省营口市站前区', 'zqq'),
(487, 'zh', '210000', '210800', '210803', '辽宁省营口市西市区', 'xsq'),
(488, 'zh', '210000', '210800', '210804', '辽宁省营口市鲅鱼圈区', 'byqq'),
(489, 'zh', '210000', '210800', '210811', '辽宁省营口市老边区', 'lbq'),
(490, 'zh', '210000', '210800', '210881', '辽宁省盖州市', 'gzs'),
(491, 'zh', '210000', '210800', '210882', '辽宁省大石桥市', 'dsqs'),
(492, 'zh', '210000', '210900', '210902', '辽宁省阜新市海州区', 'hzq'),
(493, 'zh', '210000', '210900', '210903', '辽宁省阜新市新邱区', 'xqq'),
(494, 'zh', '210000', '210900', '210904', '辽宁省阜新市太平区', 'tpq'),
(495, 'zh', '210000', '210900', '210905', '辽宁省阜新市清河门区', 'qhmq'),
(496, 'zh', '210000', '210900', '210911', '辽宁省阜新市细河区', 'xhq'),
(497, 'zh', '210000', '210900', '210921', '辽宁省阜新蒙古族自治县', 'fxmgzzzx'),
(498, 'zh', '210000', '210900', '210922', '辽宁省彰武县', 'zwx'),
(499, 'zh', '210000', '211000', '211002', '辽宁省辽阳市白塔区', 'btq'),
(500, 'zh', '210000', '211000', '211003', '辽宁省辽阳市文圣区', 'wsq'),
(501, 'zh', '210000', '211000', '211004', '辽宁省辽阳市宏伟区', 'hwq'),
(502, 'zh', '210000', '211000', '211005', '辽宁省辽阳市弓长岭区', 'gclq'),
(503, 'zh', '210000', '211000', '211011', '辽宁省辽阳市太子河区', 'tzhq'),
(504, 'zh', '210000', '211000', '211021', '辽宁省辽阳县', 'lyx'),
(505, 'zh', '210000', '211000', '211081', '辽宁省灯塔市', 'dts'),
(506, 'zh', '210000', '211100', '211102', '辽宁省盘锦市双台子区', 'stzq'),
(507, 'zh', '210000', '211100', '211103', '辽宁省盘锦市兴隆台区', 'xltq'),
(508, 'zh', '210000', '211100', '211121', '辽宁省大洼县', 'dwx'),
(509, 'zh', '210000', '211100', '211122', '辽宁省盘山县', 'psx'),
(510, 'zh', '210000', '211200', '211202', '辽宁省铁岭市银州区', 'yzq'),
(511, 'zh', '210000', '211200', '211204', '辽宁省铁岭市清河区', 'qhq'),
(512, 'zh', '210000', '211200', '211221', '辽宁省铁岭县', 'tlx'),
(513, 'zh', '210000', '211200', '211223', '辽宁省西丰县', 'xfx'),
(514, 'zh', '210000', '211200', '211224', '辽宁省昌图县', 'ctx'),
(515, 'zh', '210000', '211200', '211281', '辽宁省调兵山市', 'dbss'),
(516, 'zh', '210000', '211200', '211282', '辽宁省开原市', 'kys'),
(517, 'zh', '210000', '211300', '211302', '辽宁省朝阳市双塔区', 'stq'),
(518, 'zh', '210000', '211300', '211303', '辽宁省朝阳市龙城区', 'lcq'),
(519, 'zh', '210000', '211300', '211321', '辽宁省朝阳县', 'cyx'),
(520, 'zh', '210000', '211300', '211322', '辽宁省建平县', 'jpx'),
(521, 'zh', '210000', '211300', '211324', '辽宁省喀喇沁左翼蒙古族自治县', 'klqzymgzzz'),
(522, 'zh', '210000', '211300', '211381', '辽宁省北票市', 'bps'),
(523, 'zh', '210000', '211300', '211382', '辽宁省凌源市', 'lys'),
(524, 'zh', '210000', '211400', '211402', '辽宁省葫芦岛市连山区', 'lsq'),
(525, 'zh', '210000', '211400', '211403', '辽宁省葫芦岛市龙港区', 'lgq'),
(526, 'zh', '210000', '211400', '211404', '辽宁省葫芦岛市南票区', 'npq'),
(527, 'zh', '210000', '211400', '211421', '辽宁省绥中县', 'szx'),
(528, 'zh', '210000', '211400', '211422', '辽宁省建昌县', 'jcx'),
(529, 'zh', '210000', '211400', '211481', '辽宁省兴城市', 'xcs'),
(530, 'zh', '220000', '220100', '220102', '吉林省长春市南关区', 'ngq'),
(531, 'zh', '220000', '220100', '220103', '吉林省长春市宽城区', 'kcq'),
(532, 'zh', '220000', '220100', '220104', '吉林省长春市朝阳区', 'cyq'),
(533, 'zh', '220000', '220100', '220105', '吉林省长春市二道区', 'edq'),
(534, 'zh', '220000', '220100', '220106', '吉林省长春市绿园区', 'lyq'),
(535, 'zh', '220000', '220100', '220112', '吉林省长春市双阳区', 'syq'),
(536, 'zh', '220000', '220100', '220122', '吉林省农安县', 'nax'),
(537, 'zh', '220000', '220100', '220181', '吉林省九台市', 'jts'),
(538, 'zh', '220000', '220100', '220182', '吉林省榆树市', 'yss'),
(539, 'zh', '220000', '220100', '220183', '吉林省德惠市', 'dhs'),
(540, 'zh', '220000', '220200', '220202', '吉林省吉林市昌邑区', 'cyq'),
(541, 'zh', '220000', '220200', '220203', '吉林省吉林市龙潭区', 'ltq'),
(542, 'zh', '220000', '220200', '220204', '吉林省吉林市船营区', 'cyq'),
(543, 'zh', '220000', '220200', '220211', '吉林省吉林市丰满区', 'fmq'),
(544, 'zh', '220000', '220200', '220221', '吉林省永吉县', 'yjx'),
(545, 'zh', '220000', '220200', '220281', '吉林省蛟河市', 'jhs'),
(546, 'zh', '220000', '220200', '220282', '吉林省桦甸市', 'hds'),
(547, 'zh', '220000', '220200', '220283', '吉林省舒兰市', 'sls'),
(548, 'zh', '220000', '220200', '220284', '吉林省磐石市', 'pss'),
(549, 'zh', '220000', '220300', '220302', '吉林省四平市铁西区', 'txq'),
(550, 'zh', '220000', '220300', '220303', '吉林省四平市铁东区', 'tdq'),
(551, 'zh', '220000', '220300', '220322', '吉林省梨树县', 'lsx'),
(552, 'zh', '220000', '220300', '220323', '吉林省伊通满族自治县', 'ytmzzzx'),
(553, 'zh', '220000', '220300', '220381', '吉林省公主岭市', 'gzls'),
(554, 'zh', '220000', '220300', '220382', '吉林省双辽市', 'sls'),
(555, 'zh', '220000', '220400', '220402', '吉林省辽源市龙山区', 'lsq'),
(556, 'zh', '220000', '220400', '220403', '吉林省辽源市西安区', 'xaq'),
(557, 'zh', '220000', '220400', '220421', '吉林省东丰县', 'dfx'),
(558, 'zh', '220000', '220400', '220422', '吉林省东辽县', 'dlx'),
(559, 'zh', '220000', '220500', '220502', '吉林省通化市东昌区', 'dcq'),
(560, 'zh', '220000', '220500', '220503', '吉林省通化市二道江区', 'edjq'),
(561, 'zh', '220000', '220500', '220521', '吉林省通化县', 'thx'),
(562, 'zh', '220000', '220500', '220523', '吉林省辉南县', 'hnx'),
(563, 'zh', '220000', '220500', '220524', '吉林省柳河县', 'lhx'),
(564, 'zh', '220000', '220500', '220581', '吉林省梅河口市', 'mhks'),
(565, 'zh', '220000', '220500', '220582', '吉林省集安市', 'jas'),
(566, 'zh', '220000', '220600', '220602', '吉林省白山市八道江区', 'bdjq'),
(567, 'zh', '220000', '220600', '220605', '吉林省白山市江源区', 'jyq'),
(568, 'zh', '220000', '220600', '220621', '吉林省抚松县', 'fsx'),
(569, 'zh', '220000', '220600', '220622', '吉林省靖宇县', 'jyx'),
(570, 'zh', '220000', '220600', '220623', '吉林省长白朝鲜族自治县', 'cbcxzzzx'),
(571, 'zh', '220000', '220600', '220681', '吉林省临江市', 'ljs'),
(572, 'zh', '220000', '220700', '220702', '吉林省松原市宁江区', 'njq'),
(573, 'zh', '220000', '220700', '220721', '吉林省前郭尔罗斯蒙古族自治县', 'qgelsmgzzz'),
(574, 'zh', '220000', '220700', '220722', '吉林省长岭县', 'clx'),
(575, 'zh', '220000', '220700', '220723', '吉林省乾安县', 'qax'),
(576, 'zh', '220000', '220700', '220724', '吉林省扶余县', 'fyx'),
(577, 'zh', '220000', '220800', '220802', '吉林省白城市洮北区', 'tbq'),
(578, 'zh', '220000', '220800', '220821', '吉林省镇赉县', 'zlx'),
(579, 'zh', '220000', '220800', '220822', '吉林省通榆县', 'tyx'),
(580, 'zh', '220000', '220800', '220881', '吉林省洮南市', 'tns'),
(581, 'zh', '220000', '220800', '220882', '吉林省大安市', 'das'),
(582, 'zh', '220000', '222400', '222401', '吉林省延吉市', 'yjs'),
(583, 'zh', '220000', '222400', '222402', '吉林省图们市', 'tms'),
(584, 'zh', '220000', '222400', '222403', '吉林省敦化市', 'dhs'),
(585, 'zh', '220000', '222400', '222404', '吉林省珲春市', 'hcs'),
(586, 'zh', '220000', '222400', '222405', '吉林省龙井市', 'ljs'),
(587, 'zh', '220000', '222400', '222406', '吉林省和龙市', 'hls'),
(588, 'zh', '220000', '222400', '222424', '吉林省汪清县', 'wqx'),
(589, 'zh', '220000', '222400', '222426', '吉林省安图县', 'atx'),
(590, 'zh', '230000', '230100', '230102', '黑龙江省哈尔滨市道里区', 'dlq'),
(591, 'zh', '230000', '230100', '230103', '黑龙江省哈尔滨市南岗区', 'ngq'),
(592, 'zh', '230000', '230100', '230104', '黑龙江省哈尔滨市道外区', 'dwq'),
(593, 'zh', '230000', '230100', '230108', '黑龙江省哈尔滨市平房区', 'pfq'),
(594, 'zh', '230000', '230100', '230109', '黑龙江省哈尔滨市松北区', 'sbq'),
(595, 'zh', '230000', '230100', '230110', '黑龙江省哈尔滨市香坊区', 'xfq'),
(596, 'zh', '230000', '230100', '230111', '黑龙江省哈尔滨市呼兰区', 'hlq'),
(597, 'zh', '230000', '230100', '230112', '黑龙江省哈尔滨市阿城区 ', 'acq'),
(598, 'zh', '230000', '230100', '230123', '黑龙江省依兰县', 'ylx'),
(599, 'zh', '230000', '230100', '230124', '黑龙江省方正县', 'fzx'),
(600, 'zh', '230000', '230100', '230125', '黑龙江省宾 县', 'b x'),
(601, 'zh', '230000', '230100', '230126', '黑龙江省巴彦县', 'byx'),
(602, 'zh', '230000', '230100', '230127', '黑龙江省木兰县', 'mlx'),
(603, 'zh', '230000', '230100', '230128', '黑龙江省通河县', 'thx'),
(604, 'zh', '230000', '230100', '230129', '黑龙江省延寿县', 'ysx'),
(605, 'zh', '230000', '230100', '230182', '黑龙江省双城市', 'scs'),
(606, 'zh', '230000', '230100', '230183', '黑龙江省尚志市', 'szs'),
(607, 'zh', '230000', '230100', '230184', '黑龙江省五常市', 'wcs'),
(608, 'zh', '230000', '230200', '230202', '黑龙江省齐齐哈尔市龙沙区', 'lsq'),
(609, 'zh', '230000', '230200', '230203', '黑龙江省齐齐哈尔市建华区', 'jhq'),
(610, 'zh', '230000', '230200', '230204', '黑龙江省齐齐哈尔市铁锋区', 'tfq'),
(611, 'zh', '230000', '230200', '230205', '黑龙江省齐齐哈尔市昂昂溪区', 'aaxq'),
(612, 'zh', '230000', '230200', '230206', '黑龙江省齐齐哈尔市富拉尔基区', 'flejq'),
(613, 'zh', '230000', '230200', '230207', '黑龙江省齐齐哈尔市碾子山区', 'nzsq'),
(614, 'zh', '230000', '230200', '230208', '黑龙江省齐齐哈尔市梅里斯达斡尔族区', 'mlsdwezq'),
(615, 'zh', '230000', '230200', '230221', '黑龙江省龙江县', 'ljx'),
(616, 'zh', '230000', '230200', '230223', '黑龙江省依安县', 'yax'),
(617, 'zh', '230000', '230200', '230224', '黑龙江省泰来县', 'tlx'),
(618, 'zh', '230000', '230200', '230225', '黑龙江省甘南县', 'gnx'),
(619, 'zh', '230000', '230200', '230227', '黑龙江省富裕县', 'fyx'),
(620, 'zh', '230000', '230200', '230229', '黑龙江省克山县', 'ksx'),
(621, 'zh', '230000', '230200', '230230', '黑龙江省克东县', 'kdx'),
(622, 'zh', '230000', '230200', '230231', '黑龙江省拜泉县', 'bqx'),
(623, 'zh', '230000', '230200', '230281', '黑龙江省讷河市', 'nhs'),
(624, 'zh', '230000', '230300', '230302', '黑龙江省鸡西市鸡冠区', 'jgq'),
(625, 'zh', '230000', '230300', '230303', '黑龙江省鸡西市恒山区', 'hsq'),
(626, 'zh', '230000', '230300', '230304', '黑龙江省鸡西市滴道区', 'ddq'),
(627, 'zh', '230000', '230300', '230305', '黑龙江省鸡西市梨树区', 'lsq'),
(628, 'zh', '230000', '230300', '230306', '黑龙江省鸡西市城子河区', 'czhq'),
(629, 'zh', '230000', '230300', '230307', '黑龙江省鸡西市麻山区', 'msq'),
(630, 'zh', '230000', '230300', '230321', '黑龙江省鸡东县', 'jdx'),
(631, 'zh', '230000', '230300', '230381', '黑龙江省虎林市', 'hls'),
(632, 'zh', '230000', '230300', '230382', '黑龙江省密山市', 'mss'),
(633, 'zh', '230000', '230400', '230402', '黑龙江省鹤岗市向阳区', 'xyq'),
(634, 'zh', '230000', '230400', '230403', '黑龙江省鹤岗市工农区', 'gnq'),
(635, 'zh', '230000', '230400', '230404', '黑龙江省鹤岗市南山区', 'nsq'),
(636, 'zh', '230000', '230400', '230405', '黑龙江省鹤岗市兴安区', 'xaq'),
(637, 'zh', '230000', '230400', '230406', '黑龙江省鹤岗市东山区', 'dsq'),
(638, 'zh', '230000', '230400', '230407', '黑龙江省鹤岗市兴山区', 'xsq'),
(639, 'zh', '230000', '230400', '230421', '黑龙江省萝北县', 'lbx'),
(640, 'zh', '230000', '230400', '230422', '黑龙江省绥滨县', 'sbx'),
(641, 'zh', '230000', '230500', '230502', '黑龙江省双鸭山市尖山区', 'jsq'),
(642, 'zh', '230000', '230500', '230503', '黑龙江省双鸭山市岭东区', 'ldq'),
(643, 'zh', '230000', '230500', '230505', '黑龙江省双鸭山市四方台区', 'sftq'),
(644, 'zh', '230000', '230500', '230506', '黑龙江省双鸭山市宝山区', 'bsq'),
(645, 'zh', '230000', '230500', '230521', '黑龙江省集贤县', 'jxx'),
(646, 'zh', '230000', '230500', '230522', '黑龙江省友谊县', 'yyx'),
(647, 'zh', '230000', '230500', '230523', '黑龙江省宝清县', 'bqx'),
(648, 'zh', '230000', '230500', '230524', '黑龙江省饶河县', 'rhx'),
(649, 'zh', '230000', '230600', '230602', '黑龙江省大庆市萨尔图区', 'setq'),
(650, 'zh', '230000', '230600', '230603', '黑龙江省大庆市龙凤区', 'lfq'),
(651, 'zh', '230000', '230600', '230604', '黑龙江省大庆市让胡路区', 'rhlq'),
(652, 'zh', '230000', '230600', '230605', '黑龙江省大庆市红岗区', 'hgq'),
(653, 'zh', '230000', '230600', '230606', '黑龙江省大庆市大同区', 'dtq'),
(654, 'zh', '230000', '230600', '230621', '黑龙江省肇州县', 'zzx'),
(655, 'zh', '230000', '230600', '230622', '黑龙江省肇源县', 'zyx'),
(656, 'zh', '230000', '230600', '230623', '黑龙江省林甸县', 'ldx'),
(657, 'zh', '230000', '230600', '230624', '黑龙江省杜尔伯特蒙古族自治县', 'debtmgzzzx');
INSERT INTO `town_table` (`ttId`, `country_code`, `province_code`, `city_code`, `town_code`, `town_name`, `town_py`) VALUES
(658, 'zh', '230000', '230700', '230702', '黑龙江省伊春市伊春区', 'ycq'),
(659, 'zh', '230000', '230700', '230703', '黑龙江省伊春市南岔区', 'ncq'),
(660, 'zh', '230000', '230700', '230704', '黑龙江省伊春市友好区', 'yhq'),
(661, 'zh', '230000', '230700', '230705', '黑龙江省伊春市西林区', 'xlq'),
(662, 'zh', '230000', '230700', '230706', '黑龙江省伊春市翠峦区', 'clq'),
(663, 'zh', '230000', '230700', '230707', '黑龙江省伊春市新青区', 'xqq'),
(664, 'zh', '230000', '230700', '230708', '黑龙江省伊春市美溪区', 'mxq'),
(665, 'zh', '230000', '230700', '230709', '黑龙江省伊春市金山屯区', 'jstq'),
(666, 'zh', '230000', '230700', '230710', '黑龙江省伊春市五营区', 'wyq'),
(667, 'zh', '230000', '230700', '230711', '黑龙江省伊春市乌马河区', 'wmhq'),
(668, 'zh', '230000', '230700', '230712', '黑龙江省伊春市汤旺河区', 'twhq'),
(669, 'zh', '230000', '230700', '230713', '黑龙江省伊春市带岭区', 'dlq'),
(670, 'zh', '230000', '230700', '230714', '黑龙江省伊春市乌伊岭区', 'wylq'),
(671, 'zh', '230000', '230700', '230715', '黑龙江省伊春市红星区', 'hxq'),
(672, 'zh', '230000', '230700', '230716', '黑龙江省伊春市上甘岭区', 'sglq'),
(673, 'zh', '230000', '230700', '230722', '黑龙江省嘉荫县', 'jyx'),
(674, 'zh', '230000', '230700', '230781', '黑龙江省铁力市', 'tls'),
(675, 'zh', '230000', '230800', '230803', '黑龙江省佳木斯市向阳区', 'xyq'),
(676, 'zh', '230000', '230800', '230804', '黑龙江省佳木斯市前进区', 'qjq'),
(677, 'zh', '230000', '230800', '230805', '黑龙江省佳木斯市东风区', 'dfq'),
(678, 'zh', '230000', '230800', '230811', '黑龙江省佳木斯市郊 区', 'j q'),
(679, 'zh', '230000', '230800', '230822', '黑龙江省桦南县', 'hnx'),
(680, 'zh', '230000', '230800', '230826', '黑龙江省桦川县', 'hcx'),
(681, 'zh', '230000', '230800', '230828', '黑龙江省汤原县', 'tyx'),
(682, 'zh', '230000', '230800', '230833', '黑龙江省抚远县', 'fyx'),
(683, 'zh', '230000', '230800', '230881', '黑龙江省同江市', 'tjs'),
(684, 'zh', '230000', '230800', '230882', '黑龙江省富锦市', 'fjs'),
(685, 'zh', '230000', '230900', '230902', '黑龙江省七台河市新兴区', 'xxq'),
(686, 'zh', '230000', '230900', '230903', '黑龙江省七台河市桃山区', 'tsq'),
(687, 'zh', '230000', '230900', '230904', '黑龙江省七台河市茄子河区', 'qzhq'),
(688, 'zh', '230000', '230900', '230921', '黑龙江省勃利县', 'blx'),
(689, 'zh', '230000', '231000', '231002', '黑龙江省牡丹江市东安区', 'daq'),
(690, 'zh', '230000', '231000', '231003', '黑龙江省牡丹江市阳明区', 'ymq'),
(691, 'zh', '230000', '231000', '231004', '黑龙江省牡丹江市爱民区', 'amq'),
(692, 'zh', '230000', '231000', '231005', '黑龙江省牡丹江市西安区', 'xaq'),
(693, 'zh', '230000', '231000', '231024', '黑龙江省东宁县', 'dnx'),
(694, 'zh', '230000', '231000', '231025', '黑龙江省林口县', 'lkx'),
(695, 'zh', '230000', '231000', '231081', '黑龙江省绥芬河市', 'sfhs'),
(696, 'zh', '230000', '231000', '231083', '黑龙江省海林市', 'hls'),
(697, 'zh', '230000', '231000', '231084', '黑龙江省宁安市', 'nas'),
(698, 'zh', '230000', '231000', '231085', '黑龙江省穆棱市', 'mls'),
(699, 'zh', '230000', '231100', '231102', '黑龙江省黑河市爱辉区', 'ahq'),
(700, 'zh', '230000', '231100', '231121', '黑龙江省嫩江县', 'njx'),
(701, 'zh', '230000', '231100', '231123', '黑龙江省逊克县', 'xkx'),
(702, 'zh', '230000', '231100', '231124', '黑龙江省孙吴县', 'swx'),
(703, 'zh', '230000', '231100', '231181', '黑龙江省北安市', 'bas'),
(704, 'zh', '230000', '231100', '231182', '黑龙江省五大连池市', 'wdlcs'),
(705, 'zh', '230000', '231200', '231202', '黑龙江省绥化市北林区', 'blq'),
(706, 'zh', '230000', '231200', '231221', '黑龙江省望奎县', 'wkx'),
(707, 'zh', '230000', '231200', '231222', '黑龙江省兰西县', 'lxx'),
(708, 'zh', '230000', '231200', '231223', '黑龙江省青冈县', 'qgx'),
(709, 'zh', '230000', '231200', '231224', '黑龙江省庆安县', 'qax'),
(710, 'zh', '230000', '231200', '231225', '黑龙江省明水县', 'msx'),
(711, 'zh', '230000', '231200', '231226', '黑龙江省绥棱县', 'slx'),
(712, 'zh', '230000', '231200', '231281', '黑龙江省安达市', 'ads'),
(713, 'zh', '230000', '231200', '231282', '黑龙江省肇东市', 'zds'),
(714, 'zh', '230000', '231200', '231283', '黑龙江省海伦市', 'hls'),
(715, 'zh', '230000', '232700', '232701', '黑龙江省加格达奇区', 'jgdqq'),
(716, 'zh', '230000', '232700', '232702', '黑龙江省松岭区', 'slq'),
(717, 'zh', '230000', '232700', '232703', '黑龙江省新林区', 'xlq'),
(718, 'zh', '230000', '232700', '232704', '黑龙江省呼中区', 'hzq'),
(719, 'zh', '230000', '232700', '232721', '黑龙江省呼玛县', 'hmx'),
(720, 'zh', '230000', '232700', '232722', '黑龙江省塔河县', 'thx'),
(721, 'zh', '230000', '232700', '232723', '黑龙江省漠河县', 'mhx'),
(722, 'zh', '310000', '310100', '310101', '上海市黄浦区', 'hpq'),
(723, 'zh', '310000', '310100', '310103', '上海市卢湾区', 'lwq'),
(724, 'zh', '310000', '310100', '310104', '上海市徐汇区', 'xhq'),
(725, 'zh', '310000', '310100', '310105', '上海市长宁区', 'cnq'),
(726, 'zh', '310000', '310100', '310106', '上海市静安区', 'jaq'),
(727, 'zh', '310000', '310100', '310107', '上海市普陀区', 'ptq'),
(728, 'zh', '310000', '310100', '310108', '上海市闸北区', 'zbq'),
(729, 'zh', '310000', '310100', '310109', '上海市虹口区', 'hkq'),
(730, 'zh', '310000', '310100', '310110', '上海市杨浦区', 'ypq'),
(731, 'zh', '310000', '310100', '310112', '上海市闵行区', 'mxq'),
(732, 'zh', '310000', '310100', '310113', '上海市宝山区', 'bsq'),
(733, 'zh', '310000', '310100', '310114', '上海市嘉定区', 'jdq'),
(734, 'zh', '310000', '310100', '310115', '上海市浦东新区', 'pdxq'),
(735, 'zh', '310000', '310100', '310116', '上海市金山区', 'jsq'),
(736, 'zh', '310000', '310100', '310117', '上海市松江区', 'sjq'),
(737, 'zh', '310000', '310100', '310118', '上海市青浦区', 'qpq'),
(738, 'zh', '310000', '310100', '310119', '上海市南汇区', 'nhq'),
(739, 'zh', '310000', '310100', '310120', '上海市奉贤区', 'fxq'),
(740, 'zh', '310000', '310200', '310230', '上海市崇明县', 'cmx'),
(741, 'zh', '320000', '320100', '320102', '江苏省南京市玄武区', 'xwq'),
(742, 'zh', '320000', '320100', '320103', '江苏省南京市白下区', 'bxq'),
(743, 'zh', '320000', '320100', '320104', '江苏省南京市秦淮区', 'qhq'),
(744, 'zh', '320000', '320100', '320105', '江苏省南京市建邺区', 'jyq'),
(745, 'zh', '320000', '320100', '320106', '江苏省南京市鼓楼区', 'glq'),
(746, 'zh', '320000', '320100', '320107', '江苏省南京市下关区', 'xgq'),
(747, 'zh', '320000', '320100', '320111', '江苏省南京市浦口区', 'pkq'),
(748, 'zh', '320000', '320100', '320113', '江苏省南京市栖霞区', 'qxq'),
(749, 'zh', '320000', '320100', '320114', '江苏省南京市雨花台区', 'yhtq'),
(750, 'zh', '320000', '320100', '320115', '江苏省南京市江宁区', 'jnq'),
(751, 'zh', '320000', '320100', '320116', '江苏省南京市六合区', 'lhq'),
(752, 'zh', '320000', '320100', '320124', '江苏省溧水县', 'lsx'),
(753, 'zh', '320000', '320100', '320125', '江苏省高淳县', 'gcx'),
(754, 'zh', '320000', '320200', '320202', '江苏省无锡市崇安区', 'caq'),
(755, 'zh', '320000', '320200', '320203', '江苏省无锡市南长区', 'ncq'),
(756, 'zh', '320000', '320200', '320204', '江苏省无锡市北塘区', 'btq'),
(757, 'zh', '320000', '320200', '320205', '江苏省无锡市锡山区', 'xsq'),
(758, 'zh', '320000', '320200', '320206', '江苏省无锡市惠山区', 'hsq'),
(759, 'zh', '320000', '320200', '320211', '江苏省无锡市滨湖区', 'bhq'),
(760, 'zh', '320000', '320200', '320281', '江苏省江阴市', 'jys'),
(761, 'zh', '320000', '320200', '320282', '江苏省宜兴市', 'yxs'),
(762, 'zh', '320000', '320300', '320302', '江苏省徐州市鼓楼区', 'glq'),
(763, 'zh', '320000', '320300', '320303', '江苏省徐州市云龙区', 'ylq'),
(764, 'zh', '320000', '320300', '320304', '江苏省徐州市九里区', 'jlq'),
(765, 'zh', '320000', '320300', '320305', '江苏省徐州市贾汪区', 'jwq'),
(766, 'zh', '320000', '320300', '320311', '江苏省徐州市泉山区', 'qsq'),
(767, 'zh', '320000', '320300', '320321', '江苏省丰 县', 'f x'),
(768, 'zh', '320000', '320300', '320322', '江苏省沛 县', 'p x'),
(769, 'zh', '320000', '320300', '320323', '江苏省铜山县', 'tsx'),
(770, 'zh', '320000', '320300', '320324', '江苏省睢宁县', 'snx'),
(771, 'zh', '320000', '320300', '320381', '江苏省新沂市', 'xys'),
(772, 'zh', '320000', '320300', '320382', '江苏省邳州市', 'pzs'),
(773, 'zh', '320000', '320400', '320402', '江苏省常州市天宁区', 'tnq'),
(774, 'zh', '320000', '320400', '320404', '江苏省常州市钟楼区', 'zlq'),
(775, 'zh', '320000', '320400', '320405', '江苏省常州市戚墅堰区', 'qsyq'),
(776, 'zh', '320000', '320400', '320411', '江苏省常州市新北区', 'xbq'),
(777, 'zh', '320000', '320400', '320412', '江苏省常州市武进区', 'wjq'),
(778, 'zh', '320000', '320400', '320481', '江苏省溧阳市', 'lys'),
(779, 'zh', '320000', '320400', '320482', '江苏省金坛市', 'jts'),
(780, 'zh', '320000', '320500', '320502', '江苏省苏州市沧浪区', 'clq'),
(781, 'zh', '320000', '320500', '320503', '江苏省苏州市平江区', 'pjq'),
(782, 'zh', '320000', '320500', '320504', '江苏省苏州市金阊区', 'jcq'),
(783, 'zh', '320000', '320500', '320505', '江苏省苏州市虎丘区', 'hqq'),
(784, 'zh', '320000', '320500', '320506', '江苏省苏州市吴中区', 'wzq'),
(785, 'zh', '320000', '320500', '320507', '江苏省苏州市相城区', 'xcq'),
(786, 'zh', '320000', '320500', '320581', '江苏省常熟市', 'css'),
(787, 'zh', '320000', '320500', '320582', '江苏省张家港市', 'zjgs'),
(788, 'zh', '320000', '320500', '320583', '江苏省昆山市', 'kss'),
(789, 'zh', '320000', '320500', '320584', '江苏省吴江市', 'wjs'),
(790, 'zh', '320000', '320500', '320585', '江苏省太仓市', 'tcs'),
(791, 'zh', '320000', '320600', '320602', '江苏省南通市崇川区', 'ccq'),
(792, 'zh', '320000', '320600', '320611', '江苏省南通市港闸区', 'gzq'),
(793, 'zh', '320000', '320600', '320621', '江苏省海安县', 'hax'),
(794, 'zh', '320000', '320600', '320623', '江苏省如东县', 'rdx'),
(795, 'zh', '320000', '320600', '320681', '江苏省启东市', 'qds'),
(796, 'zh', '320000', '320600', '320682', '江苏省如皋市', 'rgs'),
(797, 'zh', '320000', '320600', '320683', '江苏省通州市', 'tzs'),
(798, 'zh', '320000', '320600', '320684', '江苏省海门市', 'hms'),
(799, 'zh', '320000', '320700', '320703', '江苏省连云港市连云区', 'lyq'),
(800, 'zh', '320000', '320700', '320705', '江苏省连云港市新浦区', 'xpq'),
(801, 'zh', '320000', '320700', '320706', '江苏省连云港市海州区', 'hzq'),
(802, 'zh', '320000', '320700', '320721', '江苏省赣榆县', 'gyx'),
(803, 'zh', '320000', '320700', '320722', '江苏省东海县', 'dhx'),
(804, 'zh', '320000', '320700', '320723', '江苏省灌云县', 'gyx'),
(805, 'zh', '320000', '320700', '320724', '江苏省灌南县', 'gnx'),
(806, 'zh', '320000', '320800', '320802', '江苏省淮安市清河区', 'qhq'),
(807, 'zh', '320000', '320800', '320803', '江苏省淮安市楚州区', 'czq'),
(808, 'zh', '320000', '320800', '320804', '江苏省淮安市淮阴区', 'hyq'),
(809, 'zh', '320000', '320800', '320811', '江苏省淮安市清浦区', 'qpq'),
(810, 'zh', '320000', '320800', '320826', '江苏省涟水县', 'lsx'),
(811, 'zh', '320000', '320800', '320829', '江苏省洪泽县', 'hzx'),
(812, 'zh', '320000', '320800', '320830', '江苏省盱眙县', 'xyx'),
(813, 'zh', '320000', '320800', '320831', '江苏省金湖县', 'jhx'),
(814, 'zh', '320000', '320900', '320902', '江苏省盐城市亭湖区', 'thq'),
(815, 'zh', '320000', '320900', '320903', '江苏省盐城市盐都区', 'ydq'),
(816, 'zh', '320000', '320900', '320921', '江苏省响水县', 'xsx'),
(817, 'zh', '320000', '320900', '320922', '江苏省滨海县', 'bhx'),
(818, 'zh', '320000', '320900', '320923', '江苏省阜宁县', 'fnx'),
(819, 'zh', '320000', '320900', '320924', '江苏省射阳县', 'syx'),
(820, 'zh', '320000', '320900', '320925', '江苏省建湖县', 'jhx'),
(821, 'zh', '320000', '320900', '320981', '江苏省东台市', 'dts'),
(822, 'zh', '320000', '320900', '320982', '江苏省大丰市', 'dfs'),
(823, 'zh', '320000', '321000', '321002', '江苏省扬州市广陵区', 'glq'),
(824, 'zh', '320000', '321000', '321003', '江苏省扬州市邗江区', 'hjq'),
(825, 'zh', '320000', '321000', '321011', '江苏省扬州市维扬区', 'wyq'),
(826, 'zh', '320000', '321000', '321023', '江苏省宝应县', 'byx'),
(827, 'zh', '320000', '321000', '321081', '江苏省仪征市', 'yzs'),
(828, 'zh', '320000', '321000', '321084', '江苏省高邮市', 'gys'),
(829, 'zh', '320000', '321000', '321088', '江苏省江都市', 'jds'),
(830, 'zh', '320000', '321100', '321102', '江苏省镇江市京口区', 'jkq'),
(831, 'zh', '320000', '321100', '321111', '江苏省镇江市润州区', 'rzq'),
(832, 'zh', '320000', '321100', '321112', '江苏省镇江市丹徒区', 'dtq'),
(833, 'zh', '320000', '321100', '321181', '江苏省丹阳市', 'dys'),
(834, 'zh', '320000', '321100', '321182', '江苏省扬中市', 'yzs'),
(835, 'zh', '320000', '321100', '321183', '江苏省句容市', 'jrs'),
(836, 'zh', '320000', '321200', '321202', '江苏省泰州市海陵区', 'hlq'),
(837, 'zh', '320000', '321200', '321203', '江苏省泰州市高港区', 'ggq'),
(838, 'zh', '320000', '321200', '321281', '江苏省兴化市', 'xhs'),
(839, 'zh', '320000', '321200', '321282', '江苏省靖江市', 'jjs'),
(840, 'zh', '320000', '321200', '321283', '江苏省泰兴市', 'txs'),
(841, 'zh', '320000', '321200', '321284', '江苏省姜堰市', 'jys'),
(842, 'zh', '320000', '321300', '321302', '江苏省宿迁市宿城区', 'scq'),
(843, 'zh', '320000', '321300', '321311', '江苏省宿迁市宿豫区', 'syq'),
(844, 'zh', '320000', '321300', '321322', '江苏省沭阳县', 'syx'),
(845, 'zh', '320000', '321300', '321323', '江苏省泗阳县', 'syx'),
(846, 'zh', '320000', '321300', '321324', '江苏省泗洪县', 'shx'),
(847, 'zh', '330000', '330100', '330102', '浙江省杭州市上城区', 'scq'),
(848, 'zh', '330000', '330100', '330103', '浙江省杭州市下城区', 'xcq'),
(849, 'zh', '330000', '330100', '330104', '浙江省杭州市江干区', 'jgq'),
(850, 'zh', '330000', '330100', '330105', '浙江省杭州市拱墅区', 'gsq'),
(851, 'zh', '330000', '330100', '330106', '浙江省杭州市西湖区', 'xhq'),
(852, 'zh', '330000', '330100', '330108', '浙江省杭州市滨江区', 'bjq'),
(853, 'zh', '330000', '330100', '330109', '浙江省杭州市萧山区', 'xsq'),
(854, 'zh', '330000', '330100', '330110', '浙江省杭州市余杭区', 'yhq'),
(855, 'zh', '330000', '330100', '330122', '浙江省桐庐县', 'tlx'),
(856, 'zh', '330000', '330100', '330127', '浙江省淳安县', 'cax'),
(857, 'zh', '330000', '330100', '330182', '浙江省建德市', 'jds'),
(858, 'zh', '330000', '330100', '330183', '浙江省富阳市', 'fys'),
(859, 'zh', '330000', '330100', '330185', '浙江省临安市', 'las'),
(860, 'zh', '330000', '330200', '330203', '浙江省宁波市海曙区', 'hsq'),
(861, 'zh', '330000', '330200', '330204', '浙江省宁波市江东区', 'jdq'),
(862, 'zh', '330000', '330200', '330205', '浙江省宁波市江北区', 'jbq'),
(863, 'zh', '330000', '330200', '330206', '浙江省宁波市北仑区', 'blq'),
(864, 'zh', '330000', '330200', '330211', '浙江省宁波市镇海区', 'zhq'),
(865, 'zh', '330000', '330200', '330212', '浙江省宁波市鄞州区', 'yzq'),
(866, 'zh', '330000', '330200', '330225', '浙江省象山县', 'xsx'),
(867, 'zh', '330000', '330200', '330226', '浙江省宁海县', 'nhx'),
(868, 'zh', '330000', '330200', '330281', '浙江省余姚市', 'yys'),
(869, 'zh', '330000', '330200', '330282', '浙江省慈溪市', 'cxs'),
(870, 'zh', '330000', '330200', '330283', '浙江省奉化市', 'fhs'),
(871, 'zh', '330000', '330300', '330302', '浙江省温州市鹿城区', 'lcq'),
(872, 'zh', '330000', '330300', '330303', '浙江省温州市龙湾区', 'lwq'),
(873, 'zh', '330000', '330300', '330304', '浙江省温州市瓯海区', 'ohq'),
(874, 'zh', '330000', '330300', '330322', '浙江省洞头县', 'dtx'),
(875, 'zh', '330000', '330300', '330324', '浙江省永嘉县', 'yjx'),
(876, 'zh', '330000', '330300', '330326', '浙江省平阳县', 'pyx'),
(877, 'zh', '330000', '330300', '330327', '浙江省苍南县', 'cnx'),
(878, 'zh', '330000', '330300', '330328', '浙江省文成县', 'wcx'),
(879, 'zh', '330000', '330300', '330329', '浙江省泰顺县', 'tsx'),
(880, 'zh', '330000', '330300', '330381', '浙江省瑞安市', 'ras'),
(881, 'zh', '330000', '330300', '330382', '浙江省乐清市', 'lqs'),
(882, 'zh', '330000', '330400', '330402', '浙江省嘉兴市南湖区', 'nhq'),
(883, 'zh', '330000', '330400', '330411', '浙江省嘉兴市秀洲区', 'xzq'),
(884, 'zh', '330000', '330400', '330421', '浙江省嘉善县', 'jsx'),
(885, 'zh', '330000', '330400', '330424', '浙江省海盐县', 'hyx'),
(886, 'zh', '330000', '330400', '330481', '浙江省海宁市', 'hns'),
(887, 'zh', '330000', '330400', '330482', '浙江省平湖市', 'phs'),
(888, 'zh', '330000', '330400', '330483', '浙江省桐乡市', 'txs'),
(889, 'zh', '330000', '330500', '330502', '浙江省湖州市吴兴区', 'wxq'),
(890, 'zh', '330000', '330500', '330503', '浙江省湖州市南浔区', 'nxq'),
(891, 'zh', '330000', '330500', '330521', '浙江省德清县', 'dqx'),
(892, 'zh', '330000', '330500', '330522', '浙江省长兴县', 'cxx'),
(893, 'zh', '330000', '330500', '330523', '浙江省安吉县', 'ajx'),
(894, 'zh', '330000', '330600', '330602', '浙江省绍兴市越城区', 'ycq'),
(895, 'zh', '330000', '330600', '330621', '浙江省绍兴县', 'sxx'),
(896, 'zh', '330000', '330600', '330624', '浙江省新昌县', 'xcx'),
(897, 'zh', '330000', '330600', '330681', '浙江省诸暨市', 'zjs'),
(898, 'zh', '330000', '330600', '330682', '浙江省上虞市', 'sys'),
(899, 'zh', '330000', '330600', '330683', '浙江省嵊州市', 'szs'),
(900, 'zh', '330000', '330700', '330702', '浙江省金华市婺城区', 'wcq'),
(901, 'zh', '330000', '330700', '330703', '浙江省金华市金东区', 'jdq'),
(902, 'zh', '330000', '330700', '330723', '浙江省武义县', 'wyx'),
(903, 'zh', '330000', '330700', '330726', '浙江省浦江县', 'pjx'),
(904, 'zh', '330000', '330700', '330727', '浙江省磐安县', 'pax'),
(905, 'zh', '330000', '330700', '330781', '浙江省兰溪市', 'lxs'),
(906, 'zh', '330000', '330700', '330782', '浙江省义乌市', 'yws'),
(907, 'zh', '330000', '330700', '330783', '浙江省东阳市', 'dys'),
(908, 'zh', '330000', '330700', '330784', '浙江省永康市', 'yks'),
(909, 'zh', '330000', '330800', '330802', '浙江省衢州市柯城区', 'kcq'),
(910, 'zh', '330000', '330800', '330803', '浙江省衢州市衢江区', 'qjq'),
(911, 'zh', '330000', '330800', '330822', '浙江省常山县', 'csx'),
(912, 'zh', '330000', '330800', '330824', '浙江省开化县', 'khx'),
(913, 'zh', '330000', '330800', '330825', '浙江省龙游县', 'lyx'),
(914, 'zh', '330000', '330800', '330881', '浙江省江山市', 'jss'),
(915, 'zh', '330000', '330900', '330902', '浙江省舟山市定海区', 'dhq'),
(916, 'zh', '330000', '330900', '330903', '浙江省舟山市普陀区', 'ptq'),
(917, 'zh', '330000', '330900', '330921', '浙江省岱山县', 'dsx'),
(918, 'zh', '330000', '330900', '330922', '浙江省嵊泗县', 'ssx'),
(919, 'zh', '330000', '331000', '331002', '浙江省台州市椒江区', 'jjq'),
(920, 'zh', '330000', '331000', '331003', '浙江省台州市黄岩区', 'hyq'),
(921, 'zh', '330000', '331000', '331004', '浙江省台州市路桥区', 'lqq'),
(922, 'zh', '330000', '331000', '331021', '浙江省玉环县', 'yhx'),
(923, 'zh', '330000', '331000', '331022', '浙江省三门县', 'smx'),
(924, 'zh', '330000', '331000', '331023', '浙江省天台县', 'ttx'),
(925, 'zh', '330000', '331000', '331024', '浙江省仙居县', 'xjx'),
(926, 'zh', '330000', '331000', '331081', '浙江省温岭市', 'wls'),
(927, 'zh', '330000', '331000', '331082', '浙江省临海市', 'lhs'),
(928, 'zh', '330000', '331100', '331102', '浙江省丽水市莲都区', 'ldq'),
(929, 'zh', '330000', '331100', '331121', '浙江省青田县', 'qtx'),
(930, 'zh', '330000', '331100', '331122', '浙江省缙云县', 'jyx'),
(931, 'zh', '330000', '331100', '331123', '浙江省遂昌县', 'scx'),
(932, 'zh', '330000', '331100', '331124', '浙江省松阳县', 'syx'),
(933, 'zh', '330000', '331100', '331125', '浙江省云和县', 'yhx'),
(934, 'zh', '330000', '331100', '331126', '浙江省庆元县', 'qyx'),
(935, 'zh', '330000', '331100', '331127', '浙江省景宁畲族自治县', 'jnszzzx'),
(936, 'zh', '330000', '331100', '331181', '浙江省龙泉市', 'lqs'),
(937, 'zh', '340000', '340100', '340102', '安徽省合肥市瑶海区', 'yhq'),
(938, 'zh', '340000', '340100', '340103', '安徽省合肥市庐阳区', 'lyq'),
(939, 'zh', '340000', '340100', '340104', '安徽省合肥市蜀山区', 'ssq'),
(940, 'zh', '340000', '340100', '340111', '安徽省合肥市包河区', 'bhq'),
(941, 'zh', '340000', '340100', '340121', '安徽省长丰县', 'cfx'),
(942, 'zh', '340000', '340100', '340122', '安徽省肥东县', 'fdx'),
(943, 'zh', '340000', '340100', '340123', '安徽省肥西县', 'fxx'),
(944, 'zh', '340000', '340200', '340202', '安徽省芜湖市镜湖区', 'jhq'),
(945, 'zh', '340000', '340200', '340203', '安徽省芜湖市弋江区', 'yjq'),
(946, 'zh', '340000', '340200', '340207', '安徽省芜湖市鸠江区', 'jjq'),
(947, 'zh', '340000', '340200', '340208', '安徽省芜湖市三山区', 'ssq'),
(948, 'zh', '340000', '340200', '340221', '安徽省芜湖县', 'whx'),
(949, 'zh', '340000', '340200', '340222', '安徽省繁昌县', 'fcx'),
(950, 'zh', '340000', '340200', '340223', '安徽省南陵县', 'nlx'),
(951, 'zh', '340000', '340300', '340302', '安徽省蚌埠市龙子湖区', 'lzhq'),
(952, 'zh', '340000', '340300', '340303', '安徽省蚌埠市蚌山区', 'bsq'),
(953, 'zh', '340000', '340300', '340304', '安徽省蚌埠市禹会区', 'yhq'),
(954, 'zh', '340000', '340300', '340311', '安徽省蚌埠市淮上区', 'hsq'),
(955, 'zh', '340000', '340300', '340321', '安徽省怀远县', 'hyx'),
(956, 'zh', '340000', '340300', '340322', '安徽省五河县', 'whx'),
(957, 'zh', '340000', '340300', '340323', '安徽省固镇县', 'gzx'),
(958, 'zh', '340000', '340400', '340402', '安徽省淮南市大通区', 'dtq'),
(959, 'zh', '340000', '340400', '340403', '安徽省淮南市田家庵区', 'tjaq'),
(960, 'zh', '340000', '340400', '340404', '安徽省淮南市谢家集区', 'xjjq'),
(961, 'zh', '340000', '340400', '340405', '安徽省淮南市八公山区', 'bgsq'),
(962, 'zh', '340000', '340400', '340406', '安徽省淮南市潘集区', 'bjq'),
(963, 'zh', '340000', '340400', '340421', '安徽省凤台县', 'ftx'),
(964, 'zh', '340000', '340500', '340502', '安徽省马鞍山市金家庄区', 'jjzq'),
(965, 'zh', '340000', '340500', '340503', '安徽省马鞍山市花山区', 'hsq'),
(966, 'zh', '340000', '340500', '340504', '安徽省马鞍山市雨山区', 'ysq'),
(967, 'zh', '340000', '340500', '340521', '安徽省当涂县', 'dtx'),
(968, 'zh', '340000', '340600', '340602', '安徽省淮北市杜集区', 'djq'),
(969, 'zh', '340000', '340600', '340603', '安徽省淮北市相山区', 'xsq'),
(970, 'zh', '340000', '340600', '340604', '安徽省淮北市烈山区', 'lsq'),
(971, 'zh', '340000', '340600', '340621', '安徽省濉溪县', 'sxx'),
(972, 'zh', '340000', '340700', '340702', '安徽省铜陵市铜官山区', 'tgsq'),
(973, 'zh', '340000', '340700', '340703', '安徽省铜陵市狮子山区', 'szsq'),
(974, 'zh', '340000', '340700', '340711', '安徽省铜陵市郊 区', 'j q'),
(975, 'zh', '340000', '340700', '340721', '安徽省铜陵县', 'tlx'),
(976, 'zh', '340000', '340800', '340802', '安徽省安庆市迎江区', 'yjq'),
(977, 'zh', '340000', '340800', '340803', '安徽省安庆市大观区', 'dgq'),
(978, 'zh', '340000', '340800', '340811', '安徽省安庆市宜秀区', 'yxq'),
(979, 'zh', '340000', '340800', '340822', '安徽省怀宁县', 'hnx'),
(980, 'zh', '340000', '340800', '340823', '安徽省枞阳县', 'cyx'),
(981, 'zh', '340000', '340800', '340824', '安徽省潜山县', 'qsx'),
(982, 'zh', '340000', '340800', '340825', '安徽省太湖县', 'thx'),
(983, 'zh', '340000', '340800', '340826', '安徽省宿松县', 'ssx'),
(984, 'zh', '340000', '340800', '340827', '安徽省望江县', 'wjx'),
(985, 'zh', '340000', '340800', '340828', '安徽省岳西县', 'yxx'),
(986, 'zh', '340000', '340800', '340881', '安徽省桐城市', 'tcs'),
(987, 'zh', '340000', '341000', '341002', '安徽省黄山市屯溪区', 'txq'),
(988, 'zh', '340000', '341000', '341003', '安徽省黄山市黄山区', 'hsq'),
(989, 'zh', '340000', '341000', '341004', '安徽省黄山市徽州区', 'hzq'),
(990, 'zh', '340000', '341000', '341021', '安徽省歙 县', 'x x'),
(991, 'zh', '340000', '341000', '341022', '安徽省休宁县', 'xnx'),
(992, 'zh', '340000', '341000', '341023', '安徽省黟 县', 'y x'),
(993, 'zh', '340000', '341000', '341024', '安徽省祁门县', 'qmx'),
(994, 'zh', '340000', '341100', '341102', '安徽省滁州市琅琊区', 'lyq'),
(995, 'zh', '340000', '341100', '341103', '安徽省滁州市南谯区', 'nqq'),
(996, 'zh', '340000', '341100', '341122', '安徽省来安县', 'lax'),
(997, 'zh', '340000', '341100', '341124', '安徽省全椒县', 'qjx'),
(998, 'zh', '340000', '341100', '341125', '安徽省定远县', 'dyx'),
(999, 'zh', '340000', '341100', '341126', '安徽省凤阳县', 'fyx'),
(1000, 'zh', '340000', '341100', '341181', '安徽省天长市', 'tcs'),
(1001, 'zh', '340000', '341100', '341182', '安徽省明光市', 'mgs'),
(1002, 'zh', '340000', '341200', '341202', '安徽省阜阳市颍州区', 'yzq'),
(1003, 'zh', '340000', '341200', '341203', '安徽省阜阳市颍东区', 'ydq'),
(1004, 'zh', '340000', '341200', '341204', '安徽省阜阳市颍泉区', 'yqq'),
(1005, 'zh', '340000', '341200', '341221', '安徽省临泉县', 'lqx'),
(1006, 'zh', '340000', '341200', '341222', '安徽省太和县', 'thx'),
(1007, 'zh', '340000', '341200', '341225', '安徽省阜南县', 'fnx'),
(1008, 'zh', '340000', '341200', '341226', '安徽省颍上县', 'ysx'),
(1009, 'zh', '340000', '341200', '341282', '安徽省界首市', 'jss'),
(1010, 'zh', '340000', '341300', '341302', '安徽省宿州市埇桥区', 'yqq'),
(1011, 'zh', '340000', '341300', '341321', '安徽省砀山县', 'dsx'),
(1012, 'zh', '340000', '341300', '341322', '安徽省萧 县', 'x x'),
(1013, 'zh', '340000', '341300', '341323', '安徽省灵璧县', 'lbx'),
(1014, 'zh', '340000', '341300', '341324', '安徽省泗 县', 's x'),
(1015, 'zh', '340000', '341400', '341402', '安徽省巢湖市居巢区', 'jcq'),
(1016, 'zh', '340000', '341400', '341421', '安徽省庐江县', 'ljx'),
(1017, 'zh', '340000', '341400', '341422', '安徽省无为县', 'wwx'),
(1018, 'zh', '340000', '341400', '341423', '安徽省含山县', 'hsx'),
(1019, 'zh', '340000', '341400', '341424', '安徽省和 县', 'h x'),
(1020, 'zh', '340000', '341500', '341502', '安徽省六安市金安区', 'jaq'),
(1021, 'zh', '340000', '341500', '341503', '安徽省六安市裕安区', 'yaq'),
(1022, 'zh', '340000', '341500', '341521', '安徽省寿 县', 's x'),
(1023, 'zh', '340000', '341500', '341522', '安徽省霍邱县', 'hqx'),
(1024, 'zh', '340000', '341500', '341523', '安徽省舒城县', 'scx'),
(1025, 'zh', '340000', '341500', '341524', '安徽省金寨县', 'jzx'),
(1026, 'zh', '340000', '341500', '341525', '安徽省霍山县', 'hsx'),
(1027, 'zh', '340000', '341600', '341602', '安徽省亳州市谯城区', 'qcq'),
(1028, 'zh', '340000', '341600', '341621', '安徽省涡阳县', 'wyx'),
(1029, 'zh', '340000', '341600', '341622', '安徽省蒙城县', 'mcx'),
(1030, 'zh', '340000', '341600', '341623', '安徽省利辛县', 'lxx'),
(1031, 'zh', '340000', '341700', '341702', '安徽省池州市贵池区', 'gcq'),
(1032, 'zh', '340000', '341700', '341721', '安徽省东至县', 'dzx'),
(1033, 'zh', '340000', '341700', '341722', '安徽省石台县', 'stx'),
(1034, 'zh', '340000', '341700', '341723', '安徽省青阳县', 'qyx'),
(1035, 'zh', '340000', '341800', '341802', '安徽省宣城市宣州区', 'xzq'),
(1036, 'zh', '340000', '341800', '341821', '安徽省郎溪县', 'lxx'),
(1037, 'zh', '340000', '341800', '341822', '安徽省广德县', 'gdx'),
(1038, 'zh', '340000', '341800', '341823', '安徽省泾 县', 'j x'),
(1039, 'zh', '340000', '341800', '341824', '安徽省绩溪县', 'jxx'),
(1040, 'zh', '340000', '341800', '341825', '安徽省旌德县', 'jdx'),
(1041, 'zh', '340000', '341800', '341881', '安徽省宁国市', 'ngs'),
(1042, 'zh', '350000', '350100', '350102', '福建省福州市鼓楼区', 'glq'),
(1043, 'zh', '350000', '350100', '350103', '福建省福州市台江区', 'tjq'),
(1044, 'zh', '350000', '350100', '350104', '福建省福州市仓山区', 'csq'),
(1045, 'zh', '350000', '350100', '350105', '福建省福州市马尾区', 'mwq'),
(1046, 'zh', '350000', '350100', '350111', '福建省福州市晋安区', 'jaq'),
(1047, 'zh', '350000', '350100', '350121', '福建省闽侯县', 'mhx'),
(1048, 'zh', '350000', '350100', '350122', '福建省连江县', 'ljx'),
(1049, 'zh', '350000', '350100', '350123', '福建省罗源县', 'lyx'),
(1050, 'zh', '350000', '350100', '350124', '福建省闽清县', 'mqx'),
(1051, 'zh', '350000', '350100', '350125', '福建省永泰县', 'ytx'),
(1052, 'zh', '350000', '350100', '350128', '福建省平潭县', 'ptx'),
(1053, 'zh', '350000', '350100', '350181', '福建省福清市', 'fqs'),
(1054, 'zh', '350000', '350100', '350182', '福建省长乐市', 'cls'),
(1055, 'zh', '350000', '350200', '350203', '福建省厦门市思明区', 'smq'),
(1056, 'zh', '350000', '350200', '350205', '福建省厦门市海沧区', 'hcq'),
(1057, 'zh', '350000', '350200', '350206', '福建省厦门市湖里区', 'hlq'),
(1058, 'zh', '350000', '350200', '350211', '福建省厦门市集美区', 'jmq'),
(1059, 'zh', '350000', '350200', '350212', '福建省厦门市同安区', 'taq'),
(1060, 'zh', '350000', '350200', '350213', '福建省厦门市翔安区', 'xaq'),
(1061, 'zh', '350000', '350300', '350302', '福建省莆田市城厢区', 'cxq'),
(1062, 'zh', '350000', '350300', '350303', '福建省莆田市涵江区', 'hjq'),
(1063, 'zh', '350000', '350300', '350304', '福建省莆田市荔城区', 'lcq'),
(1064, 'zh', '350000', '350300', '350305', '福建省莆田市秀屿区', 'xyq'),
(1065, 'zh', '350000', '350300', '350322', '福建省仙游县', 'xyx'),
(1066, 'zh', '350000', '350400', '350402', '福建省三明市梅列区', 'mlq'),
(1067, 'zh', '350000', '350400', '350403', '福建省三明市三元区', 'syq'),
(1068, 'zh', '350000', '350400', '350421', '福建省明溪县', 'mxx'),
(1069, 'zh', '350000', '350400', '350423', '福建省清流县', 'qlx'),
(1070, 'zh', '350000', '350400', '350424', '福建省宁化县', 'nhx'),
(1071, 'zh', '350000', '350400', '350425', '福建省大田县', 'dtx'),
(1072, 'zh', '350000', '350400', '350426', '福建省尤溪县', 'yxx'),
(1073, 'zh', '350000', '350400', '350427', '福建省沙 县', 's x'),
(1074, 'zh', '350000', '350400', '350428', '福建省将乐县', 'jlx'),
(1075, 'zh', '350000', '350400', '350429', '福建省泰宁县', 'tnx'),
(1076, 'zh', '350000', '350400', '350430', '福建省建宁县', 'jnx'),
(1077, 'zh', '350000', '350400', '350481', '福建省永安市', 'yas'),
(1078, 'zh', '350000', '350500', '350502', '福建省泉州市鲤城区', 'lcq'),
(1079, 'zh', '350000', '350500', '350503', '福建省泉州市丰泽区', 'fzq'),
(1080, 'zh', '350000', '350500', '350504', '福建省泉州市洛江区', 'ljq'),
(1081, 'zh', '350000', '350500', '350505', '福建省泉州市泉港区', 'qgq'),
(1082, 'zh', '350000', '350500', '350521', '福建省惠安县', 'hax'),
(1083, 'zh', '350000', '350500', '350524', '福建省安溪县', 'axx'),
(1084, 'zh', '350000', '350500', '350525', '福建省永春县', 'ycx'),
(1085, 'zh', '350000', '350500', '350526', '福建省德化县', 'dhx'),
(1086, 'zh', '350000', '350500', '350527', '福建省金门县', 'jmx'),
(1087, 'zh', '350000', '350500', '350581', '福建省石狮市', 'sss'),
(1088, 'zh', '350000', '350500', '350582', '福建省晋江市', 'jjs'),
(1089, 'zh', '350000', '350500', '350583', '福建省南安市', 'nas'),
(1090, 'zh', '350000', '350600', '350602', '福建省漳州市芗城区', 'xcq'),
(1091, 'zh', '350000', '350600', '350603', '福建省漳州市龙文区', 'lwq'),
(1092, 'zh', '350000', '350600', '350622', '福建省云霄县', 'yxx'),
(1093, 'zh', '350000', '350600', '350623', '福建省漳浦县', 'zpx'),
(1094, 'zh', '350000', '350600', '350624', '福建省诏安县', 'zax'),
(1095, 'zh', '350000', '350600', '350625', '福建省长泰县', 'ctx'),
(1096, 'zh', '350000', '350600', '350626', '福建省东山县', 'dsx'),
(1097, 'zh', '350000', '350600', '350627', '福建省南靖县', 'njx'),
(1098, 'zh', '350000', '350600', '350628', '福建省平和县', 'phx'),
(1099, 'zh', '350000', '350600', '350629', '福建省华安县', 'hax'),
(1100, 'zh', '350000', '350600', '350681', '福建省龙海市', 'lhs'),
(1101, 'zh', '350000', '350700', '350702', '福建省南平市延平区', 'ypq'),
(1102, 'zh', '350000', '350700', '350721', '福建省顺昌县', 'scx'),
(1103, 'zh', '350000', '350700', '350722', '福建省浦城县', 'pcx'),
(1104, 'zh', '350000', '350700', '350723', '福建省光泽县', 'gzx'),
(1105, 'zh', '350000', '350700', '350724', '福建省松溪县', 'sxx'),
(1106, 'zh', '350000', '350700', '350725', '福建省政和县', 'zhx'),
(1107, 'zh', '350000', '350700', '350781', '福建省邵武市', 'sws'),
(1108, 'zh', '350000', '350700', '350782', '福建省武夷山市', 'wyss'),
(1109, 'zh', '350000', '350700', '350783', '福建省建瓯市', 'jos'),
(1110, 'zh', '350000', '350700', '350784', '福建省建阳市', 'jys'),
(1111, 'zh', '350000', '350800', '350802', '福建省龙岩市新罗区', 'xlq'),
(1112, 'zh', '350000', '350800', '350821', '福建省长汀县', 'ctx'),
(1113, 'zh', '350000', '350800', '350822', '福建省永定县', 'ydx'),
(1114, 'zh', '350000', '350800', '350823', '福建省上杭县', 'shx'),
(1115, 'zh', '350000', '350800', '350824', '福建省武平县', 'wpx'),
(1116, 'zh', '350000', '350800', '350825', '福建省连城县', 'lcx'),
(1117, 'zh', '350000', '350800', '350881', '福建省漳平市', 'zps'),
(1118, 'zh', '350000', '350900', '350902', '福建省宁德市蕉城区', 'jcq'),
(1119, 'zh', '350000', '350900', '350921', '福建省霞浦县', 'xpx'),
(1120, 'zh', '350000', '350900', '350922', '福建省古田县', 'gtx'),
(1121, 'zh', '350000', '350900', '350923', '福建省屏南县', 'bnx'),
(1122, 'zh', '350000', '350900', '350924', '福建省寿宁县', 'snx'),
(1123, 'zh', '350000', '350900', '350925', '福建省周宁县', 'znx'),
(1124, 'zh', '350000', '350900', '350926', '福建省柘荣县', 'zrx'),
(1125, 'zh', '350000', '350900', '350981', '福建省福安市', 'fas'),
(1126, 'zh', '350000', '350900', '350982', '福建省福鼎市', 'fds'),
(1127, 'zh', '360000', '360100', '360102', '江西省南昌市东湖区', 'dhq'),
(1128, 'zh', '360000', '360100', '360103', '江西省南昌市西湖区', 'xhq'),
(1129, 'zh', '360000', '360100', '360104', '江西省南昌市青云谱区', 'qypq'),
(1130, 'zh', '360000', '360100', '360105', '江西省南昌市湾里区', 'wlq'),
(1131, 'zh', '360000', '360100', '360111', '江西省南昌市青山湖区', 'qshq'),
(1132, 'zh', '360000', '360100', '360121', '江西省南昌县', 'ncx'),
(1133, 'zh', '360000', '360100', '360122', '江西省新建县', 'xjx'),
(1134, 'zh', '360000', '360100', '360123', '江西省安义县', 'ayx'),
(1135, 'zh', '360000', '360100', '360124', '江西省进贤县', 'jxx'),
(1136, 'zh', '360000', '360200', '360202', '江西省景德镇市昌江区', 'cjq'),
(1137, 'zh', '360000', '360200', '360203', '江西省景德镇市珠山区', 'zsq'),
(1138, 'zh', '360000', '360200', '360222', '江西省浮梁县', 'flx'),
(1139, 'zh', '360000', '360200', '360281', '江西省乐平市', 'lps'),
(1140, 'zh', '360000', '360300', '360302', '江西省萍乡市安源区', 'ayq'),
(1141, 'zh', '360000', '360300', '360313', '江西省萍乡市湘东区', 'xdq'),
(1142, 'zh', '360000', '360300', '360321', '江西省莲花县', 'lhx'),
(1143, 'zh', '360000', '360300', '360322', '江西省上栗县', 'slx'),
(1144, 'zh', '360000', '360300', '360323', '江西省芦溪县', 'lxx'),
(1145, 'zh', '360000', '360400', '360402', '江西省九江市庐山区', 'lsq'),
(1146, 'zh', '360000', '360400', '360403', '江西省九江市浔阳区', 'xyq'),
(1147, 'zh', '360000', '360400', '360421', '江西省九江县', 'jjx'),
(1148, 'zh', '360000', '360400', '360423', '江西省武宁县', 'wnx'),
(1149, 'zh', '360000', '360400', '360424', '江西省修水县', 'xsx'),
(1150, 'zh', '360000', '360400', '360425', '江西省永修县', 'yxx'),
(1151, 'zh', '360000', '360400', '360426', '江西省德安县', 'dax'),
(1152, 'zh', '360000', '360400', '360427', '江西省星子县', 'xzx'),
(1153, 'zh', '360000', '360400', '360428', '江西省都昌县', 'dcx'),
(1154, 'zh', '360000', '360400', '360429', '江西省湖口县', 'hkx'),
(1155, 'zh', '360000', '360400', '360430', '江西省彭泽县', 'pzx'),
(1156, 'zh', '360000', '360400', '360481', '江西省瑞昌市', 'rcs'),
(1157, 'zh', '360000', '360500', '360502', '江西省新余市渝水区', 'ysq'),
(1158, 'zh', '360000', '360500', '360521', '江西省分宜县', 'fyx'),
(1159, 'zh', '360000', '360600', '360602', '江西省鹰潭市月湖区', 'yhq'),
(1160, 'zh', '360000', '360600', '360622', '江西省余江县', 'yjx'),
(1161, 'zh', '360000', '360600', '360681', '江西省贵溪市', 'gxs'),
(1162, 'zh', '360000', '360700', '360702', '江西省赣州市章贡区', 'zgq'),
(1163, 'zh', '360000', '360700', '360721', '江西省赣 县', 'g x'),
(1164, 'zh', '360000', '360700', '360722', '江西省信丰县', 'xfx'),
(1165, 'zh', '360000', '360700', '360723', '江西省大余县', 'dyx'),
(1166, 'zh', '360000', '360700', '360724', '江西省上犹县', 'syx'),
(1167, 'zh', '360000', '360700', '360725', '江西省崇义县', 'cyx'),
(1168, 'zh', '360000', '360700', '360726', '江西省安远县', 'ayx'),
(1169, 'zh', '360000', '360700', '360727', '江西省龙南县', 'lnx'),
(1170, 'zh', '360000', '360700', '360728', '江西省定南县', 'dnx'),
(1171, 'zh', '360000', '360700', '360729', '江西省全南县', 'qnx'),
(1172, 'zh', '360000', '360700', '360730', '江西省宁都县', 'ndx'),
(1173, 'zh', '360000', '360700', '360731', '江西省于都县', 'ydx'),
(1174, 'zh', '360000', '360700', '360732', '江西省兴国县', 'xgx'),
(1175, 'zh', '360000', '360700', '360733', '江西省会昌县', 'hcx'),
(1176, 'zh', '360000', '360700', '360734', '江西省寻乌县', 'xwx'),
(1177, 'zh', '360000', '360700', '360735', '江西省石城县', 'scx'),
(1178, 'zh', '360000', '360700', '360781', '江西省瑞金市', 'rjs'),
(1179, 'zh', '360000', '360700', '360782', '江西省南康市', 'nks'),
(1180, 'zh', '360000', '360800', '360802', '江西省吉安市吉州区', 'jzq'),
(1181, 'zh', '360000', '360800', '360803', '江西省吉安市青原区', 'qyq'),
(1182, 'zh', '360000', '360800', '360821', '江西省吉安县', 'jax'),
(1183, 'zh', '360000', '360800', '360822', '江西省吉水县', 'jsx'),
(1184, 'zh', '360000', '360800', '360823', '江西省峡江县', 'xjx'),
(1185, 'zh', '360000', '360800', '360824', '江西省新干县', 'xgx'),
(1186, 'zh', '360000', '360800', '360825', '江西省永丰县', 'yfx'),
(1187, 'zh', '360000', '360800', '360826', '江西省泰和县', 'thx'),
(1188, 'zh', '360000', '360800', '360827', '江西省遂川县', 'scx'),
(1189, 'zh', '360000', '360800', '360828', '江西省万安县', 'wax'),
(1190, 'zh', '360000', '360800', '360829', '江西省安福县', 'afx'),
(1191, 'zh', '360000', '360800', '360830', '江西省永新县', 'yxx'),
(1192, 'zh', '360000', '360800', '360881', '江西省井冈山市', 'jgss'),
(1193, 'zh', '360000', '360900', '360902', '江西省宜春市袁州区', 'yzq'),
(1194, 'zh', '360000', '360900', '360921', '江西省奉新县', 'fxx'),
(1195, 'zh', '360000', '360900', '360922', '江西省万载县', 'wzx'),
(1196, 'zh', '360000', '360900', '360923', '江西省上高县', 'sgx'),
(1197, 'zh', '360000', '360900', '360924', '江西省宜丰县', 'yfx'),
(1198, 'zh', '360000', '360900', '360925', '江西省靖安县', 'jax'),
(1199, 'zh', '360000', '360900', '360926', '江西省铜鼓县', 'tgx'),
(1200, 'zh', '360000', '360900', '360981', '江西省丰城市', 'fcs'),
(1201, 'zh', '360000', '360900', '360982', '江西省樟树市', 'zss'),
(1202, 'zh', '360000', '360900', '360983', '江西省高安市', 'gas'),
(1203, 'zh', '360000', '361000', '361002', '江西省抚州市临川区', 'lcq'),
(1204, 'zh', '360000', '361000', '361021', '江西省南城县', 'ncx'),
(1205, 'zh', '360000', '361000', '361022', '江西省黎川县', 'lcx'),
(1206, 'zh', '360000', '361000', '361023', '江西省南丰县', 'nfx'),
(1207, 'zh', '360000', '361000', '361024', '江西省崇仁县', 'crx'),
(1208, 'zh', '360000', '361000', '361025', '江西省乐安县', 'lax'),
(1209, 'zh', '360000', '361000', '361026', '江西省宜黄县', 'yhx'),
(1210, 'zh', '360000', '361000', '361027', '江西省金溪县', 'jxx'),
(1211, 'zh', '360000', '361000', '361028', '江西省资溪县', 'zxx'),
(1212, 'zh', '360000', '361000', '361029', '江西省东乡县', 'dxx'),
(1213, 'zh', '360000', '361000', '361030', '江西省广昌县', 'gcx'),
(1214, 'zh', '360000', '361100', '361102', '江西省上饶市信州区', 'xzq'),
(1215, 'zh', '360000', '361100', '361121', '江西省上饶县', 'srx'),
(1216, 'zh', '360000', '361100', '361122', '江西省广丰县', 'gfx'),
(1217, 'zh', '360000', '361100', '361123', '江西省玉山县', 'ysx'),
(1218, 'zh', '360000', '361100', '361124', '江西省铅山县', 'qsx'),
(1219, 'zh', '360000', '361100', '361125', '江西省横峰县', 'hfx'),
(1220, 'zh', '360000', '361100', '361126', '江西省弋阳县', 'yyx'),
(1221, 'zh', '360000', '361100', '361127', '江西省余干县', 'ygx'),
(1222, 'zh', '360000', '361100', '361128', '江西省鄱阳县', 'pyx'),
(1223, 'zh', '360000', '361100', '361129', '江西省万年县', 'wnx'),
(1224, 'zh', '360000', '361100', '361130', '江西省婺源县', 'wyx'),
(1225, 'zh', '360000', '361100', '361181', '江西省德兴市', 'dxs'),
(1226, 'zh', '370000', '370100', '370102', '山东省济南市历下区', 'lxq'),
(1227, 'zh', '370000', '370100', '370103', '山东省济南市市中区', 'szq'),
(1228, 'zh', '370000', '370100', '370104', '山东省济南市槐荫区', 'hyq'),
(1229, 'zh', '370000', '370100', '370105', '山东省济南市天桥区', 'tqq'),
(1230, 'zh', '370000', '370100', '370112', '山东省济南市历城区', 'lcq'),
(1231, 'zh', '370000', '370100', '370113', '山东省济南市长清区', 'cqq'),
(1232, 'zh', '370000', '370100', '370124', '山东省平阴县', 'pyx'),
(1233, 'zh', '370000', '370100', '370125', '山东省济阳县', 'jyx'),
(1234, 'zh', '370000', '370100', '370126', '山东省商河县', 'shx'),
(1235, 'zh', '370000', '370100', '370181', '山东省章丘市', 'zqs'),
(1236, 'zh', '370000', '370200', '370202', '山东省青岛市市南区', 'snq'),
(1237, 'zh', '370000', '370200', '370203', '山东省青岛市市北区', 'sbq'),
(1238, 'zh', '370000', '370200', '370205', '山东省青岛市四方区', 'sfq'),
(1239, 'zh', '370000', '370200', '370211', '山东省青岛市黄岛区', 'hdq'),
(1240, 'zh', '370000', '370200', '370212', '山东省青岛市崂山区', 'lsq'),
(1241, 'zh', '370000', '370200', '370213', '山东省青岛市李沧区', 'lcq'),
(1242, 'zh', '370000', '370200', '370214', '山东省青岛市城阳区', 'cyq'),
(1243, 'zh', '370000', '370200', '370281', '山东省胶州市', 'jzs'),
(1244, 'zh', '370000', '370200', '370282', '山东省即墨市', 'jms'),
(1245, 'zh', '370000', '370200', '370283', '山东省平度市', 'pds'),
(1246, 'zh', '370000', '370200', '370284', '山东省胶南市', 'jns'),
(1247, 'zh', '370000', '370200', '370285', '山东省莱西市', 'lxs'),
(1248, 'zh', '370000', '370300', '370302', '山东省淄博市淄川区', 'zcq'),
(1249, 'zh', '370000', '370300', '370303', '山东省淄博市张店区', 'zdq'),
(1250, 'zh', '370000', '370300', '370304', '山东省淄博市博山区', 'bsq'),
(1251, 'zh', '370000', '370300', '370305', '山东省淄博市临淄区', 'lzq'),
(1252, 'zh', '370000', '370300', '370306', '山东省淄博市周村区', 'zcq'),
(1253, 'zh', '370000', '370300', '370321', '山东省桓台县', 'htx'),
(1254, 'zh', '370000', '370300', '370322', '山东省高青县', 'gqx'),
(1255, 'zh', '370000', '370300', '370323', '山东省沂源县', 'yyx'),
(1256, 'zh', '370000', '370400', '370402', '山东省枣庄市市中区', 'szq'),
(1257, 'zh', '370000', '370400', '370403', '山东省枣庄市薛城区', 'xcq'),
(1258, 'zh', '370000', '370400', '370404', '山东省枣庄市峄城区', 'ycq'),
(1259, 'zh', '370000', '370400', '370405', '山东省枣庄市台儿庄区', 'tezq'),
(1260, 'zh', '370000', '370400', '370406', '山东省枣庄市山亭区', 'stq'),
(1261, 'zh', '370000', '370400', '370481', '山东省滕州市', 'tzs'),
(1262, 'zh', '370000', '370500', '370502', '山东省东营市东营区', 'dyq'),
(1263, 'zh', '370000', '370500', '370503', '山东省东营市河口区', 'hkq'),
(1264, 'zh', '370000', '370500', '370521', '山东省垦利县', 'klx'),
(1265, 'zh', '370000', '370500', '370522', '山东省利津县', 'ljx'),
(1266, 'zh', '370000', '370500', '370523', '山东省广饶县', 'grx'),
(1267, 'zh', '370000', '370600', '370602', '山东省烟台市芝罘区', 'zfq'),
(1268, 'zh', '370000', '370600', '370611', '山东省烟台市福山区', 'fsq'),
(1269, 'zh', '370000', '370600', '370612', '山东省烟台市牟平区', 'mpq'),
(1270, 'zh', '370000', '370600', '370613', '山东省烟台市莱山区', 'lsq'),
(1271, 'zh', '370000', '370600', '370634', '山东省长岛县', 'cdx'),
(1272, 'zh', '370000', '370600', '370681', '山东省龙口市', 'lks'),
(1273, 'zh', '370000', '370600', '370682', '山东省莱阳市', 'lys'),
(1274, 'zh', '370000', '370600', '370683', '山东省莱州市', 'lzs'),
(1275, 'zh', '370000', '370600', '370684', '山东省蓬莱市', 'pls'),
(1276, 'zh', '370000', '370600', '370685', '山东省招远市', 'zys'),
(1277, 'zh', '370000', '370600', '370686', '山东省栖霞市', 'qxs'),
(1278, 'zh', '370000', '370600', '370687', '山东省海阳市', 'hys'),
(1279, 'zh', '370000', '370700', '370702', '山东省潍坊市潍城区', 'wcq'),
(1280, 'zh', '370000', '370700', '370703', '山东省潍坊市寒亭区', 'htq'),
(1281, 'zh', '370000', '370700', '370704', '山东省潍坊市坊子区', 'fzq'),
(1282, 'zh', '370000', '370700', '370705', '山东省潍坊市奎文区', 'kwq'),
(1283, 'zh', '370000', '370700', '370724', '山东省临朐县', 'lqx'),
(1284, 'zh', '370000', '370700', '370725', '山东省昌乐县', 'clx'),
(1285, 'zh', '370000', '370700', '370781', '山东省青州市', 'qzs'),
(1286, 'zh', '370000', '370700', '370782', '山东省诸城市', 'zcs'),
(1287, 'zh', '370000', '370700', '370783', '山东省寿光市', 'sgs'),
(1288, 'zh', '370000', '370700', '370784', '山东省安丘市', 'aqs'),
(1289, 'zh', '370000', '370700', '370785', '山东省高密市', 'gms'),
(1290, 'zh', '370000', '370700', '370786', '山东省昌邑市', 'cys'),
(1291, 'zh', '370000', '370800', '370802', '山东省济宁市市中区', 'szq'),
(1292, 'zh', '370000', '370800', '370811', '山东省济宁市任城区', 'rcq'),
(1293, 'zh', '370000', '370800', '370826', '山东省微山县', 'wsx'),
(1294, 'zh', '370000', '370800', '370827', '山东省鱼台县', 'ytx'),
(1295, 'zh', '370000', '370800', '370828', '山东省金乡县', 'jxx'),
(1296, 'zh', '370000', '370800', '370829', '山东省嘉祥县', 'jxx'),
(1297, 'zh', '370000', '370800', '370830', '山东省汶上县', 'wsx'),
(1298, 'zh', '370000', '370800', '370831', '山东省泗水县', 'ssx'),
(1299, 'zh', '370000', '370800', '370832', '山东省梁山县', 'lsx'),
(1300, 'zh', '370000', '370800', '370881', '山东省曲阜市', 'qfs'),
(1301, 'zh', '370000', '370800', '370882', '山东省兖州市', 'yzs'),
(1302, 'zh', '370000', '370800', '370883', '山东省邹城市', 'zcs'),
(1303, 'zh', '370000', '370900', '370902', '山东省泰安市泰山区', 'tsq'),
(1304, 'zh', '370000', '370900', '370911', '山东省泰安市岱岳区', 'dyq'),
(1305, 'zh', '370000', '370900', '370921', '山东省宁阳县', 'nyx'),
(1306, 'zh', '370000', '370900', '370923', '山东省东平县', 'dpx'),
(1307, 'zh', '370000', '370900', '370982', '山东省新泰市', 'xts'),
(1308, 'zh', '370000', '370900', '370983', '山东省肥城市', 'fcs'),
(1309, 'zh', '370000', '371000', '371002', '山东省威海市环翠区', 'hcq'),
(1310, 'zh', '370000', '371000', '371081', '山东省文登市', 'wds'),
(1311, 'zh', '370000', '371000', '371082', '山东省荣成市', 'rcs'),
(1312, 'zh', '370000', '371000', '371083', '山东省乳山市', 'rss'),
(1313, 'zh', '370000', '371100', '371102', '山东省日照市东港区', 'dgq'),
(1314, 'zh', '370000', '371100', '371103', '山东省日照市岚山区', 'lsq'),
(1315, 'zh', '370000', '371100', '371121', '山东省五莲县', 'wlx'),
(1316, 'zh', '370000', '371100', '371122', '山东省莒 县', 'j x'),
(1317, 'zh', '370000', '371200', '371202', '山东省莱芜市莱城区', 'lcq'),
(1318, 'zh', '370000', '371200', '371203', '山东省莱芜市钢城区', 'gcq'),
(1319, 'zh', '370000', '371300', '371302', '山东省临沂市兰山区', 'lsq'),
(1320, 'zh', '370000', '371300', '371311', '山东省临沂市罗庄区', 'lzq'),
(1321, 'zh', '370000', '371300', '371312', '山东省临沂市河东区', 'hdq'),
(1322, 'zh', '370000', '371300', '371321', '山东省沂南县', 'ynx'),
(1323, 'zh', '370000', '371300', '371322', '山东省郯城县', 'tcx'),
(1324, 'zh', '370000', '371300', '371323', '山东省沂水县', 'ysx'),
(1325, 'zh', '370000', '371300', '371324', '山东省苍山县', 'csx'),
(1326, 'zh', '370000', '371300', '371325', '山东省费 县', 'f x'),
(1327, 'zh', '370000', '371300', '371326', '山东省平邑县', 'pyx'),
(1328, 'zh', '370000', '371300', '371327', '山东省莒南县', 'jnx');
INSERT INTO `town_table` (`ttId`, `country_code`, `province_code`, `city_code`, `town_code`, `town_name`, `town_py`) VALUES
(1329, 'zh', '370000', '371300', '371328', '山东省蒙阴县', 'myx'),
(1330, 'zh', '370000', '371300', '371329', '山东省临沭县', 'lsx'),
(1331, 'zh', '370000', '371400', '371402', '山东省德州市德城区', 'dcq'),
(1332, 'zh', '370000', '371400', '371421', '山东省陵 县', 'l x'),
(1333, 'zh', '370000', '371400', '371422', '山东省宁津县', 'njx'),
(1334, 'zh', '370000', '371400', '371423', '山东省庆云县', 'qyx'),
(1335, 'zh', '370000', '371400', '371424', '山东省临邑县', 'lyx'),
(1336, 'zh', '370000', '371400', '371425', '山东省齐河县', 'qhx'),
(1337, 'zh', '370000', '371400', '371426', '山东省平原县', 'pyx'),
(1338, 'zh', '370000', '371400', '371427', '山东省夏津县', 'xjx'),
(1339, 'zh', '370000', '371400', '371428', '山东省武城县', 'wcx'),
(1340, 'zh', '370000', '371400', '371481', '山东省乐陵市', 'lls'),
(1341, 'zh', '370000', '371400', '371482', '山东省禹城市', 'ycs'),
(1342, 'zh', '370000', '371500', '371502', '山东省聊城市东昌府区', 'dcfq'),
(1343, 'zh', '370000', '371500', '371521', '山东省阳谷县', 'ygx'),
(1344, 'zh', '370000', '371500', '371522', '山东省莘 县', 'x x'),
(1345, 'zh', '370000', '371500', '371523', '山东省茌平县', 'cpx'),
(1346, 'zh', '370000', '371500', '371524', '山东省东阿县', 'dax'),
(1347, 'zh', '370000', '371500', '371525', '山东省冠 县', 'g x'),
(1348, 'zh', '370000', '371500', '371526', '山东省高唐县', 'gtx'),
(1349, 'zh', '370000', '371500', '371581', '山东省临清市', 'lqs'),
(1350, 'zh', '370000', '371600', '371602', '山东省滨州市滨城区', 'bcq'),
(1351, 'zh', '370000', '371600', '371621', '山东省惠民县', 'hmx'),
(1352, 'zh', '370000', '371600', '371622', '山东省阳信县', 'yxx'),
(1353, 'zh', '370000', '371600', '371623', '山东省无棣县', 'wdx'),
(1354, 'zh', '370000', '371600', '371624', '山东省沾化县', 'zhx'),
(1355, 'zh', '370000', '371600', '371625', '山东省博兴县', 'bxx'),
(1356, 'zh', '370000', '371600', '371626', '山东省邹平县', 'zpx'),
(1357, 'zh', '370000', '371700', '371702', '山东省菏泽市牡丹区', 'mdq'),
(1358, 'zh', '370000', '371700', '371721', '山东省曹 县', 'c x'),
(1359, 'zh', '370000', '371700', '371722', '山东省单 县', 'd x'),
(1360, 'zh', '370000', '371700', '371723', '山东省成武县', 'cwx'),
(1361, 'zh', '370000', '371700', '371724', '山东省巨野县', 'jyx'),
(1362, 'zh', '370000', '371700', '371725', '山东省郓城县', 'ycx'),
(1363, 'zh', '370000', '371700', '371726', '山东省鄄城县', 'jcx'),
(1364, 'zh', '370000', '371700', '371727', '山东省定陶县', 'dtx'),
(1365, 'zh', '370000', '371700', '371728', '山东省东明县', 'dmx'),
(1366, 'zh', '410000', '410100', '410102', '河南省郑州市中原区', 'zyq'),
(1367, 'zh', '410000', '410100', '410103', '河南省郑州市二七区', 'eqq'),
(1368, 'zh', '410000', '410100', '410104', '河南省郑州市管城回族区', 'gchzq'),
(1369, 'zh', '410000', '410100', '410105', '河南省郑州市金水区', 'jsq'),
(1370, 'zh', '410000', '410100', '410106', '河南省郑州市上街区', 'sjq'),
(1371, 'zh', '410000', '410100', '410108', '河南省郑州市惠济区', 'hjq'),
(1372, 'zh', '410000', '410100', '410122', '河南省中牟县', 'zmx'),
(1373, 'zh', '410000', '410100', '410181', '河南省巩义市', 'gys'),
(1374, 'zh', '410000', '410100', '410182', '河南省荥阳市', 'yys'),
(1375, 'zh', '410000', '410100', '410183', '河南省新密市', 'xms'),
(1376, 'zh', '410000', '410100', '410184', '河南省新郑市', 'xzs'),
(1377, 'zh', '410000', '410100', '410185', '河南省登封市', 'dfs'),
(1378, 'zh', '410000', '410200', '410202', '河南省开封市龙亭区', 'ltq'),
(1379, 'zh', '410000', '410200', '410203', '河南省开封市顺河回族区', 'shhzq'),
(1380, 'zh', '410000', '410200', '410204', '河南省开封市鼓楼区', 'glq'),
(1381, 'zh', '410000', '410200', '410205', '河南省开封市禹王台区', 'ywtq'),
(1382, 'zh', '410000', '410200', '410211', '河南省开封市金明区', 'jmq'),
(1383, 'zh', '410000', '410200', '410221', '河南省杞 县', 'q x'),
(1384, 'zh', '410000', '410200', '410222', '河南省通许县', 'txx'),
(1385, 'zh', '410000', '410200', '410223', '河南省尉氏县', 'wsx'),
(1386, 'zh', '410000', '410200', '410224', '河南省开封县', 'kfx'),
(1387, 'zh', '410000', '410200', '410225', '河南省兰考县', 'lkx'),
(1388, 'zh', '410000', '410300', '410302', '河南省洛阳市老城区', 'lcq'),
(1389, 'zh', '410000', '410300', '410303', '河南省洛阳市西工区', 'xgq'),
(1390, 'zh', '410000', '410300', '410304', '河南省洛阳市瀍河回族区', 'chhzq'),
(1391, 'zh', '410000', '410300', '410305', '河南省洛阳市涧西区', 'jxq'),
(1392, 'zh', '410000', '410300', '410306', '河南省洛阳市吉利区', 'jlq'),
(1393, 'zh', '410000', '410300', '410311', '河南省洛阳市洛龙区', 'llq'),
(1394, 'zh', '410000', '410300', '410322', '河南省孟津县', 'mjx'),
(1395, 'zh', '410000', '410300', '410323', '河南省新安县', 'xax'),
(1396, 'zh', '410000', '410300', '410324', '河南省栾川县', 'lcx'),
(1397, 'zh', '410000', '410300', '410325', '河南省嵩 县', 's x'),
(1398, 'zh', '410000', '410300', '410326', '河南省汝阳县', 'ryx'),
(1399, 'zh', '410000', '410300', '410327', '河南省宜阳县', 'yyx'),
(1400, 'zh', '410000', '410300', '410328', '河南省洛宁县', 'lnx'),
(1401, 'zh', '410000', '410300', '410329', '河南省伊川县', 'ycx'),
(1402, 'zh', '410000', '410300', '410381', '河南省偃师市', 'yss'),
(1403, 'zh', '410000', '410400', '410402', '河南省平顶山市新华区', 'xhq'),
(1404, 'zh', '410000', '410400', '410403', '河南省平顶山市卫东区', 'wdq'),
(1405, 'zh', '410000', '410400', '410404', '河南省平顶山市石龙区', 'slq'),
(1406, 'zh', '410000', '410400', '410411', '河南省平顶山市湛河区', 'zhq'),
(1407, 'zh', '410000', '410400', '410421', '河南省宝丰县', 'bfx'),
(1408, 'zh', '410000', '410400', '410422', '河南省叶 县', 'y x'),
(1409, 'zh', '410000', '410400', '410423', '河南省鲁山县', 'lsx'),
(1410, 'zh', '410000', '410400', '410425', '河南省郏 县', 'j x'),
(1411, 'zh', '410000', '410400', '410481', '河南省舞钢市', 'wgs'),
(1412, 'zh', '410000', '410400', '410482', '河南省汝州市', 'rzs'),
(1413, 'zh', '410000', '410500', '410502', '河南省安阳市文峰区', 'wfq'),
(1414, 'zh', '410000', '410500', '410503', '河南省安阳市北关区', 'bgq'),
(1415, 'zh', '410000', '410500', '410505', '河南省安阳市殷都区', 'ydq'),
(1416, 'zh', '410000', '410500', '410506', '河南省安阳市龙安区', 'laq'),
(1417, 'zh', '410000', '410500', '410522', '河南省安阳县', 'ayx'),
(1418, 'zh', '410000', '410500', '410523', '河南省汤阴县', 'tyx'),
(1419, 'zh', '410000', '410500', '410526', '河南省滑 县', 'h x'),
(1420, 'zh', '410000', '410500', '410527', '河南省内黄县', 'nhx'),
(1421, 'zh', '410000', '410500', '410581', '河南省林州市', 'lzs'),
(1422, 'zh', '410000', '410600', '410602', '河南省鹤壁市鹤山区', 'hsq'),
(1423, 'zh', '410000', '410600', '410603', '河南省鹤壁市山城区', 'scq'),
(1424, 'zh', '410000', '410600', '410611', '河南省鹤壁市淇滨区', 'qbq'),
(1425, 'zh', '410000', '410600', '410621', '河南省浚 县', 'j x'),
(1426, 'zh', '410000', '410600', '410622', '河南省淇 县', 'q x'),
(1427, 'zh', '410000', '410700', '410702', '河南省新乡市红旗区', 'hqq'),
(1428, 'zh', '410000', '410700', '410703', '河南省新乡市卫滨区', 'wbq'),
(1429, 'zh', '410000', '410700', '410704', '河南省新乡市凤泉区', 'fqq'),
(1430, 'zh', '410000', '410700', '410711', '河南省新乡市牧野区', 'myq'),
(1431, 'zh', '410000', '410700', '410721', '河南省新乡县', 'xxx'),
(1432, 'zh', '410000', '410700', '410724', '河南省获嘉县', 'hjx'),
(1433, 'zh', '410000', '410700', '410725', '河南省原阳县', 'yyx'),
(1434, 'zh', '410000', '410700', '410726', '河南省延津县', 'yjx'),
(1435, 'zh', '410000', '410700', '410727', '河南省封丘县', 'fqx'),
(1436, 'zh', '410000', '410700', '410728', '河南省长垣县', 'cyx'),
(1437, 'zh', '410000', '410700', '410781', '河南省卫辉市', 'whs'),
(1438, 'zh', '410000', '410700', '410782', '河南省辉县市', 'hxs'),
(1439, 'zh', '410000', '410800', '410802', '河南省焦作市解放区', 'jfq'),
(1440, 'zh', '410000', '410800', '410803', '河南省焦作市中站区', 'zzq'),
(1441, 'zh', '410000', '410800', '410804', '河南省焦作市马村区', 'mcq'),
(1442, 'zh', '410000', '410800', '410811', '河南省焦作市山阳区', 'syq'),
(1443, 'zh', '410000', '410800', '410821', '河南省修武县', 'xwx'),
(1444, 'zh', '410000', '410800', '410822', '河南省博爱县', 'bax'),
(1445, 'zh', '410000', '410800', '410823', '河南省武陟县', 'wzx'),
(1446, 'zh', '410000', '410800', '410825', '河南省温 县', 'w x'),
(1447, 'zh', '410000', '410800', '410881', '河南省济源市', 'jys'),
(1448, 'zh', '410000', '410800', '410882', '河南省沁阳市', 'qys'),
(1449, 'zh', '410000', '410800', '410883', '河南省孟州市', 'mzs'),
(1450, 'zh', '410000', '410900', '410902', '河南省濮阳市华龙区', 'hlq'),
(1451, 'zh', '410000', '410900', '410922', '河南省清丰县', 'qfx'),
(1452, 'zh', '410000', '410900', '410923', '河南省南乐县', 'nlx'),
(1453, 'zh', '410000', '410900', '410926', '河南省范 县', 'f x'),
(1454, 'zh', '410000', '410900', '410927', '河南省台前县', 'tqx'),
(1455, 'zh', '410000', '410900', '410928', '河南省濮阳县', 'pyx'),
(1456, 'zh', '410000', '411000', '411002', '河南省许昌市魏都区', 'wdq'),
(1457, 'zh', '410000', '411000', '411023', '河南省许昌县', 'xcx'),
(1458, 'zh', '410000', '411000', '411024', '河南省鄢陵县', 'ylx'),
(1459, 'zh', '410000', '411000', '411025', '河南省襄城县', 'xcx'),
(1460, 'zh', '410000', '411000', '411081', '河南省禹州市', 'yzs'),
(1461, 'zh', '410000', '411000', '411082', '河南省长葛市', 'cgs'),
(1462, 'zh', '410000', '411100', '411102', '河南省漯河市源汇区', 'yhq'),
(1463, 'zh', '410000', '411100', '411103', '河南省漯河市郾城区', 'ycq'),
(1464, 'zh', '410000', '411100', '411104', '河南省漯河市召陵区', 'zlq'),
(1465, 'zh', '410000', '411100', '411121', '河南省舞阳县', 'wyx'),
(1466, 'zh', '410000', '411100', '411122', '河南省临颍县', 'lyx'),
(1467, 'zh', '410000', '411200', '411202', '河南省三门峡市湖滨区', 'hbq'),
(1468, 'zh', '410000', '411200', '411221', '河南省渑池县', 'mcx'),
(1469, 'zh', '410000', '411200', '411222', '河南省陕 县', 's x'),
(1470, 'zh', '410000', '411200', '411224', '河南省卢氏县', 'lsx'),
(1471, 'zh', '410000', '411200', '411281', '河南省义马市', 'yms'),
(1472, 'zh', '410000', '411200', '411282', '河南省灵宝市', 'lbs'),
(1473, 'zh', '410000', '411300', '411302', '河南省南阳市宛城区', 'wcq'),
(1474, 'zh', '410000', '411300', '411303', '河南省南阳市卧龙区', 'wlq'),
(1475, 'zh', '410000', '411300', '411321', '河南省南召县', 'nzx'),
(1476, 'zh', '410000', '411300', '411322', '河南省方城县', 'fcx'),
(1477, 'zh', '410000', '411300', '411323', '河南省西峡县', 'xxx'),
(1478, 'zh', '410000', '411300', '411324', '河南省镇平县', 'zpx'),
(1479, 'zh', '410000', '411300', '411325', '河南省内乡县', 'nxx'),
(1480, 'zh', '410000', '411300', '411326', '河南省淅川县', 'xcx'),
(1481, 'zh', '410000', '411300', '411327', '河南省社旗县', 'sqx'),
(1482, 'zh', '410000', '411300', '411328', '河南省唐河县', 'thx'),
(1483, 'zh', '410000', '411300', '411329', '河南省新野县', 'xyx'),
(1484, 'zh', '410000', '411300', '411330', '河南省桐柏县', 'tbx'),
(1485, 'zh', '410000', '411300', '411381', '河南省邓州市', 'dzs'),
(1486, 'zh', '410000', '411400', '411402', '河南省商丘市梁园区', 'lyq'),
(1487, 'zh', '410000', '411400', '411403', '河南省商丘市睢阳区', 'syq'),
(1488, 'zh', '410000', '411400', '411421', '河南省民权县', 'mqx'),
(1489, 'zh', '410000', '411400', '411422', '河南省睢　县', 'sx'),
(1490, 'zh', '410000', '411400', '411423', '河南省宁陵县', 'nlx'),
(1491, 'zh', '410000', '411400', '411424', '河南省柘城县', 'zcx'),
(1492, 'zh', '410000', '411400', '411425', '河南省虞城县', 'ycx'),
(1493, 'zh', '410000', '411400', '411426', '河南省夏邑县', 'xyx'),
(1494, 'zh', '410000', '411400', '411481', '河南省永城市', 'ycs'),
(1495, 'zh', '410000', '411500', '411502', '河南省信阳市浉河区', 'shq'),
(1496, 'zh', '410000', '411500', '411503', '河南省信阳市平桥区', 'pqq'),
(1497, 'zh', '410000', '411500', '411521', '河南省罗山县', 'lsx'),
(1498, 'zh', '410000', '411500', '411522', '河南省光山县', 'gsx'),
(1499, 'zh', '410000', '411500', '411523', '河南省新 县', 'x x'),
(1500, 'zh', '410000', '411500', '411524', '河南省商城县', 'scx'),
(1501, 'zh', '410000', '411500', '411525', '河南省固始县', 'gsx'),
(1502, 'zh', '410000', '411500', '411526', '河南省潢川县', 'hcx'),
(1503, 'zh', '410000', '411500', '411527', '河南省淮滨县', 'hbx'),
(1504, 'zh', '410000', '411500', '411528', '河南省息 县', 'x x'),
(1505, 'zh', '410000', '411600', '411602', '河南省周口市川汇区', 'chq'),
(1506, 'zh', '410000', '411600', '411621', '河南省扶沟县', 'fgx'),
(1507, 'zh', '410000', '411600', '411622', '河南省西华县', 'xhx'),
(1508, 'zh', '410000', '411600', '411623', '河南省商水县', 'ssx'),
(1509, 'zh', '410000', '411600', '411624', '河南省沈丘县', 'cqx'),
(1510, 'zh', '410000', '411600', '411625', '河南省郸城县', 'dcx'),
(1511, 'zh', '410000', '411600', '411626', '河南省淮阳县', 'hyx'),
(1512, 'zh', '410000', '411600', '411627', '河南省太康县', 'tkx'),
(1513, 'zh', '410000', '411600', '411628', '河南省鹿邑县', 'lyx'),
(1514, 'zh', '410000', '411600', '411681', '河南省项城市', 'xcs'),
(1515, 'zh', '410000', '411700', '411702', '河南省驻马店市驿城区', 'ycq'),
(1516, 'zh', '410000', '411700', '411721', '河南省西平县', 'xpx'),
(1517, 'zh', '410000', '411700', '411722', '河南省上蔡县', 'scx'),
(1518, 'zh', '410000', '411700', '411723', '河南省平舆县', 'pyx'),
(1519, 'zh', '410000', '411700', '411724', '河南省正阳县', 'zyx'),
(1520, 'zh', '410000', '411700', '411725', '河南省确山县', 'qsx'),
(1521, 'zh', '410000', '411700', '411726', '河南省泌阳县', 'myx'),
(1522, 'zh', '410000', '411700', '411727', '河南省汝南县', 'rnx'),
(1523, 'zh', '410000', '411700', '411728', '河南省遂平县', 'spx'),
(1524, 'zh', '410000', '411700', '411729', '河南省新蔡县', 'xcx'),
(1525, 'zh', '420000', '420100', '420102', '湖北省武汉市江岸区', 'jaq'),
(1526, 'zh', '420000', '420100', '420103', '湖北省武汉市江汉区', 'jhq'),
(1527, 'zh', '420000', '420100', '420104', '湖北省武汉市硚口区', 'qkq'),
(1528, 'zh', '420000', '420100', '420105', '湖北省武汉市汉阳区', 'hyq'),
(1529, 'zh', '420000', '420100', '420106', '湖北省武汉市武昌区', 'wcq'),
(1530, 'zh', '420000', '420100', '420107', '湖北省武汉市青山区', 'qsq'),
(1531, 'zh', '420000', '420100', '420111', '湖北省武汉市洪山区', 'hsq'),
(1532, 'zh', '420000', '420100', '420112', '湖北省武汉市东西湖区', 'dxhq'),
(1533, 'zh', '420000', '420100', '420113', '湖北省武汉市汉南区', 'hnq'),
(1534, 'zh', '420000', '420100', '420114', '湖北省武汉市蔡甸区', 'cdq'),
(1535, 'zh', '420000', '420100', '420115', '湖北省武汉市江夏区', 'jxq'),
(1536, 'zh', '420000', '420100', '420116', '湖北省武汉市黄陂区', 'hbq'),
(1537, 'zh', '420000', '420100', '420117', '湖北省武汉市新洲区', 'xzq'),
(1538, 'zh', '420000', '420200', '420202', '湖北省黄石市黄石港区', 'hsgq'),
(1539, 'zh', '420000', '420200', '420203', '湖北省黄石市西塞山区', 'xssq'),
(1540, 'zh', '420000', '420200', '420204', '湖北省黄石市下陆区', 'xlq'),
(1541, 'zh', '420000', '420200', '420205', '湖北省黄石市铁山区', 'tsq'),
(1542, 'zh', '420000', '420200', '420222', '湖北省阳新县', 'yxx'),
(1543, 'zh', '420000', '420200', '420281', '湖北省大冶市', 'dys'),
(1544, 'zh', '420000', '420300', '420302', '湖北省十堰市茅箭区', 'mjq'),
(1545, 'zh', '420000', '420300', '420303', '湖北省十堰市张湾区', 'zwq'),
(1546, 'zh', '420000', '420300', '420321', '湖北省郧 县', 'y x'),
(1547, 'zh', '420000', '420300', '420322', '湖北省郧西县', 'yxx'),
(1548, 'zh', '420000', '420300', '420323', '湖北省竹山县', 'zsx'),
(1549, 'zh', '420000', '420300', '420324', '湖北省竹溪县', 'zxx'),
(1550, 'zh', '420000', '420300', '420325', '湖北省房 县', 'f x'),
(1551, 'zh', '420000', '420300', '420381', '湖北省丹江口市', 'djks'),
(1552, 'zh', '420000', '420500', '420502', '湖北省宜昌市西陵区', 'xlq'),
(1553, 'zh', '420000', '420500', '420503', '湖北省宜昌市伍家岗区', 'wjgq'),
(1554, 'zh', '420000', '420500', '420504', '湖北省宜昌市点军区', 'djq'),
(1555, 'zh', '420000', '420500', '420505', '湖北省宜昌市猇亭区', 'xtq'),
(1556, 'zh', '420000', '420500', '420506', '湖北省宜昌市夷陵区', 'ylq'),
(1557, 'zh', '420000', '420500', '420525', '湖北省远安县', 'yax'),
(1558, 'zh', '420000', '420500', '420526', '湖北省兴山县', 'xsx'),
(1559, 'zh', '420000', '420500', '420527', '湖北省秭归县', 'zgx'),
(1560, 'zh', '420000', '420500', '420528', '湖北省长阳土家族自治县', 'cytjzzzx'),
(1561, 'zh', '420000', '420500', '420529', '湖北省五峰土家族自治县', 'wftjzzzx'),
(1562, 'zh', '420000', '420500', '420581', '湖北省宜都市', 'yds'),
(1563, 'zh', '420000', '420500', '420582', '湖北省当阳市', 'dys'),
(1564, 'zh', '420000', '420500', '420583', '湖北省枝江市', 'zjs'),
(1565, 'zh', '420000', '420600', '420602', '湖北省襄樊市襄城区', 'xcq'),
(1566, 'zh', '420000', '420600', '420606', '湖北省襄樊市樊城区', 'fcq'),
(1567, 'zh', '420000', '420600', '420607', '湖北省襄樊市襄阳区', 'xyq'),
(1568, 'zh', '420000', '420600', '420624', '湖北省南漳县', 'nzx'),
(1569, 'zh', '420000', '420600', '420625', '湖北省谷城县', 'gcx'),
(1570, 'zh', '420000', '420600', '420626', '湖北省保康县', 'bkx'),
(1571, 'zh', '420000', '420600', '420682', '湖北省老河口市', 'lhks'),
(1572, 'zh', '420000', '420600', '420683', '湖北省枣阳市', 'zys'),
(1573, 'zh', '420000', '420600', '420684', '湖北省宜城市', 'ycs'),
(1574, 'zh', '420000', '420700', '420702', '湖北省鄂州市梁子湖区', 'lzhq'),
(1575, 'zh', '420000', '420700', '420703', '湖北省鄂州市华容区', 'hrq'),
(1576, 'zh', '420000', '420700', '420704', '湖北省鄂州市鄂城区', 'ecq'),
(1577, 'zh', '420000', '420800', '420802', '湖北省荆门市东宝区', 'dbq'),
(1578, 'zh', '420000', '420800', '420804', '湖北省荆门市掇刀区', 'ddq'),
(1579, 'zh', '420000', '420800', '420821', '湖北省京山县', 'jsx'),
(1580, 'zh', '420000', '420800', '420822', '湖北省沙洋县', 'syx'),
(1581, 'zh', '420000', '420800', '420881', '湖北省钟祥市', 'zxs'),
(1582, 'zh', '420000', '420900', '420902', '湖北省孝感市孝南区', 'xnq'),
(1583, 'zh', '420000', '420900', '420921', '湖北省孝昌县', 'xcx'),
(1584, 'zh', '420000', '420900', '420922', '湖北省大悟县', 'dwx'),
(1585, 'zh', '420000', '420900', '420923', '湖北省云梦县', 'ymx'),
(1586, 'zh', '420000', '420900', '420981', '湖北省应城市', 'ycs'),
(1587, 'zh', '420000', '420900', '420982', '湖北省安陆市', 'als'),
(1588, 'zh', '420000', '420900', '420984', '湖北省汉川市', 'hcs'),
(1589, 'zh', '420000', '421000', '421002', '湖北省荆州市沙市区', 'ssq'),
(1590, 'zh', '420000', '421000', '421003', '湖北省荆州市荆州区', 'jzq'),
(1591, 'zh', '420000', '421000', '421022', '湖北省公安县', 'gax'),
(1592, 'zh', '420000', '421000', '421023', '湖北省监利县', 'jlx'),
(1593, 'zh', '420000', '421000', '421024', '湖北省江陵县', 'jlx'),
(1594, 'zh', '420000', '421000', '421081', '湖北省石首市', 'sss'),
(1595, 'zh', '420000', '421000', '421083', '湖北省洪湖市', 'hhs'),
(1596, 'zh', '420000', '421000', '421087', '湖北省松滋市', 'szs'),
(1597, 'zh', '420000', '421100', '421102', '湖北省黄冈市黄州区', 'hzq'),
(1598, 'zh', '420000', '421100', '421121', '湖北省团风县', 'tfx'),
(1599, 'zh', '420000', '421100', '421122', '湖北省红安县', 'hax'),
(1600, 'zh', '420000', '421100', '421123', '湖北省罗田县', 'ltx'),
(1601, 'zh', '420000', '421100', '421124', '湖北省英山县', 'ysx'),
(1602, 'zh', '420000', '421100', '421125', '湖北省浠水县', 'xsx'),
(1603, 'zh', '420000', '421100', '421126', '湖北省蕲春县', 'qcx'),
(1604, 'zh', '420000', '421100', '421127', '湖北省黄梅县', 'hmx'),
(1605, 'zh', '420000', '421100', '421181', '湖北省麻城市', 'mcs'),
(1606, 'zh', '420000', '421100', '421182', '湖北省武穴市', 'wxs'),
(1607, 'zh', '420000', '421200', '421202', '湖北省咸宁市咸安区', 'xaq'),
(1608, 'zh', '420000', '421200', '421221', '湖北省嘉鱼县', 'jyx'),
(1609, 'zh', '420000', '421200', '421222', '湖北省通城县', 'tcx'),
(1610, 'zh', '420000', '421200', '421223', '湖北省崇阳县', 'cyx'),
(1611, 'zh', '420000', '421200', '421224', '湖北省通山县', 'tsx'),
(1612, 'zh', '420000', '421200', '421281', '湖北省赤壁市', 'cbs'),
(1613, 'zh', '420000', '421300', '421302', '湖北省随州市曾都区', 'zdq'),
(1614, 'zh', '420000', '421300', '421381', '湖北省广水市', 'gss'),
(1615, 'zh', '420000', '422800', '422801', '湖北省恩施市', 'ess'),
(1616, 'zh', '420000', '422800', '422802', '湖北省利川市', 'lcs'),
(1617, 'zh', '420000', '422800', '422822', '湖北省建始县', 'jsx'),
(1618, 'zh', '420000', '422800', '422823', '湖北省巴东县', 'bdx'),
(1619, 'zh', '420000', '422800', '422825', '湖北省宣恩县', 'xex'),
(1620, 'zh', '420000', '422800', '422826', '湖北省咸丰县', 'xfx'),
(1621, 'zh', '420000', '422800', '422827', '湖北省来凤县', 'lfx'),
(1622, 'zh', '420000', '422800', '422828', '湖北省鹤峰县', 'hfx'),
(1623, 'zh', '420000', '429000', '429004', '湖北省仙桃市', 'xts'),
(1624, 'zh', '420000', '429000', '429005', '湖北省潜江市', 'qjs'),
(1625, 'zh', '420000', '429000', '429006', '湖北省天门市', 'tms'),
(1626, 'zh', '420000', '429000', '429021', '湖北省神农架林区', 'snjlq'),
(1627, 'zh', '430000', '430100', '430102', '湖南省长沙市芙蓉区', 'frq'),
(1628, 'zh', '430000', '430100', '430103', '湖南省长沙市天心区', 'txq'),
(1629, 'zh', '430000', '430100', '430104', '湖南省长沙市岳麓区', 'ylq'),
(1630, 'zh', '430000', '430100', '430105', '湖南省长沙市开福区', 'kfq'),
(1631, 'zh', '430000', '430100', '430111', '湖南省长沙市雨花区', 'yhq'),
(1632, 'zh', '430000', '430100', '430121', '湖南省长沙县', 'csx'),
(1633, 'zh', '430000', '430100', '430122', '湖南省望城县', 'wcx'),
(1634, 'zh', '430000', '430100', '430124', '湖南省宁乡县', 'nxx'),
(1635, 'zh', '430000', '430100', '430181', '湖南省浏阳市', 'lys'),
(1636, 'zh', '430000', '430200', '430202', '湖南省株洲市荷塘区', 'htq'),
(1637, 'zh', '430000', '430200', '430203', '湖南省株洲市芦淞区', 'lsq'),
(1638, 'zh', '430000', '430200', '430204', '湖南省株洲市石峰区', 'sfq'),
(1639, 'zh', '430000', '430200', '430211', '湖南省株洲市天元区', 'tyq'),
(1640, 'zh', '430000', '430200', '430221', '湖南省株洲县', 'zzx'),
(1641, 'zh', '430000', '430200', '430223', '湖南省攸 县', 'y x'),
(1642, 'zh', '430000', '430200', '430224', '湖南省茶陵县', 'clx'),
(1643, 'zh', '430000', '430200', '430225', '湖南省炎陵县', 'ylx'),
(1644, 'zh', '430000', '430200', '430281', '湖南省醴陵市', 'lls'),
(1645, 'zh', '430000', '430300', '430302', '湖南省湘潭市雨湖区', 'yhq'),
(1646, 'zh', '430000', '430300', '430304', '湖南省湘潭市岳塘区', 'ytq'),
(1647, 'zh', '430000', '430300', '430321', '湖南省湘潭县', 'xtx'),
(1648, 'zh', '430000', '430300', '430381', '湖南省湘乡市', 'xxs'),
(1649, 'zh', '430000', '430300', '430382', '湖南省韶山市', 'sss'),
(1650, 'zh', '430000', '430400', '430405', '湖南省衡阳市珠晖区', 'zhq'),
(1651, 'zh', '430000', '430400', '430406', '湖南省衡阳市雁峰区', 'yfq'),
(1652, 'zh', '430000', '430400', '430407', '湖南省衡阳市石鼓区', 'sgq'),
(1653, 'zh', '430000', '430400', '430408', '湖南省衡阳市蒸湘区', 'zxq'),
(1654, 'zh', '430000', '430400', '430412', '湖南省衡阳市南岳区', 'nyq'),
(1655, 'zh', '430000', '430400', '430421', '湖南省衡阳县', 'hyx'),
(1656, 'zh', '430000', '430400', '430422', '湖南省衡南县', 'hnx'),
(1657, 'zh', '430000', '430400', '430423', '湖南省衡山县', 'hsx'),
(1658, 'zh', '430000', '430400', '430424', '湖南省衡东县', 'hdx'),
(1659, 'zh', '430000', '430400', '430426', '湖南省祁东县', 'qdx'),
(1660, 'zh', '430000', '430400', '430481', '湖南省耒阳市', 'lys'),
(1661, 'zh', '430000', '430400', '430482', '湖南省常宁市', 'cns'),
(1662, 'zh', '430000', '430500', '430502', '湖南省邵阳市双清区', 'sqq'),
(1663, 'zh', '430000', '430500', '430503', '湖南省邵阳市大祥区', 'dxq'),
(1664, 'zh', '430000', '430500', '430511', '湖南省邵阳市北塔区', 'btq'),
(1665, 'zh', '430000', '430500', '430521', '湖南省邵东县', 'sdx'),
(1666, 'zh', '430000', '430500', '430522', '湖南省新邵县', 'xsx'),
(1667, 'zh', '430000', '430500', '430523', '湖南省邵阳县', 'syx'),
(1668, 'zh', '430000', '430500', '430524', '湖南省隆回县', 'lhx'),
(1669, 'zh', '430000', '430500', '430525', '湖南省洞口县', 'dkx'),
(1670, 'zh', '430000', '430500', '430527', '湖南省绥宁县', 'snx'),
(1671, 'zh', '430000', '430500', '430528', '湖南省新宁县', 'xnx'),
(1672, 'zh', '430000', '430500', '430529', '湖南省城步苗族自治县', 'cbmzzzx'),
(1673, 'zh', '430000', '430500', '430581', '湖南省武冈市', 'wgs'),
(1674, 'zh', '430000', '430600', '430602', '湖南省岳阳市岳阳楼区', 'yylq'),
(1675, 'zh', '430000', '430600', '430603', '湖南省岳阳市云溪区', 'yxq'),
(1676, 'zh', '430000', '430600', '430611', '湖南省岳阳市君山区', 'jsq'),
(1677, 'zh', '430000', '430600', '430621', '湖南省岳阳县', 'yyx'),
(1678, 'zh', '430000', '430600', '430623', '湖南省华容县', 'hrx'),
(1679, 'zh', '430000', '430600', '430624', '湖南省湘阴县', 'xyx'),
(1680, 'zh', '430000', '430600', '430626', '湖南省平江县', 'pjx'),
(1681, 'zh', '430000', '430600', '430681', '湖南省汨罗市', 'mls'),
(1682, 'zh', '430000', '430600', '430682', '湖南省临湘市', 'lxs'),
(1683, 'zh', '430000', '430700', '430702', '湖南省常德市武陵区', 'wlq'),
(1684, 'zh', '430000', '430700', '430703', '湖南省常德市鼎城区', 'dcq'),
(1685, 'zh', '430000', '430700', '430721', '湖南省安乡县', 'axx'),
(1686, 'zh', '430000', '430700', '430722', '湖南省汉寿县', 'hsx'),
(1687, 'zh', '430000', '430700', '430723', '湖南省澧 县', 'l x'),
(1688, 'zh', '430000', '430700', '430724', '湖南省临澧县', 'llx'),
(1689, 'zh', '430000', '430700', '430725', '湖南省桃源县', 'tyx'),
(1690, 'zh', '430000', '430700', '430726', '湖南省石门县', 'smx'),
(1691, 'zh', '430000', '430700', '430781', '湖南省津市市', 'jss'),
(1692, 'zh', '430000', '430800', '430802', '湖南省张家界市永定区', 'ydq'),
(1693, 'zh', '430000', '430800', '430811', '湖南省张家界市武陵源区', 'wlyq'),
(1694, 'zh', '430000', '430800', '430821', '湖南省慈利县', 'clx'),
(1695, 'zh', '430000', '430800', '430822', '湖南省桑植县', 'szx'),
(1696, 'zh', '430000', '430900', '430902', '湖南省益阳市资阳区', 'zyq'),
(1697, 'zh', '430000', '430900', '430903', '湖南省益阳市赫山区', 'hsq'),
(1698, 'zh', '430000', '430900', '430921', '湖南省南 县', 'n x'),
(1699, 'zh', '430000', '430900', '430922', '湖南省桃江县', 'tjx'),
(1700, 'zh', '430000', '430900', '430923', '湖南省安化县', 'ahx'),
(1701, 'zh', '430000', '430900', '430981', '湖南省沅江市', 'yjs'),
(1702, 'zh', '430000', '431000', '431002', '湖南省郴州市北湖区', 'bhq'),
(1703, 'zh', '430000', '431000', '431003', '湖南省郴州市苏仙区', 'sxq'),
(1704, 'zh', '430000', '431000', '431021', '湖南省桂阳县', 'gyx'),
(1705, 'zh', '430000', '431000', '431022', '湖南省宜章县', 'yzx'),
(1706, 'zh', '430000', '431000', '431023', '湖南省永兴县', 'yxx'),
(1707, 'zh', '430000', '431000', '431024', '湖南省嘉禾县', 'jhx'),
(1708, 'zh', '430000', '431000', '431025', '湖南省临武县', 'lwx'),
(1709, 'zh', '430000', '431000', '431026', '湖南省汝城县', 'rcx'),
(1710, 'zh', '430000', '431000', '431027', '湖南省桂东县', 'gdx'),
(1711, 'zh', '430000', '431000', '431028', '湖南省安仁县', 'arx'),
(1712, 'zh', '430000', '431000', '431081', '湖南省资兴市', 'zxs'),
(1713, 'zh', '430000', '431100', '431102', '湖南省永州市零陵区', 'llq'),
(1714, 'zh', '430000', '431100', '431103', '湖南省永州市冷水滩区', 'lstq'),
(1715, 'zh', '430000', '431100', '431121', '湖南省祁阳县', 'qyx'),
(1716, 'zh', '430000', '431100', '431122', '湖南省东安县', 'dax'),
(1717, 'zh', '430000', '431100', '431123', '湖南省双牌县', 'spx'),
(1718, 'zh', '430000', '431100', '431124', '湖南省道 县', 'd x'),
(1719, 'zh', '430000', '431100', '431125', '湖南省江永县', 'jyx'),
(1720, 'zh', '430000', '431100', '431126', '湖南省宁远县', 'nyx'),
(1721, 'zh', '430000', '431100', '431127', '湖南省蓝山县', 'lsx'),
(1722, 'zh', '430000', '431100', '431128', '湖南省新田县', 'xtx'),
(1723, 'zh', '430000', '431100', '431129', '湖南省江华瑶族自治县', 'jhyzzzx'),
(1724, 'zh', '430000', '431200', '431202', '湖南省怀化市鹤城区', 'hcq'),
(1725, 'zh', '430000', '431200', '431221', '湖南省中方县', 'zfx'),
(1726, 'zh', '430000', '431200', '431222', '湖南省沅陵县', 'ylx'),
(1727, 'zh', '430000', '431200', '431223', '湖南省辰溪县', 'cxx'),
(1728, 'zh', '430000', '431200', '431224', '湖南省溆浦县', 'xpx'),
(1729, 'zh', '430000', '431200', '431225', '湖南省会同县', 'htx'),
(1730, 'zh', '430000', '431200', '431226', '湖南省麻阳苗族自治县', 'mymzzzx'),
(1731, 'zh', '430000', '431200', '431227', '湖南省新晃侗族自治县', 'xhdzzzx'),
(1732, 'zh', '430000', '431200', '431228', '湖南省芷江侗族自治县', 'zjdzzzx'),
(1733, 'zh', '430000', '431200', '431229', '湖南省靖州苗族侗族自治县', 'jzmzdzzzx'),
(1734, 'zh', '430000', '431200', '431230', '湖南省通道侗族自治县', 'tddzzzx'),
(1735, 'zh', '430000', '431200', '431281', '湖南省洪江市', 'hjs'),
(1736, 'zh', '430000', '431300', '431302', '湖南省娄底市娄星区', 'lxq'),
(1737, 'zh', '430000', '431300', '431321', '湖南省双峰县', 'sfx'),
(1738, 'zh', '430000', '431300', '431322', '湖南省新化县', 'xhx'),
(1739, 'zh', '430000', '431300', '431381', '湖南省冷水江市', 'lsjs'),
(1740, 'zh', '430000', '431300', '431382', '湖南省涟源市', 'lys'),
(1741, 'zh', '430000', '433100', '433101', '湖南省吉首市', 'jss'),
(1742, 'zh', '430000', '433100', '433122', '湖南省泸溪县', 'lxx'),
(1743, 'zh', '430000', '433100', '433123', '湖南省凤凰县', 'fhx'),
(1744, 'zh', '430000', '433100', '433124', '湖南省花垣县', 'hyx'),
(1745, 'zh', '430000', '433100', '433125', '湖南省保靖县', 'bjx'),
(1746, 'zh', '430000', '433100', '433126', '湖南省古丈县', 'gzx'),
(1747, 'zh', '430000', '433100', '433127', '湖南省永顺县', 'ysx'),
(1748, 'zh', '430000', '433100', '433130', '湖南省龙山县', 'lsx'),
(1749, 'zh', '440000', '440100', '440103', '广东省广州市荔湾区', 'lwq'),
(1750, 'zh', '440000', '440100', '440104', '广东省广州市越秀区', 'yxq'),
(1751, 'zh', '440000', '440100', '440105', '广东省广州市海珠区', 'hzq'),
(1752, 'zh', '440000', '440100', '440106', '广东省广州市天河区', 'thq'),
(1753, 'zh', '440000', '440100', '440111', '广东省广州市白云区', 'byq'),
(1754, 'zh', '440000', '440100', '440112', '广东省广州市黄埔区', 'hpq'),
(1755, 'zh', '440000', '440100', '440113', '广东省广州市番禺区', 'fyq'),
(1756, 'zh', '440000', '440100', '440114', '广东省广州市花都区', 'hdq'),
(1757, 'zh', '440000', '440100', '440115', '广东省广州市南沙区', 'nsq'),
(1758, 'zh', '440000', '440100', '440116', '广东省广州市萝岗区', 'lgq'),
(1759, 'zh', '440000', '440100', '440183', '广东省增城市', 'zcs'),
(1760, 'zh', '440000', '440100', '440184', '广东省从化市', 'chs'),
(1761, 'zh', '440000', '440200', '440203', '广东省韶关市武江区', 'wjq'),
(1762, 'zh', '440000', '440200', '440204', '广东省韶关市浈江区', 'zjq'),
(1763, 'zh', '440000', '440200', '440205', '广东省韶关市曲江区', 'qjq'),
(1764, 'zh', '440000', '440200', '440222', '广东省始兴县', 'sxx'),
(1765, 'zh', '440000', '440200', '440224', '广东省仁化县', 'rhx'),
(1766, 'zh', '440000', '440200', '440229', '广东省翁源县', 'wyx'),
(1767, 'zh', '440000', '440200', '440232', '广东省乳源瑶族自治县', 'ryyzzzx'),
(1768, 'zh', '440000', '440200', '440233', '广东省新丰县', 'xfx'),
(1769, 'zh', '440000', '440200', '440281', '广东省乐昌市', 'lcs'),
(1770, 'zh', '440000', '440200', '440282', '广东省南雄市', 'nxs'),
(1771, 'zh', '440000', '440300', '440303', '广东省深圳市罗湖区', 'lhq'),
(1772, 'zh', '440000', '440300', '440304', '广东省深圳市福田区', 'ftq'),
(1773, 'zh', '440000', '440300', '440305', '广东省深圳市南山区', 'nsq'),
(1774, 'zh', '440000', '440300', '440306', '广东省深圳市宝安区', 'baq'),
(1775, 'zh', '440000', '440300', '440307', '广东省深圳市龙岗区', 'lgq'),
(1776, 'zh', '440000', '440300', '440308', '广东省深圳市盐田区', 'ytq'),
(1777, 'zh', '440000', '440400', '440402', '广东省珠海市香洲区', 'xzq'),
(1778, 'zh', '440000', '440400', '440403', '广东省珠海市斗门区', 'dmq'),
(1779, 'zh', '440000', '440400', '440404', '广东省珠海市金湾区', 'jwq'),
(1780, 'zh', '440000', '440500', '440507', '广东省汕头市龙湖区', 'lhq'),
(1781, 'zh', '440000', '440500', '440511', '广东省汕头市金平区', 'jpq'),
(1782, 'zh', '440000', '440500', '440512', '广东省汕头市濠江区', 'hjq'),
(1783, 'zh', '440000', '440500', '440513', '广东省汕头市潮阳区', 'cyq'),
(1784, 'zh', '440000', '440500', '440514', '广东省汕头市潮南区', 'cnq'),
(1785, 'zh', '440000', '440500', '440515', '广东省汕头市澄海区', 'chq'),
(1786, 'zh', '440000', '440500', '440523', '广东省南澳县', 'nax'),
(1787, 'zh', '440000', '440600', '440604', '广东省佛山市禅城区', 'ccq'),
(1788, 'zh', '440000', '440600', '440605', '广东省佛山市南海区', 'nhq'),
(1789, 'zh', '440000', '440600', '440606', '广东省佛山市顺德区', 'sdq'),
(1790, 'zh', '440000', '440600', '440607', '广东省佛山市三水区', 'ssq'),
(1791, 'zh', '440000', '440600', '440608', '广东省佛山市高明区', 'gmq'),
(1792, 'zh', '440000', '440700', '440703', '广东省江门市蓬江区', 'pjq'),
(1793, 'zh', '440000', '440700', '440704', '广东省江门市江海区', 'jhq'),
(1794, 'zh', '440000', '440700', '440705', '广东省江门市新会区', 'xhq'),
(1795, 'zh', '440000', '440700', '440781', '广东省台山市', 'tss'),
(1796, 'zh', '440000', '440700', '440783', '广东省开平市', 'kps'),
(1797, 'zh', '440000', '440700', '440784', '广东省鹤山市', 'hss'),
(1798, 'zh', '440000', '440700', '440785', '广东省恩平市', 'eps'),
(1799, 'zh', '440000', '440800', '440802', '广东省湛江市赤坎区', 'ckq'),
(1800, 'zh', '440000', '440800', '440803', '广东省湛江市霞山区', 'xsq'),
(1801, 'zh', '440000', '440800', '440804', '广东省湛江市坡头区', 'ptq'),
(1802, 'zh', '440000', '440800', '440811', '广东省湛江市麻章区', 'mzq'),
(1803, 'zh', '440000', '440800', '440823', '广东省遂溪县', 'sxx'),
(1804, 'zh', '440000', '440800', '440825', '广东省徐闻县', 'xwx'),
(1805, 'zh', '440000', '440800', '440881', '广东省廉江市', 'ljs'),
(1806, 'zh', '440000', '440800', '440882', '广东省雷州市', 'lzs'),
(1807, 'zh', '440000', '440800', '440883', '广东省吴川市', 'wcs'),
(1808, 'zh', '440000', '440900', '440902', '广东省茂名市茂南区', 'mnq'),
(1809, 'zh', '440000', '440900', '440903', '广东省茂名市茂港区', 'mgq'),
(1810, 'zh', '440000', '440900', '440923', '广东省电白县', 'dbx'),
(1811, 'zh', '440000', '440900', '440981', '广东省高州市', 'gzs'),
(1812, 'zh', '440000', '440900', '440982', '广东省化州市', 'hzs'),
(1813, 'zh', '440000', '440900', '440983', '广东省信宜市', 'xys'),
(1814, 'zh', '440000', '441200', '441202', '广东省肇庆市端州区', 'dzq'),
(1815, 'zh', '440000', '441200', '441203', '广东省肇庆市鼎湖区', 'dhq'),
(1816, 'zh', '440000', '441200', '441223', '广东省广宁县', 'gnx'),
(1817, 'zh', '440000', '441200', '441224', '广东省怀集县', 'hjx'),
(1818, 'zh', '440000', '441200', '441225', '广东省封开县', 'fkx'),
(1819, 'zh', '440000', '441200', '441226', '广东省德庆县', 'dqx'),
(1820, 'zh', '440000', '441200', '441283', '广东省高要市', 'gys'),
(1821, 'zh', '440000', '441200', '441284', '广东省四会市', 'shs'),
(1822, 'zh', '440000', '441300', '441302', '广东省惠州市惠城区', 'hcq'),
(1823, 'zh', '440000', '441300', '441303', '广东省惠州市惠阳区', 'hyq'),
(1824, 'zh', '440000', '441300', '441322', '广东省博罗县', 'blx'),
(1825, 'zh', '440000', '441300', '441323', '广东省惠东县', 'hdx'),
(1826, 'zh', '440000', '441300', '441324', '广东省龙门县', 'lmx'),
(1827, 'zh', '440000', '441400', '441402', '广东省梅州市梅江区', 'mjq'),
(1828, 'zh', '440000', '441400', '441421', '广东省梅 县', 'm x'),
(1829, 'zh', '440000', '441400', '441422', '广东省大埔县', 'dpx'),
(1830, 'zh', '440000', '441400', '441423', '广东省丰顺县', 'fsx'),
(1831, 'zh', '440000', '441400', '441424', '广东省五华县', 'whx'),
(1832, 'zh', '440000', '441400', '441426', '广东省平远县', 'pyx'),
(1833, 'zh', '440000', '441400', '441427', '广东省蕉岭县', 'jlx'),
(1834, 'zh', '440000', '441400', '441481', '广东省兴宁市', 'xns'),
(1835, 'zh', '440000', '441500', '441502', '广东省汕尾市城 区', 'c q'),
(1836, 'zh', '440000', '441500', '441521', '广东省海丰县', 'hfx'),
(1837, 'zh', '440000', '441500', '441523', '广东省陆河县', 'lhx'),
(1838, 'zh', '440000', '441500', '441581', '广东省陆丰市', 'lfs'),
(1839, 'zh', '440000', '441600', '441602', '广东省河源市源城区', 'ycq'),
(1840, 'zh', '440000', '441600', '441621', '广东省紫金县', 'zjx'),
(1841, 'zh', '440000', '441600', '441622', '广东省龙川县', 'lcx'),
(1842, 'zh', '440000', '441600', '441623', '广东省连平县', 'lpx'),
(1843, 'zh', '440000', '441600', '441624', '广东省和平县', 'hpx'),
(1844, 'zh', '440000', '441600', '441625', '广东省东源县', 'dyx'),
(1845, 'zh', '440000', '441700', '441702', '广东省阳江市江城区', 'jcq'),
(1846, 'zh', '440000', '441700', '441721', '广东省阳西县', 'yxx'),
(1847, 'zh', '440000', '441700', '441723', '广东省阳东县', 'ydx'),
(1848, 'zh', '440000', '441700', '441781', '广东省阳春市', 'ycs'),
(1849, 'zh', '440000', '441800', '441802', '广东省清远市清城区', 'qcq'),
(1850, 'zh', '440000', '441800', '441821', '广东省佛冈县', 'fgx'),
(1851, 'zh', '440000', '441800', '441823', '广东省阳山县', 'ysx'),
(1852, 'zh', '440000', '441800', '441825', '广东省连山壮族瑶族自治县', 'lszzyzzzx'),
(1853, 'zh', '440000', '441800', '441826', '广东省连南瑶族自治县', 'lnyzzzx'),
(1854, 'zh', '440000', '441800', '441827', '广东省清新县', 'qxx'),
(1855, 'zh', '440000', '441800', '441881', '广东省英德市', 'yds'),
(1856, 'zh', '440000', '441800', '441882', '广东省连州市', 'lzs'),
(1857, 'zh', '440000', '445100', '445102', '广东省潮州市湘桥区', 'xqq'),
(1858, 'zh', '440000', '445100', '445121', '广东省潮安县', 'cax'),
(1859, 'zh', '440000', '445100', '445122', '广东省饶平县', 'rpx'),
(1860, 'zh', '440000', '445200', '445202', '广东省揭阳市榕城区', 'rcq'),
(1861, 'zh', '440000', '445200', '445221', '广东省揭东县', 'jdx'),
(1862, 'zh', '440000', '445200', '445222', '广东省揭西县', 'jxx'),
(1863, 'zh', '440000', '445200', '445224', '广东省惠来县', 'hlx'),
(1864, 'zh', '440000', '445200', '445281', '广东省普宁市', 'pns'),
(1865, 'zh', '440000', '445300', '445302', '广东省云浮市云城区', 'ycq'),
(1866, 'zh', '440000', '445300', '445321', '广东省新兴县', 'xxx'),
(1867, 'zh', '440000', '445300', '445322', '广东省郁南县', 'ynx'),
(1868, 'zh', '440000', '445300', '445323', '广东省云安县', 'yax'),
(1869, 'zh', '440000', '445300', '445381', '广东省罗定市', 'lds'),
(1870, 'zh', '450000', '450100', '450102', '广西壮族自治区南宁市兴宁区', 'xnq'),
(1871, 'zh', '450000', '450100', '450103', '广西壮族自治区南宁市青秀区', 'qxq'),
(1872, 'zh', '450000', '450100', '450105', '广西壮族自治区南宁市江南区', 'jnq'),
(1873, 'zh', '450000', '450100', '450107', '广西壮族自治区南宁市西乡塘区', 'xxtq'),
(1874, 'zh', '450000', '450100', '450108', '广西壮族自治区南宁市良庆区', 'lqq'),
(1875, 'zh', '450000', '450100', '450109', '广西壮族自治区南宁市邕宁区', 'ynq'),
(1876, 'zh', '450000', '450100', '450122', '广西壮族自治区武鸣县', 'wmx'),
(1877, 'zh', '450000', '450100', '450123', '广西壮族自治区隆安县', 'lax'),
(1878, 'zh', '450000', '450100', '450124', '广西壮族自治区马山县', 'msx'),
(1879, 'zh', '450000', '450100', '450125', '广西壮族自治区上林县', 'slx'),
(1880, 'zh', '450000', '450100', '450126', '广西壮族自治区宾阳县', 'byx'),
(1881, 'zh', '450000', '450100', '450127', '广西壮族自治区横 县', 'h x'),
(1882, 'zh', '450000', '450200', '450202', '广西壮族自治区柳州市城中区', 'czq'),
(1883, 'zh', '450000', '450200', '450203', '广西壮族自治区柳州市鱼峰区', 'yfq'),
(1884, 'zh', '450000', '450200', '450204', '广西壮族自治区柳州市柳南区', 'lnq'),
(1885, 'zh', '450000', '450200', '450205', '广西壮族自治区柳州市柳北区', 'lbq'),
(1886, 'zh', '450000', '450200', '450221', '广西壮族自治区柳江县', 'ljx'),
(1887, 'zh', '450000', '450200', '450222', '广西壮族自治区柳城县', 'lcx'),
(1888, 'zh', '450000', '450200', '450223', '广西壮族自治区鹿寨县', 'lzx'),
(1889, 'zh', '450000', '450200', '450224', '广西壮族自治区融安县', 'rax'),
(1890, 'zh', '450000', '450200', '450225', '广西壮族自治区融水苗族自治县', 'rsmzzzx'),
(1891, 'zh', '450000', '450200', '450226', '广西壮族自治区三江侗族自治县', 'sjdzzzx'),
(1892, 'zh', '450000', '450300', '450302', '广西壮族自治区桂林市秀峰区', 'xfq'),
(1893, 'zh', '450000', '450300', '450303', '广西壮族自治区桂林市叠彩区', 'dcq'),
(1894, 'zh', '450000', '450300', '450304', '广西壮族自治区桂林市象山区', 'xsq'),
(1895, 'zh', '450000', '450300', '450305', '广西壮族自治区桂林市七星区', 'qxq'),
(1896, 'zh', '450000', '450300', '450311', '广西壮族自治区桂林市雁山区', 'ysq'),
(1897, 'zh', '450000', '450300', '450321', '广西壮族自治区阳朔县', 'ysx'),
(1898, 'zh', '450000', '450300', '450322', '广西壮族自治区临桂县', 'lgx'),
(1899, 'zh', '450000', '450300', '450323', '广西壮族自治区灵川县', 'lcx'),
(1900, 'zh', '450000', '450300', '450324', '广西壮族自治区全州县', 'qzx'),
(1901, 'zh', '450000', '450300', '450325', '广西壮族自治区兴安县', 'xax'),
(1902, 'zh', '450000', '450300', '450326', '广西壮族自治区永福县', 'yfx'),
(1903, 'zh', '450000', '450300', '450327', '广西壮族自治区灌阳县', 'gyx'),
(1904, 'zh', '450000', '450300', '450328', '广西壮族自治区龙胜各族自治县', 'lsgzzzx'),
(1905, 'zh', '450000', '450300', '450329', '广西壮族自治区资源县', 'zyx'),
(1906, 'zh', '450000', '450300', '450330', '广西壮族自治区平乐县', 'plx'),
(1907, 'zh', '450000', '450300', '450331', '广西壮族自治区荔蒲县', 'lpx'),
(1908, 'zh', '450000', '450300', '450332', '广西壮族自治区恭城瑶族自治县', 'gcyzzzx'),
(1909, 'zh', '450000', '450400', '450403', '广西壮族自治区梧州市万秀区', 'wxq'),
(1910, 'zh', '450000', '450400', '450404', '广西壮族自治区梧州市蝶山区', 'dsq'),
(1911, 'zh', '450000', '450400', '450405', '广西壮族自治区梧州市长洲区', 'czq'),
(1912, 'zh', '450000', '450400', '450421', '广西壮族自治区苍梧县', 'cwx'),
(1913, 'zh', '450000', '450400', '450422', '广西壮族自治区藤 县', 't x'),
(1914, 'zh', '450000', '450400', '450423', '广西壮族自治区蒙山县', 'msx'),
(1915, 'zh', '450000', '450400', '450481', '广西壮族自治区岑溪市', 'cxs'),
(1916, 'zh', '450000', '450500', '450502', '广西壮族自治区北海市海城区', 'hcq'),
(1917, 'zh', '450000', '450500', '450503', '广西壮族自治区北海市银海区', 'yhq'),
(1918, 'zh', '450000', '450500', '450512', '广西壮族自治区北海市铁山港区', 'tsgq'),
(1919, 'zh', '450000', '450500', '450521', '广西壮族自治区合浦县', 'hpx'),
(1920, 'zh', '450000', '450600', '450602', '广西壮族自治区防城港市港口区', 'gkq'),
(1921, 'zh', '450000', '450600', '450603', '广西壮族自治区防城港市防城区', 'fcq'),
(1922, 'zh', '450000', '450600', '450621', '广西壮族自治区上思县', 'ssx'),
(1923, 'zh', '450000', '450600', '450681', '广西壮族自治区东兴市', 'dxs'),
(1924, 'zh', '450000', '450700', '450702', '广西壮族自治区钦州市钦南区', 'qnq'),
(1925, 'zh', '450000', '450700', '450703', '广西壮族自治区钦州市钦北区', 'qbq'),
(1926, 'zh', '450000', '450700', '450721', '广西壮族自治区灵山县', 'lsx'),
(1927, 'zh', '450000', '450700', '450722', '广西壮族自治区浦北县', 'pbx'),
(1928, 'zh', '450000', '450800', '450802', '广西壮族自治区贵港市港北区', 'gbq'),
(1929, 'zh', '450000', '450800', '450803', '广西壮族自治区贵港市港南区', 'gnq'),
(1930, 'zh', '450000', '450800', '450804', '广西壮族自治区贵港市覃塘区', 'ttq'),
(1931, 'zh', '450000', '450800', '450821', '广西壮族自治区平南县', 'pnx'),
(1932, 'zh', '450000', '450800', '450881', '广西壮族自治区桂平市', 'gps'),
(1933, 'zh', '450000', '450900', '450902', '广西壮族自治区玉林市玉州区', 'yzq'),
(1934, 'zh', '450000', '450900', '450921', '广西壮族自治区容 县', 'r x'),
(1935, 'zh', '450000', '450900', '450922', '广西壮族自治区陆川县', 'lcx'),
(1936, 'zh', '450000', '450900', '450923', '广西壮族自治区博白县', 'bbx'),
(1937, 'zh', '450000', '450900', '450924', '广西壮族自治区兴业县', 'xyx'),
(1938, 'zh', '450000', '450900', '450981', '广西壮族自治区北流市', 'bls'),
(1939, 'zh', '450000', '451000', '451002', '广西壮族自治区百色市右江区', 'yjq'),
(1940, 'zh', '450000', '451000', '451021', '广西壮族自治区田阳县', 'tyx'),
(1941, 'zh', '450000', '451000', '451022', '广西壮族自治区田东县', 'tdx'),
(1942, 'zh', '450000', '451000', '451023', '广西壮族自治区平果县', 'pgx'),
(1943, 'zh', '450000', '451000', '451024', '广西壮族自治区德保县', 'dbx'),
(1944, 'zh', '450000', '451000', '451025', '广西壮族自治区靖西县', 'jxx'),
(1945, 'zh', '450000', '451000', '451026', '广西壮族自治区那坡县', 'npx'),
(1946, 'zh', '450000', '451000', '451027', '广西壮族自治区凌云县', 'lyx'),
(1947, 'zh', '450000', '451000', '451028', '广西壮族自治区乐业县', 'lyx'),
(1948, 'zh', '450000', '451000', '451029', '广西壮族自治区田林县', 'tlx'),
(1949, 'zh', '450000', '451000', '451030', '广西壮族自治区西林县', 'xlx'),
(1950, 'zh', '450000', '451000', '451031', '广西壮族自治区隆林各族自治县', 'llgzzzx'),
(1951, 'zh', '450000', '451100', '451102', '广西壮族自治区贺州市八步区', 'bbq'),
(1952, 'zh', '450000', '451100', '451121', '广西壮族自治区昭平县', 'zpx'),
(1953, 'zh', '450000', '451100', '451122', '广西壮族自治区钟山县', 'zsx'),
(1954, 'zh', '450000', '451100', '451123', '广西壮族自治区富川瑶族自治县', 'fcyzzzx'),
(1955, 'zh', '450000', '451200', '451202', '广西壮族自治区河池市金城江区', 'jcjq'),
(1956, 'zh', '450000', '451200', '451221', '广西壮族自治区南丹县', 'ndx'),
(1957, 'zh', '450000', '451200', '451222', '广西壮族自治区天峨县', 'tex'),
(1958, 'zh', '450000', '451200', '451223', '广西壮族自治区凤山县', 'fsx'),
(1959, 'zh', '450000', '451200', '451224', '广西壮族自治区东兰县', 'dlx'),
(1960, 'zh', '450000', '451200', '451225', '广西壮族自治区罗城仫佬族自治县', 'lcmlzzzx'),
(1961, 'zh', '450000', '451200', '451226', '广西壮族自治区环江毛南族自治县', 'hjmnzzzx'),
(1962, 'zh', '450000', '451200', '451227', '广西壮族自治区巴马瑶族自治县', 'bmyzzzx'),
(1963, 'zh', '450000', '451200', '451228', '广西壮族自治区都安瑶族自治县', 'dayzzzx'),
(1964, 'zh', '450000', '451200', '451229', '广西壮族自治区大化瑶族自治县', 'dhyzzzx'),
(1965, 'zh', '450000', '451200', '451281', '广西壮族自治区宜州市', 'yzs'),
(1966, 'zh', '450000', '451300', '451302', '广西壮族自治区来宾市兴宾区', 'xbq'),
(1967, 'zh', '450000', '451300', '451321', '广西壮族自治区忻城县', 'xcx'),
(1968, 'zh', '450000', '451300', '451322', '广西壮族自治区象州县', 'xzx'),
(1969, 'zh', '450000', '451300', '451323', '广西壮族自治区武宣县', 'wxx'),
(1970, 'zh', '450000', '451300', '451324', '广西壮族自治区金秀瑶族自治县', 'jxyzzzx'),
(1971, 'zh', '450000', '451300', '451381', '广西壮族自治区合山市', 'hss'),
(1972, 'zh', '450000', '451400', '451402', '广西壮族自治区崇左市江洲区', 'jzq'),
(1973, 'zh', '450000', '451400', '451421', '广西壮族自治区扶绥县', 'fsx'),
(1974, 'zh', '450000', '451400', '451422', '广西壮族自治区宁明县', 'nmx'),
(1975, 'zh', '450000', '451400', '451423', '广西壮族自治区龙州县', 'lzx'),
(1976, 'zh', '450000', '451400', '451424', '广西壮族自治区大新县', 'dxx'),
(1977, 'zh', '450000', '451400', '451425', '广西壮族自治区天等县', 'tdx'),
(1978, 'zh', '450000', '451400', '451481', '广西壮族自治区凭祥市', 'pxs');
INSERT INTO `town_table` (`ttId`, `country_code`, `province_code`, `city_code`, `town_code`, `town_name`, `town_py`) VALUES
(1979, 'zh', '460000', '460100', '460105', '海南省海口市秀英区', 'xyq'),
(1980, 'zh', '460000', '460100', '460106', '海南省海口市龙华区', 'lhq'),
(1981, 'zh', '460000', '460100', '460107', '海南省海口市琼山区', 'qsq'),
(1982, 'zh', '460000', '460100', '460108', '海南省海口市美兰区', 'mlq'),
(1983, 'zh', '460000', '469000', '469001', '海南省五指山市', 'wzss'),
(1984, 'zh', '460000', '469000', '469002', '海南省琼海市', 'qhs'),
(1985, 'zh', '460000', '469000', '469003', '海南省儋州市', 'dzs'),
(1986, 'zh', '460000', '469000', '469005', '海南省文昌市', 'wcs'),
(1987, 'zh', '460000', '469000', '469006', '海南省万宁市', 'wns'),
(1988, 'zh', '460000', '469000', '469007', '海南省东方市', 'dfs'),
(1989, 'zh', '460000', '469000', '469021', '海南省定安县', 'dax'),
(1990, 'zh', '460000', '469000', '469022', '海南省屯昌县', 'tcx'),
(1991, 'zh', '460000', '469000', '469023', '海南省澄迈县', 'cmx'),
(1992, 'zh', '460000', '469000', '469024', '海南省临高县', 'lgx'),
(1993, 'zh', '460000', '469000', '469025', '海南省白沙黎族自治县', 'bslzzzx'),
(1994, 'zh', '460000', '469000', '469026', '海南省昌江黎族自治县', 'cjlzzzx'),
(1995, 'zh', '460000', '469000', '469027', '海南省乐东黎族自治县', 'ldlzzzx'),
(1996, 'zh', '460000', '469000', '469028', '海南省陵水黎族自治县', 'lslzzzx'),
(1997, 'zh', '460000', '469000', '469029', '海南省保亭黎族苗族自治县', 'btlzmzzzx'),
(1998, 'zh', '460000', '469000', '469030', '海南省琼中黎族苗族自治县', 'qzlzmzzzx'),
(1999, 'zh', '460000', '469000', '469031', '海南省西沙群岛', 'xsqd'),
(2000, 'zh', '460000', '469000', '469032', '海南省南沙群岛', 'nsqd'),
(2001, 'zh', '460000', '469000', '469033', '海南省中沙群岛的岛礁及其海域', 'zsqdddjjqh'),
(2002, 'zh', '500000', '500100', '500101', '重庆市万州区', 'wzq'),
(2003, 'zh', '500000', '500100', '500102', '重庆市涪陵区', 'flq'),
(2004, 'zh', '500000', '500100', '500103', '重庆市渝中区', 'yzq'),
(2005, 'zh', '500000', '500100', '500104', '重庆市大渡口区', 'ddkq'),
(2006, 'zh', '500000', '500100', '500105', '重庆市江北区', 'jbq'),
(2007, 'zh', '500000', '500100', '500106', '重庆市沙坪坝区', 'spbq'),
(2008, 'zh', '500000', '500100', '500107', '重庆市九龙坡区', 'jlpq'),
(2009, 'zh', '500000', '500100', '500108', '重庆市南岸区', 'naq'),
(2010, 'zh', '500000', '500100', '500109', '重庆市北碚区', 'bbq'),
(2011, 'zh', '500000', '500100', '500110', '重庆市万盛区', 'wsq'),
(2012, 'zh', '500000', '500100', '500111', '重庆市双桥区', 'sqq'),
(2013, 'zh', '500000', '500100', '500112', '重庆市渝北区', 'ybq'),
(2014, 'zh', '500000', '500100', '500113', '重庆市巴南区', 'bnq'),
(2015, 'zh', '500000', '500100', '500114', '重庆市黔江区', 'qjq'),
(2016, 'zh', '500000', '500100', '500115', '重庆市长寿区', 'csq'),
(2017, 'zh', '500000', '500100', '500116', '重庆市江津区', 'jjq'),
(2018, 'zh', '500000', '500100', '500117', '重庆市合川区', 'hcq'),
(2019, 'zh', '500000', '500100', '500118', '重庆市永川区', 'ycq'),
(2020, 'zh', '500000', '500100', '500119', '重庆市南川区', 'ncq'),
(2021, 'zh', '500000', '500200', '500222', '重庆市綦江县', 'qjx'),
(2022, 'zh', '500000', '500200', '500223', '重庆市潼南县', 'tnx'),
(2023, 'zh', '500000', '500200', '500224', '重庆市铜梁县', 'tlx'),
(2024, 'zh', '500000', '500200', '500225', '重庆市大足县', 'dzx'),
(2025, 'zh', '500000', '500200', '500226', '重庆市荣昌县', 'rcx'),
(2026, 'zh', '500000', '500200', '500227', '重庆市璧山县', 'bsx'),
(2027, 'zh', '500000', '500200', '500228', '重庆市梁平县', 'lpx'),
(2028, 'zh', '500000', '500200', '500229', '重庆市城口县', 'ckx'),
(2029, 'zh', '500000', '500200', '500230', '重庆市丰都县', 'fdx'),
(2030, 'zh', '500000', '500200', '500231', '重庆市垫江县', 'djx'),
(2031, 'zh', '500000', '500200', '500232', '重庆市武隆县', 'wlx'),
(2032, 'zh', '500000', '500200', '500233', '重庆市忠 县', 'z x'),
(2033, 'zh', '500000', '500200', '500234', '重庆市开 县', 'k x'),
(2034, 'zh', '500000', '500200', '500235', '重庆市云阳县', 'yyx'),
(2035, 'zh', '500000', '500200', '500236', '重庆市奉节县', 'fjx'),
(2036, 'zh', '500000', '500200', '500237', '重庆市巫山县', 'wsx'),
(2037, 'zh', '500000', '500200', '500238', '重庆市巫溪县', 'wxx'),
(2038, 'zh', '500000', '500200', '500240', '重庆市石柱土家族自治县', 'sztjzzzx'),
(2039, 'zh', '500000', '500200', '500241', '重庆市秀山土家族苗族自治县', 'xstjzmzzzx'),
(2040, 'zh', '500000', '500200', '500242', '重庆市酉阳土家族苗族自治县', 'yytjzmzzzx'),
(2041, 'zh', '500000', '500200', '500243', '重庆市彭水苗族土家族自治县', 'psmztjzzzx'),
(2042, 'zh', '510000', '510100', '510104', '四川省成都市锦江区', 'jjq'),
(2043, 'zh', '510000', '510100', '510105', '四川省成都市青羊区', 'qyq'),
(2044, 'zh', '510000', '510100', '510106', '四川省成都市金牛区', 'jnq'),
(2045, 'zh', '510000', '510100', '510107', '四川省成都市武侯区', 'whq'),
(2046, 'zh', '510000', '510100', '510108', '四川省成都市成华区', 'chq'),
(2047, 'zh', '510000', '510100', '510112', '四川省成都市龙泉驿区', 'lqyq'),
(2048, 'zh', '510000', '510100', '510113', '四川省成都市青白江区', 'qbjq'),
(2049, 'zh', '510000', '510100', '510114', '四川省成都市新都区', 'xdq'),
(2050, 'zh', '510000', '510100', '510115', '四川省成都市温江区', 'wjq'),
(2051, 'zh', '510000', '510100', '510121', '四川省金堂县', 'jtx'),
(2052, 'zh', '510000', '510100', '510122', '四川省双流县', 'slx'),
(2053, 'zh', '510000', '510100', '510124', '四川省郫 县', 'p x'),
(2054, 'zh', '510000', '510100', '510129', '四川省大邑县', 'dyx'),
(2055, 'zh', '510000', '510100', '510131', '四川省蒲江县', 'pjx'),
(2056, 'zh', '510000', '510100', '510132', '四川省新津县', 'xjx'),
(2057, 'zh', '510000', '510100', '510181', '四川省都江堰市', 'djys'),
(2058, 'zh', '510000', '510100', '510182', '四川省彭州市', 'pzs'),
(2059, 'zh', '510000', '510100', '510183', '四川省邛崃市', 'qls'),
(2060, 'zh', '510000', '510100', '510184', '四川省崇州市', 'czs'),
(2061, 'zh', '510000', '510300', '510302', '四川省自贡市自流井区', 'zljq'),
(2062, 'zh', '510000', '510300', '510303', '四川省自贡市贡井区', 'gjq'),
(2063, 'zh', '510000', '510300', '510304', '四川省自贡市大安区', 'daq'),
(2064, 'zh', '510000', '510300', '510311', '四川省自贡市沿滩区', 'ytq'),
(2065, 'zh', '510000', '510300', '510321', '四川省荣 县', 'r x'),
(2066, 'zh', '510000', '510300', '510322', '四川省富顺县', 'fsx'),
(2067, 'zh', '510000', '510400', '510402', '四川省攀枝花市东 区', 'd q'),
(2068, 'zh', '510000', '510400', '510403', '四川省攀枝花市西 区', 'x q'),
(2069, 'zh', '510000', '510400', '510411', '四川省攀枝花市仁和区', 'rhq'),
(2070, 'zh', '510000', '510400', '510421', '四川省米易县', 'myx'),
(2071, 'zh', '510000', '510400', '510422', '四川省盐边县', 'ybx'),
(2072, 'zh', '510000', '510500', '510502', '四川省泸州市江阳区', 'jyq'),
(2073, 'zh', '510000', '510500', '510503', '四川省泸州市纳溪区', 'nxq'),
(2074, 'zh', '510000', '510500', '510504', '四川省泸州市龙马潭区', 'lmtq'),
(2075, 'zh', '510000', '510500', '510521', '四川省泸 县', 'l x'),
(2076, 'zh', '510000', '510500', '510522', '四川省合江县', 'hjx'),
(2077, 'zh', '510000', '510500', '510524', '四川省叙永县', 'xyx'),
(2078, 'zh', '510000', '510500', '510525', '四川省古蔺县', 'glx'),
(2079, 'zh', '510000', '510600', '510603', '四川省德阳市旌阳区', 'jyq'),
(2080, 'zh', '510000', '510600', '510623', '四川省中江县', 'zjx'),
(2081, 'zh', '510000', '510600', '510626', '四川省罗江县', 'ljx'),
(2082, 'zh', '510000', '510600', '510681', '四川省广汉市', 'ghs'),
(2083, 'zh', '510000', '510600', '510682', '四川省什邡市', 'sfs'),
(2084, 'zh', '510000', '510600', '510683', '四川省绵竹市', 'mzs'),
(2085, 'zh', '510000', '510700', '510703', '四川省绵阳市涪城区', 'fcq'),
(2086, 'zh', '510000', '510700', '510704', '四川省绵阳市游仙区', 'yxq'),
(2087, 'zh', '510000', '510700', '510722', '四川省三台县', 'stx'),
(2088, 'zh', '510000', '510700', '510723', '四川省盐亭县', 'ytx'),
(2089, 'zh', '510000', '510700', '510724', '四川省安 县', 'a x'),
(2090, 'zh', '510000', '510700', '510725', '四川省梓潼县', 'ztx'),
(2091, 'zh', '510000', '510700', '510726', '四川省北川羌族自治县', 'bcqzzzx'),
(2092, 'zh', '510000', '510700', '510727', '四川省平武县', 'pwx'),
(2093, 'zh', '510000', '510700', '510781', '四川省江油市', 'jys'),
(2094, 'zh', '510000', '510800', '510802', '四川省广元市市中区', 'szq'),
(2095, 'zh', '510000', '510800', '510811', '四川省广元市元坝区', 'ybq'),
(2096, 'zh', '510000', '510800', '510812', '四川省广元市朝天区', 'ctq'),
(2097, 'zh', '510000', '510800', '510821', '四川省旺苍县', 'wcx'),
(2098, 'zh', '510000', '510800', '510822', '四川省青川县', 'qcx'),
(2099, 'zh', '510000', '510800', '510823', '四川省剑阁县', 'jgx'),
(2100, 'zh', '510000', '510800', '510824', '四川省苍溪县', 'cxx'),
(2101, 'zh', '510000', '510900', '510903', '四川省遂宁市船山区', 'csq'),
(2102, 'zh', '510000', '510900', '510904', '四川省遂宁市安居区', 'ajq'),
(2103, 'zh', '510000', '510900', '510921', '四川省蓬溪县', 'pxx'),
(2104, 'zh', '510000', '510900', '510922', '四川省射洪县', 'shx'),
(2105, 'zh', '510000', '510900', '510923', '四川省大英县', 'dyx'),
(2106, 'zh', '510000', '511000', '511002', '四川省内江市市中区', 'szq'),
(2107, 'zh', '510000', '511000', '511011', '四川省内江市东兴区', 'dxq'),
(2108, 'zh', '510000', '511000', '511024', '四川省威远县', 'wyx'),
(2109, 'zh', '510000', '511000', '511025', '四川省资中县', 'zzx'),
(2110, 'zh', '510000', '511000', '511028', '四川省隆昌县', 'lcx'),
(2111, 'zh', '510000', '511100', '511102', '四川省乐山市市中区', 'szq'),
(2112, 'zh', '510000', '511100', '511111', '四川省乐山市沙湾区', 'swq'),
(2113, 'zh', '510000', '511100', '511112', '四川省乐山市五通桥区', 'wtqq'),
(2114, 'zh', '510000', '511100', '511113', '四川省乐山市金口河区', 'jkhq'),
(2115, 'zh', '510000', '511100', '511123', '四川省犍为县', 'jwx'),
(2116, 'zh', '510000', '511100', '511124', '四川省井研县', 'jyx'),
(2117, 'zh', '510000', '511100', '511126', '四川省夹江县', 'jjx'),
(2118, 'zh', '510000', '511100', '511129', '四川省沐川县', 'mcx'),
(2119, 'zh', '510000', '511100', '511132', '四川省峨边彝族自治县', 'ebyzzzx'),
(2120, 'zh', '510000', '511100', '511133', '四川省马边彝族自治县', 'mbyzzzx'),
(2121, 'zh', '510000', '511100', '511181', '四川省峨眉山市', 'emss'),
(2122, 'zh', '510000', '511300', '511302', '四川省南充市顺庆区', 'sqq'),
(2123, 'zh', '510000', '511300', '511303', '四川省南充市高坪区', 'gpq'),
(2124, 'zh', '510000', '511300', '511304', '四川省南充市嘉陵区', 'jlq'),
(2125, 'zh', '510000', '511300', '511321', '四川省南部县', 'nbx'),
(2126, 'zh', '510000', '511300', '511322', '四川省营山县', 'ysx'),
(2127, 'zh', '510000', '511300', '511323', '四川省蓬安县', 'pax'),
(2128, 'zh', '510000', '511300', '511324', '四川省仪陇县', 'ylx'),
(2129, 'zh', '510000', '511300', '511325', '四川省西充县', 'xcx'),
(2130, 'zh', '510000', '511300', '511381', '四川省阆中市', 'lzs'),
(2131, 'zh', '510000', '511400', '511402', '四川省眉山市东坡区', 'dpq'),
(2132, 'zh', '510000', '511400', '511421', '四川省仁寿县', 'rsx'),
(2133, 'zh', '510000', '511400', '511422', '四川省彭山县', 'psx'),
(2134, 'zh', '510000', '511400', '511423', '四川省洪雅县', 'hyx'),
(2135, 'zh', '510000', '511400', '511424', '四川省丹棱县', 'dlx'),
(2136, 'zh', '510000', '511400', '511425', '四川省青神县', 'qsx'),
(2137, 'zh', '510000', '511500', '511502', '四川省宜宾市翠屏区', 'cbq'),
(2138, 'zh', '510000', '511500', '511521', '四川省宜宾县', 'ybx'),
(2139, 'zh', '510000', '511500', '511522', '四川省南溪县', 'nxx'),
(2140, 'zh', '510000', '511500', '511523', '四川省江安县', 'jax'),
(2141, 'zh', '510000', '511500', '511524', '四川省长宁县', 'cnx'),
(2142, 'zh', '510000', '511500', '511525', '四川省高 县', 'g x'),
(2143, 'zh', '510000', '511500', '511526', '四川省珙 县', 'g x'),
(2144, 'zh', '510000', '511500', '511527', '四川省筠连县', 'jlx'),
(2145, 'zh', '510000', '511500', '511528', '四川省兴文县', 'xwx'),
(2146, 'zh', '510000', '511500', '511529', '四川省屏山县', 'bsx'),
(2147, 'zh', '510000', '511600', '511602', '四川省广安市广安区', 'gaq'),
(2148, 'zh', '510000', '511600', '511621', '四川省岳池县', 'ycx'),
(2149, 'zh', '510000', '511600', '511622', '四川省武胜县', 'wsx'),
(2150, 'zh', '510000', '511600', '511623', '四川省邻水县', 'lsx'),
(2151, 'zh', '510000', '511600', '511681', '四川省华蓥市', 'hys'),
(2152, 'zh', '510000', '511700', '511702', '四川省达州市通川区', 'tcq'),
(2153, 'zh', '510000', '511700', '511721', '四川省达 县', 'd x'),
(2154, 'zh', '510000', '511700', '511722', '四川省宣汉县', 'xhx'),
(2155, 'zh', '510000', '511700', '511723', '四川省开江县', 'kjx'),
(2156, 'zh', '510000', '511700', '511724', '四川省大竹县', 'dzx'),
(2157, 'zh', '510000', '511700', '511725', '四川省渠 县', 'q x'),
(2158, 'zh', '510000', '511700', '511781', '四川省万源市', 'wys'),
(2159, 'zh', '510000', '511800', '511802', '四川省雅安市雨城区', 'ycq'),
(2160, 'zh', '510000', '511800', '511821', '四川省名山县', 'msx'),
(2161, 'zh', '510000', '511800', '511822', '四川省荥经县', 'yjx'),
(2162, 'zh', '510000', '511800', '511823', '四川省汉源县', 'hyx'),
(2163, 'zh', '510000', '511800', '511824', '四川省石棉县', 'smx'),
(2164, 'zh', '510000', '511800', '511825', '四川省天全县', 'tqx'),
(2165, 'zh', '510000', '511800', '511826', '四川省芦山县', 'lsx'),
(2166, 'zh', '510000', '511800', '511827', '四川省宝兴县', 'bxx'),
(2167, 'zh', '510000', '511900', '511902', '四川省巴中市巴州区', 'bzq'),
(2168, 'zh', '510000', '511900', '511921', '四川省通江县', 'tjx'),
(2169, 'zh', '510000', '511900', '511922', '四川省南江县', 'njx'),
(2170, 'zh', '510000', '511900', '511923', '四川省平昌县', 'pcx'),
(2171, 'zh', '510000', '512000', '512002', '四川省资阳市雁江区', 'yjq'),
(2172, 'zh', '510000', '512000', '512021', '四川省安岳县', 'ayx'),
(2173, 'zh', '510000', '512000', '512022', '四川省乐至县', 'lzx'),
(2174, 'zh', '510000', '512000', '512081', '四川省简阳市', 'jys'),
(2175, 'zh', '510000', '513200', '513221', '四川省汶川县', 'wcx'),
(2176, 'zh', '510000', '513200', '513222', '四川省理 县', 'l x'),
(2177, 'zh', '510000', '513200', '513223', '四川省茂 县', 'm x'),
(2178, 'zh', '510000', '513200', '513224', '四川省松潘县', 'sbx'),
(2179, 'zh', '510000', '513200', '513225', '四川省九寨沟县', 'jzgx'),
(2180, 'zh', '510000', '513200', '513226', '四川省金川县', 'jcx'),
(2181, 'zh', '510000', '513200', '513227', '四川省小金县', 'xjx'),
(2182, 'zh', '510000', '513200', '513228', '四川省黑水县', 'hsx'),
(2183, 'zh', '510000', '513200', '513229', '四川省马尔康县', 'mekx'),
(2184, 'zh', '510000', '513200', '513230', '四川省壤塘县', 'rtx'),
(2185, 'zh', '510000', '513200', '513231', '四川省阿坝县', 'abx'),
(2186, 'zh', '510000', '513200', '513232', '四川省若尔盖县', 'regx'),
(2187, 'zh', '510000', '513200', '513233', '四川省红原县', 'hyx'),
(2188, 'zh', '510000', '513300', '513321', '四川省康定县', 'kdx'),
(2189, 'zh', '510000', '513300', '513322', '四川省泸定县', 'ldx'),
(2190, 'zh', '510000', '513300', '513323', '四川省丹巴县', 'dbx'),
(2191, 'zh', '510000', '513300', '513324', '四川省九龙县', 'jlx'),
(2192, 'zh', '510000', '513300', '513325', '四川省雅江县', 'yjx'),
(2193, 'zh', '510000', '513300', '513326', '四川省道孚县', 'dfx'),
(2194, 'zh', '510000', '513300', '513327', '四川省炉霍县', 'lhx'),
(2195, 'zh', '510000', '513300', '513328', '四川省甘孜县', 'gzx'),
(2196, 'zh', '510000', '513300', '513329', '四川省新龙县', 'xlx'),
(2197, 'zh', '510000', '513300', '513330', '四川省德格县', 'dgx'),
(2198, 'zh', '510000', '513300', '513331', '四川省白玉县', 'byx'),
(2199, 'zh', '510000', '513300', '513332', '四川省石渠县', 'sqx'),
(2200, 'zh', '510000', '513300', '513333', '四川省色达县', 'sdx'),
(2201, 'zh', '510000', '513300', '513334', '四川省理塘县', 'ltx'),
(2202, 'zh', '510000', '513300', '513335', '四川省巴塘县', 'btx'),
(2203, 'zh', '510000', '513300', '513336', '四川省乡城县', 'xcx'),
(2204, 'zh', '510000', '513300', '513337', '四川省稻城县', 'dcx'),
(2205, 'zh', '510000', '513300', '513338', '四川省得荣县', 'drx'),
(2206, 'zh', '510000', '513400', '513401', '四川省西昌市', 'xcs'),
(2207, 'zh', '510000', '513400', '513422', '四川省木里藏族自治县', 'mlczzzx'),
(2208, 'zh', '510000', '513400', '513423', '四川省盐源县', 'yyx'),
(2209, 'zh', '510000', '513400', '513424', '四川省德昌县', 'dcx'),
(2210, 'zh', '510000', '513400', '513425', '四川省会理县', 'hlx'),
(2211, 'zh', '510000', '513400', '513426', '四川省会东县', 'hdx'),
(2212, 'zh', '510000', '513400', '513427', '四川省宁南县', 'nnx'),
(2213, 'zh', '510000', '513400', '513428', '四川省普格县', 'pgx'),
(2214, 'zh', '510000', '513400', '513429', '四川省布拖县', 'btx'),
(2215, 'zh', '510000', '513400', '513430', '四川省金阳县', 'jyx'),
(2216, 'zh', '510000', '513400', '513431', '四川省昭觉县', 'zjx'),
(2217, 'zh', '510000', '513400', '513432', '四川省喜德县', 'xdx'),
(2218, 'zh', '510000', '513400', '513433', '四川省冕宁县', 'mnx'),
(2219, 'zh', '510000', '513400', '513434', '四川省越西县', 'yxx'),
(2220, 'zh', '510000', '513400', '513435', '四川省甘洛县', 'glx'),
(2221, 'zh', '510000', '513400', '513436', '四川省美姑县', 'mgx'),
(2222, 'zh', '510000', '513400', '513437', '四川省雷波县', 'lbx'),
(2223, 'zh', '520000', '520100', '520102', '贵州省贵阳市南明区', 'nmq'),
(2224, 'zh', '520000', '520100', '520103', '贵州省贵阳市云岩区', 'yyq'),
(2225, 'zh', '520000', '520100', '520111', '贵州省贵阳市花溪区', 'hxq'),
(2226, 'zh', '520000', '520100', '520112', '贵州省贵阳市乌当区', 'wdq'),
(2227, 'zh', '520000', '520100', '520113', '贵州省贵阳市白云区', 'byq'),
(2228, 'zh', '520000', '520100', '520114', '贵州省贵阳市小河区', 'xhq'),
(2229, 'zh', '520000', '520100', '520121', '贵州省开阳县', 'kyx'),
(2230, 'zh', '520000', '520100', '520122', '贵州省息烽县', 'xfx'),
(2231, 'zh', '520000', '520100', '520123', '贵州省修文县', 'xwx'),
(2232, 'zh', '520000', '520100', '520181', '贵州省清镇市', 'qzs'),
(2233, 'zh', '520000', '520200', '520201', '贵州省钟山区', 'zsq'),
(2234, 'zh', '520000', '520200', '520203', '贵州省六枝特区', 'lztq'),
(2235, 'zh', '520000', '520200', '520221', '贵州省水城县', 'scx'),
(2236, 'zh', '520000', '520200', '520222', '贵州省盘 县', 'p x'),
(2237, 'zh', '520000', '520300', '520302', '贵州省遵义市红花岗区', 'hhgq'),
(2238, 'zh', '520000', '520300', '520303', '贵州省遵义市汇川区', 'hcq'),
(2239, 'zh', '520000', '520300', '520321', '贵州省遵义县', 'zyx'),
(2240, 'zh', '520000', '520300', '520322', '贵州省桐梓县', 'tzx'),
(2241, 'zh', '520000', '520300', '520323', '贵州省绥阳县', 'syx'),
(2242, 'zh', '520000', '520300', '520324', '贵州省正安县', 'zax'),
(2243, 'zh', '520000', '520300', '520325', '贵州省道真仡佬族苗族自治县', 'dzylzmzzzx'),
(2244, 'zh', '520000', '520300', '520326', '贵州省务川仡佬族苗族自治县', 'wcylzmzzzx'),
(2245, 'zh', '520000', '520300', '520327', '贵州省凤冈县', 'fgx'),
(2246, 'zh', '520000', '520300', '520328', '贵州省湄潭县', 'mtx'),
(2247, 'zh', '520000', '520300', '520329', '贵州省余庆县', 'yqx'),
(2248, 'zh', '520000', '520300', '520330', '贵州省习水县', 'xsx'),
(2249, 'zh', '520000', '520300', '520381', '贵州省赤水市', 'css'),
(2250, 'zh', '520000', '520300', '520382', '贵州省仁怀市', 'rhs'),
(2251, 'zh', '520000', '520400', '520402', '贵州省安顺市西秀区', 'xxq'),
(2252, 'zh', '520000', '520400', '520421', '贵州省平坝县', 'pbx'),
(2253, 'zh', '520000', '520400', '520422', '贵州省普定县', 'pdx'),
(2254, 'zh', '520000', '520400', '520423', '贵州省镇宁布依族苗族自治县', 'znbyzmzzzx'),
(2255, 'zh', '520000', '520400', '520424', '贵州省关岭布依族苗族自治县', 'glbyzmzzzx'),
(2256, 'zh', '520000', '520400', '520425', '贵州省紫云苗族布依族自治县', 'zymzbyzzzx'),
(2257, 'zh', '520000', '522200', '522201', '贵州省铜仁市', 'trs'),
(2258, 'zh', '520000', '522200', '522222', '贵州省江口县', 'jkx'),
(2259, 'zh', '520000', '522200', '522223', '贵州省玉屏侗族自治县', 'ybdzzzx'),
(2260, 'zh', '520000', '522200', '522224', '贵州省石阡县', 'sqx'),
(2261, 'zh', '520000', '522200', '522225', '贵州省思南县', 'snx'),
(2262, 'zh', '520000', '522200', '522226', '贵州省印江土家族苗族自治县', 'yjtjzmzzzx'),
(2263, 'zh', '520000', '522200', '522227', '贵州省德江县', 'djx'),
(2264, 'zh', '520000', '522200', '522228', '贵州省沿河土家族自治县', 'yhtjzzzx'),
(2265, 'zh', '520000', '522200', '522229', '贵州省松桃苗族自治县', 'stmzzzx'),
(2266, 'zh', '520000', '522200', '522230', '贵州省万山特区', 'wstq'),
(2267, 'zh', '520000', '522300', '522301', '贵州省兴义市', 'xys'),
(2268, 'zh', '520000', '522300', '522322', '贵州省兴仁县', 'xrx'),
(2269, 'zh', '520000', '522300', '522323', '贵州省普安县', 'pax'),
(2270, 'zh', '520000', '522300', '522324', '贵州省晴隆县', 'qlx'),
(2271, 'zh', '520000', '522300', '522325', '贵州省贞丰县', 'zfx'),
(2272, 'zh', '520000', '522300', '522326', '贵州省望谟县', 'wmx'),
(2273, 'zh', '520000', '522300', '522327', '贵州省册亨县', 'chx'),
(2274, 'zh', '520000', '522300', '522328', '贵州省安龙县', 'alx'),
(2275, 'zh', '520000', '522400', '522401', '贵州省毕节市', 'bjs'),
(2276, 'zh', '520000', '522400', '522422', '贵州省大方县', 'dfx'),
(2277, 'zh', '520000', '522400', '522423', '贵州省黔西县', 'qxx'),
(2278, 'zh', '520000', '522400', '522424', '贵州省金沙县', 'jsx'),
(2279, 'zh', '520000', '522400', '522425', '贵州省织金县', 'zjx'),
(2280, 'zh', '520000', '522400', '522426', '贵州省纳雍县', 'nyx'),
(2281, 'zh', '520000', '522400', '522427', '贵州省威宁彝族回族苗族自治县', 'wnyzhzmzzz'),
(2282, 'zh', '520000', '522400', '522428', '贵州省赫章县', 'hzx'),
(2283, 'zh', '520000', '522600', '522601', '贵州省凯里市', 'kls'),
(2284, 'zh', '520000', '522600', '522622', '贵州省黄平县', 'hpx'),
(2285, 'zh', '520000', '522600', '522623', '贵州省施秉县', 'sbx'),
(2286, 'zh', '520000', '522600', '522624', '贵州省三穗县', 'ssx'),
(2287, 'zh', '520000', '522600', '522625', '贵州省镇远县', 'zyx'),
(2288, 'zh', '520000', '522600', '522626', '贵州省岑巩县', 'cgx'),
(2289, 'zh', '520000', '522600', '522627', '贵州省天柱县', 'tzx'),
(2290, 'zh', '520000', '522600', '522628', '贵州省锦屏县', 'jbx'),
(2291, 'zh', '520000', '522600', '522629', '贵州省剑河县', 'jhx'),
(2292, 'zh', '520000', '522600', '522630', '贵州省台江县', 'tjx'),
(2293, 'zh', '520000', '522600', '522631', '贵州省黎平县', 'lpx'),
(2294, 'zh', '520000', '522600', '522632', '贵州省榕江县', 'rjx'),
(2295, 'zh', '520000', '522600', '522633', '贵州省从江县', 'cjx'),
(2296, 'zh', '520000', '522600', '522634', '贵州省雷山县', 'lsx'),
(2297, 'zh', '520000', '522600', '522635', '贵州省麻江县', 'mjx'),
(2298, 'zh', '520000', '522600', '522636', '贵州省丹寨县', 'dzx'),
(2299, 'zh', '520000', '522700', '522701', '贵州省都匀市', 'dys'),
(2300, 'zh', '520000', '522700', '522702', '贵州省福泉市', 'fqs'),
(2301, 'zh', '520000', '522700', '522722', '贵州省荔波县', 'lbx'),
(2302, 'zh', '520000', '522700', '522723', '贵州省贵定县', 'gdx'),
(2303, 'zh', '520000', '522700', '522725', '贵州省瓮安县', 'wax'),
(2304, 'zh', '520000', '522700', '522726', '贵州省独山县', 'dsx'),
(2305, 'zh', '520000', '522700', '522727', '贵州省平塘县', 'ptx'),
(2306, 'zh', '520000', '522700', '522728', '贵州省罗甸县', 'ldx'),
(2307, 'zh', '520000', '522700', '522729', '贵州省长顺县', 'csx'),
(2308, 'zh', '520000', '522700', '522730', '贵州省龙里县', 'llx'),
(2309, 'zh', '520000', '522700', '522731', '贵州省惠水县', 'hsx'),
(2310, 'zh', '520000', '522700', '522732', '贵州省三都水族自治县', 'sdszzzx'),
(2311, 'zh', '530000', '530100', '530102', '云南省昆明市五华区', 'whq'),
(2312, 'zh', '530000', '530100', '530103', '云南省昆明市盘龙区', 'plq'),
(2313, 'zh', '530000', '530100', '530111', '云南省昆明市官渡区', 'gdq'),
(2314, 'zh', '530000', '530100', '530112', '云南省昆明市西山区', 'xsq'),
(2315, 'zh', '530000', '530100', '530113', '云南省昆明市东川区', 'dcq'),
(2316, 'zh', '530000', '530100', '530121', '云南省呈贡县', 'cgx'),
(2317, 'zh', '530000', '530100', '530122', '云南省晋宁县', 'jnx'),
(2318, 'zh', '530000', '530100', '530124', '云南省富民县', 'fmx'),
(2319, 'zh', '530000', '530100', '530125', '云南省宜良县', 'ylx'),
(2320, 'zh', '530000', '530100', '530126', '云南省石林彝族自治县', 'slyzzzx'),
(2321, 'zh', '530000', '530100', '530127', '云南省嵩明县', 'smx'),
(2322, 'zh', '530000', '530100', '530128', '云南省禄劝彝族苗族自治县', 'lqyzmzzzx'),
(2323, 'zh', '530000', '530100', '530129', '云南省寻甸回族彝族自治县', 'xdhzyzzzx'),
(2324, 'zh', '530000', '530100', '530181', '云南省安宁市', 'ans'),
(2325, 'zh', '530000', '530300', '530302', '云南省曲靖市麒麟区', 'qlq'),
(2326, 'zh', '530000', '530300', '530321', '云南省马龙县', 'mlx'),
(2327, 'zh', '530000', '530300', '530322', '云南省陆良县', 'llx'),
(2328, 'zh', '530000', '530300', '530323', '云南省师宗县', 'szx'),
(2329, 'zh', '530000', '530300', '530324', '云南省罗平县', 'lpx'),
(2330, 'zh', '530000', '530300', '530325', '云南省富源县', 'fyx'),
(2331, 'zh', '530000', '530300', '530326', '云南省会泽县', 'hzx'),
(2332, 'zh', '530000', '530300', '530328', '云南省沾益县', 'zyx'),
(2333, 'zh', '530000', '530300', '530381', '云南省宣威市', 'xws'),
(2334, 'zh', '530000', '530400', '530402', '云南省玉溪市红塔区', 'htq'),
(2335, 'zh', '530000', '530400', '530421', '云南省江川县', 'jcx'),
(2336, 'zh', '530000', '530400', '530422', '云南省澄江县', 'cjx'),
(2337, 'zh', '530000', '530400', '530423', '云南省通海县', 'thx'),
(2338, 'zh', '530000', '530400', '530424', '云南省华宁县', 'hnx'),
(2339, 'zh', '530000', '530400', '530425', '云南省易门县', 'ymx'),
(2340, 'zh', '530000', '530400', '530426', '云南省峨山彝族自治县', 'esyzzzx'),
(2341, 'zh', '530000', '530400', '530427', '云南省新平彝族傣族自治县', 'xpyzdzzzx'),
(2342, 'zh', '530000', '530400', '530428', '云南省元江哈尼族彝族傣族自治县', 'yjhnzyzdzz'),
(2343, 'zh', '530000', '530500', '530502', '云南省保山市隆阳区', 'lyq'),
(2344, 'zh', '530000', '530500', '530521', '云南省施甸县', 'sdx'),
(2345, 'zh', '530000', '530500', '530522', '云南省腾冲县', 'tcx'),
(2346, 'zh', '530000', '530500', '530523', '云南省龙陵县', 'llx'),
(2347, 'zh', '530000', '530500', '530524', '云南省昌宁县', 'cnx'),
(2348, 'zh', '530000', '530600', '530602', '云南省昭通市昭阳区', 'zyq'),
(2349, 'zh', '530000', '530600', '530621', '云南省鲁甸县', 'ldx'),
(2350, 'zh', '530000', '530600', '530622', '云南省巧家县', 'qjx'),
(2351, 'zh', '530000', '530600', '530623', '云南省盐津县', 'yjx'),
(2352, 'zh', '530000', '530600', '530624', '云南省大关县', 'dgx'),
(2353, 'zh', '530000', '530600', '530625', '云南省永善县', 'ysx'),
(2354, 'zh', '530000', '530600', '530626', '云南省绥江县', 'sjx'),
(2355, 'zh', '530000', '530600', '530627', '云南省镇雄县', 'zxx'),
(2356, 'zh', '530000', '530600', '530628', '云南省彝良县', 'ylx'),
(2357, 'zh', '530000', '530600', '530629', '云南省威信县', 'wxx'),
(2358, 'zh', '530000', '530600', '530630', '云南省水富县', 'sfx'),
(2359, 'zh', '530000', '530700', '530702', '云南省丽江市古城区', 'gcq'),
(2360, 'zh', '530000', '530700', '530721', '云南省玉龙纳西族自治县', 'ylnxzzzx'),
(2361, 'zh', '530000', '530700', '530722', '云南省永胜县', 'ysx'),
(2362, 'zh', '530000', '530700', '530723', '云南省华坪县', 'hpx'),
(2363, 'zh', '530000', '530700', '530724', '云南省宁蒗彝族自治县', 'nlyzzzx'),
(2364, 'zh', '530000', '530800', '530802', '云南省普洱市思茅区', 'smq'),
(2365, 'zh', '530000', '530800', '530821', '云南省宁洱哈尼族彝族自治县', 'nehnzyzzzx'),
(2366, 'zh', '530000', '530800', '530822', '云南省墨江哈尼族自治县', 'mjhnzzzx'),
(2367, 'zh', '530000', '530800', '530823', '云南省景东彝族自治县', 'jdyzzzx'),
(2368, 'zh', '530000', '530800', '530824', '云南省景谷傣族彝族自治县', 'jgdzyzzzx'),
(2369, 'zh', '530000', '530800', '530825', '云南省镇沅彝族哈尼族拉祜族自治县', 'zyyzhnzlhz'),
(2370, 'zh', '530000', '530800', '530826', '云南省江城哈尼族彝族自治县', 'jchnzyzzzx'),
(2371, 'zh', '530000', '530800', '530827', '云南省孟连傣族拉祜族佤族自治县', 'mldzlhzwzz'),
(2372, 'zh', '530000', '530800', '530828', '云南省澜沧拉祜族自治县', 'lclhzzzx'),
(2373, 'zh', '530000', '530800', '530829', '云南省西盟佤族自治县', 'xmwzzzx'),
(2374, 'zh', '530000', '530900', '530902', '云南省临沧市临翔区', 'lxq'),
(2375, 'zh', '530000', '530900', '530921', '云南省凤庆县', 'fqx'),
(2376, 'zh', '530000', '530900', '530922', '云南省云 县', 'y x'),
(2377, 'zh', '530000', '530900', '530923', '云南省永德县', 'ydx'),
(2378, 'zh', '530000', '530900', '530924', '云南省镇康县', 'zkx'),
(2379, 'zh', '530000', '530900', '530925', '云南省双江拉祜族佤族布朗族傣族自治县', 'sjlhzwzblz'),
(2380, 'zh', '530000', '530900', '530926', '云南省耿马傣族佤族自治县', 'gmdzwzzzx'),
(2381, 'zh', '530000', '530900', '530927', '云南省沧源佤族自治县', 'cywzzzx'),
(2382, 'zh', '530000', '532300', '532301', '云南省楚雄市', 'cxs'),
(2383, 'zh', '530000', '532300', '532322', '云南省双柏县', 'sbx'),
(2384, 'zh', '530000', '532300', '532323', '云南省牟定县', 'mdx'),
(2385, 'zh', '530000', '532300', '532324', '云南省南华县', 'nhx'),
(2386, 'zh', '530000', '532300', '532325', '云南省姚安县', 'yax'),
(2387, 'zh', '530000', '532300', '532326', '云南省大姚县', 'dyx'),
(2388, 'zh', '530000', '532300', '532327', '云南省永仁县', 'yrx'),
(2389, 'zh', '530000', '532300', '532328', '云南省元谋县', 'ymx'),
(2390, 'zh', '530000', '532300', '532329', '云南省武定县', 'wdx'),
(2391, 'zh', '530000', '532300', '532331', '云南省禄丰县', 'lfx'),
(2392, 'zh', '530000', '532500', '532501', '云南省个旧市', 'gjs'),
(2393, 'zh', '530000', '532500', '532502', '云南省开远市', 'kys'),
(2394, 'zh', '530000', '532500', '532522', '云南省蒙自县', 'mzx'),
(2395, 'zh', '530000', '532500', '532523', '云南省屏边苗族自治县', 'bbmzzzx'),
(2396, 'zh', '530000', '532500', '532524', '云南省建水县', 'jsx'),
(2397, 'zh', '530000', '532500', '532525', '云南省石屏县', 'sbx'),
(2398, 'zh', '530000', '532500', '532526', '云南省弥勒县', 'mlx'),
(2399, 'zh', '530000', '532500', '532527', '云南省泸西县', 'lxx'),
(2400, 'zh', '530000', '532500', '532528', '云南省元阳县', 'yyx'),
(2401, 'zh', '530000', '532500', '532529', '云南省红河县', 'hhx'),
(2402, 'zh', '530000', '532500', '532530', '云南省金平苗族瑶族傣族自治县', 'jpmzyzdzzz'),
(2403, 'zh', '530000', '532500', '532531', '云南省绿春县', 'lcx'),
(2404, 'zh', '530000', '532500', '532532', '云南省河口瑶族自治县', 'hkyzzzx'),
(2405, 'zh', '530000', '532600', '532621', '云南省文山县', 'wsx'),
(2406, 'zh', '530000', '532600', '532622', '云南省砚山县', 'ysx'),
(2407, 'zh', '530000', '532600', '532623', '云南省西畴县', 'xcx'),
(2408, 'zh', '530000', '532600', '532624', '云南省麻栗坡县', 'mlpx'),
(2409, 'zh', '530000', '532600', '532625', '云南省马关县', 'mgx'),
(2410, 'zh', '530000', '532600', '532626', '云南省丘北县', 'qbx'),
(2411, 'zh', '530000', '532600', '532627', '云南省广南县', 'gnx'),
(2412, 'zh', '530000', '532600', '532628', '云南省富宁县', 'fnx'),
(2413, 'zh', '530000', '532800', '532801', '云南省景洪市', 'jhs'),
(2414, 'zh', '530000', '532800', '532822', '云南省勐海县', 'mhx'),
(2415, 'zh', '530000', '532800', '532823', '云南省勐腊县', 'mlx'),
(2416, 'zh', '530000', '532900', '532901', '云南省大理市', 'dls'),
(2417, 'zh', '530000', '532900', '532922', '云南省漾濞彝族自治县', 'ybyzzzx'),
(2418, 'zh', '530000', '532900', '532923', '云南省祥云县', 'xyx'),
(2419, 'zh', '530000', '532900', '532924', '云南省宾川县', 'bcx'),
(2420, 'zh', '530000', '532900', '532925', '云南省弥渡县', 'mdx'),
(2421, 'zh', '530000', '532900', '532926', '云南省南涧彝族自治县', 'njyzzzx'),
(2422, 'zh', '530000', '532900', '532927', '云南省巍山彝族回族自治县', 'wsyzhzzzx'),
(2423, 'zh', '530000', '532900', '532928', '云南省永平县', 'ypx'),
(2424, 'zh', '530000', '532900', '532929', '云南省云龙县', 'ylx'),
(2425, 'zh', '530000', '532900', '532930', '云南省洱源县', 'eyx'),
(2426, 'zh', '530000', '532900', '532931', '云南省剑川县', 'jcx'),
(2427, 'zh', '530000', '532900', '532932', '云南省鹤庆县', 'hqx'),
(2428, 'zh', '530000', '533100', '533102', '云南省瑞丽市', 'rls'),
(2429, 'zh', '530000', '533100', '533103', '云南省潞西市', 'lxs'),
(2430, 'zh', '530000', '533100', '533122', '云南省梁河县', 'lhx'),
(2431, 'zh', '530000', '533100', '533123', '云南省盈江县', 'yjx'),
(2432, 'zh', '530000', '533100', '533124', '云南省陇川县', 'lcx'),
(2433, 'zh', '530000', '533300', '533321', '云南省泸水县', 'lsx'),
(2434, 'zh', '530000', '533300', '533323', '云南省福贡县', 'fgx'),
(2435, 'zh', '530000', '533300', '533324', '云南省贡山独龙族怒族自治县', 'gsdlznzzzx'),
(2436, 'zh', '530000', '533300', '533325', '云南省兰坪白族普米族自治县', 'lpbzpmzzzx'),
(2437, 'zh', '530000', '533400', '533421', '云南省香格里拉县', 'xgllx'),
(2438, 'zh', '530000', '533400', '533422', '云南省德钦县', 'dqx'),
(2439, 'zh', '530000', '533400', '533423', '云南省维西傈僳族自治县', 'wxlszzzx'),
(2440, 'zh', '540000', '540100', '540102', '西藏自治区拉萨市城关区', 'cgq'),
(2441, 'zh', '540000', '540100', '540121', '西藏自治区林周县', 'lzx'),
(2442, 'zh', '540000', '540100', '540122', '西藏自治区当雄县', 'dxx'),
(2443, 'zh', '540000', '540100', '540123', '西藏自治区尼木县', 'nmx'),
(2444, 'zh', '540000', '540100', '540124', '西藏自治区曲水县', 'qsx'),
(2445, 'zh', '540000', '540100', '540125', '西藏自治区堆龙德庆县', 'dldqx'),
(2446, 'zh', '540000', '540100', '540126', '西藏自治区达孜县', 'dzx'),
(2447, 'zh', '540000', '540100', '540127', '西藏自治区墨竹工卡县', 'mzgkx'),
(2448, 'zh', '540000', '542100', '542121', '西藏自治区昌都县', 'cdx'),
(2449, 'zh', '540000', '542100', '542122', '西藏自治区江达县', 'jdx'),
(2450, 'zh', '540000', '542100', '542123', '西藏自治区贡觉县', 'gjx'),
(2451, 'zh', '540000', '542100', '542124', '西藏自治区类乌齐县', 'lwqx'),
(2452, 'zh', '540000', '542100', '542125', '西藏自治区丁青县', 'dqx'),
(2453, 'zh', '540000', '542100', '542126', '西藏自治区察雅县', 'cyx'),
(2454, 'zh', '540000', '542100', '542127', '西藏自治区八宿县', 'bsx'),
(2455, 'zh', '540000', '542100', '542128', '西藏自治区左贡县', 'zgx'),
(2456, 'zh', '540000', '542100', '542129', '西藏自治区芒康县', 'mkx'),
(2457, 'zh', '540000', '542100', '542132', '西藏自治区洛隆县', 'llx'),
(2458, 'zh', '540000', '542100', '542133', '西藏自治区边坝县', 'bbx'),
(2459, 'zh', '540000', '542200', '542221', '西藏自治区乃东县', 'ndx'),
(2460, 'zh', '540000', '542200', '542222', '西藏自治区扎囊县', 'znx'),
(2461, 'zh', '540000', '542200', '542223', '西藏自治区贡嘎县', 'ggx'),
(2462, 'zh', '540000', '542200', '542224', '西藏自治区桑日县', 'srx'),
(2463, 'zh', '540000', '542200', '542225', '西藏自治区琼结县', 'qjx'),
(2464, 'zh', '540000', '542200', '542226', '西藏自治区曲松县', 'qsx'),
(2465, 'zh', '540000', '542200', '542227', '西藏自治区措美县', 'cmx'),
(2466, 'zh', '540000', '542200', '542228', '西藏自治区洛扎县', 'lzx'),
(2467, 'zh', '540000', '542200', '542229', '西藏自治区加查县', 'jcx'),
(2468, 'zh', '540000', '542200', '542231', '西藏自治区隆子县', 'lzx'),
(2469, 'zh', '540000', '542200', '542232', '西藏自治区错那县', 'cnx'),
(2470, 'zh', '540000', '542200', '542233', '西藏自治区浪卡子县', 'lkzx'),
(2471, 'zh', '540000', '542300', '542301', '西藏自治区日喀则市', 'rkzs'),
(2472, 'zh', '540000', '542300', '542322', '西藏自治区南木林县', 'nmlx'),
(2473, 'zh', '540000', '542300', '542323', '西藏自治区江孜县', 'jzx'),
(2474, 'zh', '540000', '542300', '542324', '西藏自治区定日县', 'drx'),
(2475, 'zh', '540000', '542300', '542325', '西藏自治区萨迦县', 'sjx'),
(2476, 'zh', '540000', '542300', '542326', '西藏自治区拉孜县', 'lzx'),
(2477, 'zh', '540000', '542300', '542327', '西藏自治区昂仁县', 'arx'),
(2478, 'zh', '540000', '542300', '542328', '西藏自治区谢通门县', 'xtmx'),
(2479, 'zh', '540000', '542300', '542329', '西藏自治区白朗县', 'blx'),
(2480, 'zh', '540000', '542300', '542330', '西藏自治区仁布县', 'rbx'),
(2481, 'zh', '540000', '542300', '542331', '西藏自治区康马县', 'kmx'),
(2482, 'zh', '540000', '542300', '542332', '西藏自治区定结县', 'djx'),
(2483, 'zh', '540000', '542300', '542333', '西藏自治区仲巴县', 'zbx'),
(2484, 'zh', '540000', '542300', '542334', '西藏自治区亚东县', 'ydx'),
(2485, 'zh', '540000', '542300', '542335', '西藏自治区吉隆县', 'jlx'),
(2486, 'zh', '540000', '542300', '542336', '西藏自治区聂拉木县', 'nlmx'),
(2487, 'zh', '540000', '542300', '542337', '西藏自治区萨嘎县', 'sgx'),
(2488, 'zh', '540000', '542300', '542338', '西藏自治区岗巴县', 'gbx'),
(2489, 'zh', '540000', '542400', '542421', '西藏自治区那曲县', 'nqx'),
(2490, 'zh', '540000', '542400', '542422', '西藏自治区嘉黎县', 'jlx'),
(2491, 'zh', '540000', '542400', '542423', '西藏自治区比如县', 'brx'),
(2492, 'zh', '540000', '542400', '542424', '西藏自治区聂荣县', 'nrx'),
(2493, 'zh', '540000', '542400', '542425', '西藏自治区安多县', 'adx'),
(2494, 'zh', '540000', '542400', '542426', '西藏自治区申扎县', 'szx'),
(2495, 'zh', '540000', '542400', '542427', '西藏自治区索 县', 's x'),
(2496, 'zh', '540000', '542400', '542428', '西藏自治区班戈县', 'bgx'),
(2497, 'zh', '540000', '542400', '542429', '西藏自治区巴青县', 'bqx'),
(2498, 'zh', '540000', '542400', '542430', '西藏自治区尼玛县', 'nmx'),
(2499, 'zh', '540000', '542500', '542521', '西藏自治区普兰县', 'plx'),
(2500, 'zh', '540000', '542500', '542522', '西藏自治区札达县', 'zdx'),
(2501, 'zh', '540000', '542500', '542523', '西藏自治区噶尔县', 'gex'),
(2502, 'zh', '540000', '542500', '542524', '西藏自治区日土县', 'rtx'),
(2503, 'zh', '540000', '542500', '542525', '西藏自治区革吉县', 'gjx'),
(2504, 'zh', '540000', '542500', '542526', '西藏自治区改则县', 'gzx'),
(2505, 'zh', '540000', '542500', '542527', '西藏自治区措勤县', 'cqx'),
(2506, 'zh', '540000', '542600', '542621', '西藏自治区林芝县', 'lzx'),
(2507, 'zh', '540000', '542600', '542622', '西藏自治区工布江达县', 'gbjdx'),
(2508, 'zh', '540000', '542600', '542623', '西藏自治区米林县', 'mlx'),
(2509, 'zh', '540000', '542600', '542624', '西藏自治区墨脱县', 'mtx'),
(2510, 'zh', '540000', '542600', '542625', '西藏自治区波密县', 'bmx'),
(2511, 'zh', '540000', '542600', '542626', '西藏自治区察隅县', 'cyx'),
(2512, 'zh', '540000', '542600', '542627', '西藏自治区朗 县', 'l x'),
(2513, 'zh', '610000', '610100', '610102', '陕西省西安市新城区', 'xcq'),
(2514, 'zh', '610000', '610100', '610103', '陕西省西安市碑林区', 'blq'),
(2515, 'zh', '610000', '610100', '610104', '陕西省西安市莲湖区', 'lhq'),
(2516, 'zh', '610000', '610100', '610111', '陕西省西安市灞桥区', 'bqq'),
(2517, 'zh', '610000', '610100', '610112', '陕西省西安市未央区', 'wyq'),
(2518, 'zh', '610000', '610100', '610113', '陕西省西安市雁塔区', 'ytq'),
(2519, 'zh', '610000', '610100', '610114', '陕西省西安市阎良区', 'ylq'),
(2520, 'zh', '610000', '610100', '610115', '陕西省西安市临潼区', 'ltq'),
(2521, 'zh', '610000', '610100', '610116', '陕西省西安市长安区', 'caq'),
(2522, 'zh', '610000', '610100', '610122', '陕西省蓝田县', 'ltx'),
(2523, 'zh', '610000', '610100', '610124', '陕西省周至县', 'zzx'),
(2524, 'zh', '610000', '610100', '610125', '陕西省户 县', 'h x'),
(2525, 'zh', '610000', '610100', '610126', '陕西省高陵县', 'glx'),
(2526, 'zh', '610000', '610200', '610202', '陕西省铜川市王益区', 'wyq'),
(2527, 'zh', '610000', '610200', '610203', '陕西省铜川市印台区', 'ytq'),
(2528, 'zh', '610000', '610200', '610204', '陕西省铜川市耀州区', 'yzq'),
(2529, 'zh', '610000', '610200', '610222', '陕西省宜君县', 'yjx'),
(2530, 'zh', '610000', '610300', '610302', '陕西省宝鸡市渭滨区', 'wbq'),
(2531, 'zh', '610000', '610300', '610303', '陕西省宝鸡市金台区', 'jtq'),
(2532, 'zh', '610000', '610300', '610304', '陕西省宝鸡市陈仓区', 'ccq'),
(2533, 'zh', '610000', '610300', '610322', '陕西省凤翔县', 'fxx'),
(2534, 'zh', '610000', '610300', '610323', '陕西省岐山县', 'qsx'),
(2535, 'zh', '610000', '610300', '610324', '陕西省扶风县', 'ffx'),
(2536, 'zh', '610000', '610300', '610326', '陕西省眉 县', 'm x'),
(2537, 'zh', '610000', '610300', '610327', '陕西省陇 县', 'l x'),
(2538, 'zh', '610000', '610300', '610328', '陕西省千阳县', 'qyx'),
(2539, 'zh', '610000', '610300', '610329', '陕西省麟游县', 'lyx'),
(2540, 'zh', '610000', '610300', '610330', '陕西省凤 县', 'f x'),
(2541, 'zh', '610000', '610300', '610331', '陕西省太白县', 'tbx'),
(2542, 'zh', '610000', '610400', '610402', '陕西省咸阳市秦都区', 'qdq'),
(2543, 'zh', '610000', '610400', '610403', '陕西省咸阳市杨凌区', 'ylq'),
(2544, 'zh', '610000', '610400', '610404', '陕西省咸阳市渭城区', 'wcq'),
(2545, 'zh', '610000', '610400', '610422', '陕西省三原县', 'syx'),
(2546, 'zh', '610000', '610400', '610423', '陕西省泾阳县', 'jyx'),
(2547, 'zh', '610000', '610400', '610424', '陕西省乾 县', 'q x'),
(2548, 'zh', '610000', '610400', '610425', '陕西省礼泉县', 'lqx'),
(2549, 'zh', '610000', '610400', '610426', '陕西省永寿县', 'ysx'),
(2550, 'zh', '610000', '610400', '610427', '陕西省彬 县', 'b x'),
(2551, 'zh', '610000', '610400', '610428', '陕西省长武县', 'cwx'),
(2552, 'zh', '610000', '610400', '610429', '陕西省旬邑县', 'xyx'),
(2553, 'zh', '610000', '610400', '610430', '陕西省淳化县', 'chx'),
(2554, 'zh', '610000', '610400', '610431', '陕西省武功县', 'wgx'),
(2555, 'zh', '610000', '610400', '610481', '陕西省兴平市', 'xps'),
(2556, 'zh', '610000', '610500', '610502', '陕西省渭南市临渭区', 'lwq'),
(2557, 'zh', '610000', '610500', '610521', '陕西省华 县', 'h x'),
(2558, 'zh', '610000', '610500', '610522', '陕西省潼关县', 'tgx'),
(2559, 'zh', '610000', '610500', '610523', '陕西省大荔县', 'dlx'),
(2560, 'zh', '610000', '610500', '610524', '陕西省合阳县', 'hyx'),
(2561, 'zh', '610000', '610500', '610525', '陕西省澄城县', 'ccx'),
(2562, 'zh', '610000', '610500', '610526', '陕西省蒲城县', 'pcx'),
(2563, 'zh', '610000', '610500', '610527', '陕西省白水县', 'bsx'),
(2564, 'zh', '610000', '610500', '610528', '陕西省富平县', 'fpx'),
(2565, 'zh', '610000', '610500', '610581', '陕西省韩城市', 'hcs'),
(2566, 'zh', '610000', '610500', '610582', '陕西省华阴市', 'hys'),
(2567, 'zh', '610000', '610600', '610602', '陕西省延安市宝塔区', 'btq'),
(2568, 'zh', '610000', '610600', '610621', '陕西省延长县', 'ycx'),
(2569, 'zh', '610000', '610600', '610622', '陕西省延川县', 'ycx'),
(2570, 'zh', '610000', '610600', '610623', '陕西省子长县', 'zcx'),
(2571, 'zh', '610000', '610600', '610624', '陕西省安塞县', 'asx'),
(2572, 'zh', '610000', '610600', '610625', '陕西省志丹县', 'zdx'),
(2573, 'zh', '610000', '610600', '610626', '陕西省吴起县', 'wqx'),
(2574, 'zh', '610000', '610600', '610627', '陕西省甘泉县', 'gqx'),
(2575, 'zh', '610000', '610600', '610628', '陕西省富 县', 'f x'),
(2576, 'zh', '610000', '610600', '610629', '陕西省洛川县', 'lcx'),
(2577, 'zh', '610000', '610600', '610630', '陕西省宜川县', 'ycx'),
(2578, 'zh', '610000', '610600', '610631', '陕西省黄龙县', 'hlx'),
(2579, 'zh', '610000', '610600', '610632', '陕西省黄陵县', 'hlx'),
(2580, 'zh', '610000', '610700', '610702', '陕西省汉中市汉台区', 'htq'),
(2581, 'zh', '610000', '610700', '610721', '陕西省南郑县', 'nzx'),
(2582, 'zh', '610000', '610700', '610722', '陕西省城固县', 'cgx'),
(2583, 'zh', '610000', '610700', '610723', '陕西省洋 县', 'y x'),
(2584, 'zh', '610000', '610700', '610724', '陕西省西乡县', 'xxx'),
(2585, 'zh', '610000', '610700', '610725', '陕西省勉 县', 'm x'),
(2586, 'zh', '610000', '610700', '610726', '陕西省宁强县', 'nqx'),
(2587, 'zh', '610000', '610700', '610727', '陕西省略阳县', 'lyx'),
(2588, 'zh', '610000', '610700', '610728', '陕西省镇巴县', 'zbx'),
(2589, 'zh', '610000', '610700', '610729', '陕西省留坝县', 'lbx'),
(2590, 'zh', '610000', '610700', '610730', '陕西省佛坪县', 'fpx'),
(2591, 'zh', '610000', '610800', '610802', '陕西省榆林市榆阳区', 'yyq'),
(2592, 'zh', '610000', '610800', '610821', '陕西省神木县', 'smx'),
(2593, 'zh', '610000', '610800', '610822', '陕西省府谷县', 'fgx'),
(2594, 'zh', '610000', '610800', '610823', '陕西省横山县', 'hsx'),
(2595, 'zh', '610000', '610800', '610824', '陕西省靖边县', 'jbx'),
(2596, 'zh', '610000', '610800', '610825', '陕西省定边县', 'dbx'),
(2597, 'zh', '610000', '610800', '610826', '陕西省绥德县', 'sdx'),
(2598, 'zh', '610000', '610800', '610827', '陕西省米脂县', 'mzx'),
(2599, 'zh', '610000', '610800', '610828', '陕西省佳 县', 'j x'),
(2600, 'zh', '610000', '610800', '610829', '陕西省吴堡县', 'wbx'),
(2601, 'zh', '610000', '610800', '610830', '陕西省清涧县', 'qjx'),
(2602, 'zh', '610000', '610800', '610831', '陕西省子洲县', 'zzx'),
(2603, 'zh', '610000', '610900', '610902', '陕西省安康市汉滨区', 'hbq'),
(2604, 'zh', '610000', '610900', '610921', '陕西省汉阴县', 'hyx'),
(2605, 'zh', '610000', '610900', '610922', '陕西省石泉县', 'sqx'),
(2606, 'zh', '610000', '610900', '610923', '陕西省宁陕县', 'nsx'),
(2607, 'zh', '610000', '610900', '610924', '陕西省紫阳县', 'zyx'),
(2608, 'zh', '610000', '610900', '610925', '陕西省岚皋县', 'lgx'),
(2609, 'zh', '610000', '610900', '610926', '陕西省平利县', 'plx'),
(2610, 'zh', '610000', '610900', '610927', '陕西省镇坪县', 'zpx'),
(2611, 'zh', '610000', '610900', '610928', '陕西省旬阳县', 'xyx'),
(2612, 'zh', '610000', '610900', '610929', '陕西省白河县', 'bhx'),
(2613, 'zh', '610000', '611000', '611002', '陕西省商洛市商州区', 'szq'),
(2614, 'zh', '610000', '611000', '611021', '陕西省洛南县', 'lnx'),
(2615, 'zh', '610000', '611000', '611022', '陕西省丹凤县', 'dfx'),
(2616, 'zh', '610000', '611000', '611023', '陕西省商南县', 'snx'),
(2617, 'zh', '610000', '611000', '611024', '陕西省山阳县', 'syx'),
(2618, 'zh', '610000', '611000', '611025', '陕西省镇安县', 'zax'),
(2619, 'zh', '610000', '611000', '611026', '陕西省柞水县', 'zsx'),
(2620, 'zh', '620000', '620100', '620102', '甘肃省兰州市城关区', 'cgq'),
(2621, 'zh', '620000', '620100', '620103', '甘肃省兰州市七里河区', 'qlhq'),
(2622, 'zh', '620000', '620100', '620104', '甘肃省兰州市西固区', 'xgq'),
(2623, 'zh', '620000', '620100', '620105', '甘肃省兰州市安宁区', 'anq'),
(2624, 'zh', '620000', '620100', '620111', '甘肃省兰州市红古区', 'hgq'),
(2625, 'zh', '620000', '620100', '620121', '甘肃省永登县', 'ydx'),
(2626, 'zh', '620000', '620100', '620122', '甘肃省皋兰县', 'glx'),
(2627, 'zh', '620000', '620100', '620123', '甘肃省榆中县', 'yzx'),
(2628, 'zh', '620000', '620300', '620302', '甘肃省金昌市金川区', 'jcq'),
(2629, 'zh', '620000', '620300', '620321', '甘肃省永昌县', 'ycx'),
(2630, 'zh', '620000', '620400', '620402', '甘肃省白银市白银区', 'byq'),
(2631, 'zh', '620000', '620400', '620403', '甘肃省白银市平川区', 'pcq'),
(2632, 'zh', '620000', '620400', '620421', '甘肃省靖远县', 'jyx'),
(2633, 'zh', '620000', '620400', '620422', '甘肃省会宁县', 'hnx'),
(2634, 'zh', '620000', '620400', '620423', '甘肃省景泰县', 'jtx'),
(2635, 'zh', '620000', '620500', '620502', '甘肃省天水市秦州区', 'qzq'),
(2636, 'zh', '620000', '620500', '620503', '甘肃省天水市麦积区', 'mjq'),
(2637, 'zh', '620000', '620500', '620521', '甘肃省清水县', 'qsx'),
(2638, 'zh', '620000', '620500', '620522', '甘肃省秦安县', 'qax'),
(2639, 'zh', '620000', '620500', '620523', '甘肃省甘谷县', 'ggx'),
(2640, 'zh', '620000', '620500', '620524', '甘肃省武山县', 'wsx'),
(2641, 'zh', '620000', '620500', '620525', '甘肃省张家川回族自治县', 'zjchzzzx');
INSERT INTO `town_table` (`ttId`, `country_code`, `province_code`, `city_code`, `town_code`, `town_name`, `town_py`) VALUES
(2642, 'zh', '620000', '620600', '620602', '甘肃省武威市凉州区', 'lzq'),
(2643, 'zh', '620000', '620600', '620621', '甘肃省民勤县', 'mqx'),
(2644, 'zh', '620000', '620600', '620622', '甘肃省古浪县', 'glx'),
(2645, 'zh', '620000', '620600', '620623', '甘肃省天祝藏族自治县', 'tzczzzx'),
(2646, 'zh', '620000', '620700', '620702', '甘肃省张掖市甘州区', 'gzq'),
(2647, 'zh', '620000', '620700', '620721', '甘肃省肃南裕固族自治县', 'snygzzzx'),
(2648, 'zh', '620000', '620700', '620722', '甘肃省民乐县', 'mlx'),
(2649, 'zh', '620000', '620700', '620723', '甘肃省临泽县', 'lzx'),
(2650, 'zh', '620000', '620700', '620724', '甘肃省高台县', 'gtx'),
(2651, 'zh', '620000', '620700', '620725', '甘肃省山丹县', 'sdx'),
(2652, 'zh', '620000', '620800', '620802', '甘肃省平凉市崆峒区', 'kdq'),
(2653, 'zh', '620000', '620800', '620821', '甘肃省泾川县', 'jcx'),
(2654, 'zh', '620000', '620800', '620822', '甘肃省灵台县', 'ltx'),
(2655, 'zh', '620000', '620800', '620823', '甘肃省崇信县', 'cxx'),
(2656, 'zh', '620000', '620800', '620824', '甘肃省华亭县', 'htx'),
(2657, 'zh', '620000', '620800', '620825', '甘肃省庄浪县', 'zlx'),
(2658, 'zh', '620000', '620800', '620826', '甘肃省静宁县', 'jnx'),
(2659, 'zh', '620000', '620900', '620902', '甘肃省酒泉市肃州区', 'szq'),
(2660, 'zh', '620000', '620900', '620921', '甘肃省金塔县', 'jtx'),
(2661, 'zh', '620000', '620900', '620922', '甘肃省瓜州县', 'gzx'),
(2662, 'zh', '620000', '620900', '620923', '甘肃省肃北蒙古族自治县', 'sbmgzzzx'),
(2663, 'zh', '620000', '620900', '620924', '甘肃省阿克塞哈萨克族自治县', 'akshskzzzx'),
(2664, 'zh', '620000', '620900', '620981', '甘肃省玉门市', 'yms'),
(2665, 'zh', '620000', '620900', '620982', '甘肃省敦煌市', 'dhs'),
(2666, 'zh', '620000', '621000', '621002', '甘肃省庆阳市西峰区', 'xfq'),
(2667, 'zh', '620000', '621000', '621021', '甘肃省庆城县', 'qcx'),
(2668, 'zh', '620000', '621000', '621022', '甘肃省环 县', 'h x'),
(2669, 'zh', '620000', '621000', '621023', '甘肃省华池县', 'hcx'),
(2670, 'zh', '620000', '621000', '621024', '甘肃省合水县', 'hsx'),
(2671, 'zh', '620000', '621000', '621025', '甘肃省正宁县', 'znx'),
(2672, 'zh', '620000', '621000', '621026', '甘肃省宁 县', 'n x'),
(2673, 'zh', '620000', '621000', '621027', '甘肃省镇原县', 'zyx'),
(2674, 'zh', '620000', '621100', '621102', '甘肃省定西市安定区', 'adq'),
(2675, 'zh', '620000', '621100', '621121', '甘肃省通渭县', 'twx'),
(2676, 'zh', '620000', '621100', '621122', '甘肃省陇西县', 'lxx'),
(2677, 'zh', '620000', '621100', '621123', '甘肃省渭源县', 'wyx'),
(2678, 'zh', '620000', '621100', '621124', '甘肃省临洮县', 'ltx'),
(2679, 'zh', '620000', '621100', '621125', '甘肃省漳 县', 'z x'),
(2680, 'zh', '620000', '621100', '621126', '甘肃省岷 县', 'm x'),
(2681, 'zh', '620000', '621200', '621202', '甘肃省陇南市武都区', 'wdq'),
(2682, 'zh', '620000', '621200', '621221', '甘肃省成 县', 'c x'),
(2683, 'zh', '620000', '621200', '621222', '甘肃省文 县', 'w x'),
(2684, 'zh', '620000', '621200', '621223', '甘肃省宕昌县', 'dcx'),
(2685, 'zh', '620000', '621200', '621224', '甘肃省康 县', 'k x'),
(2686, 'zh', '620000', '621200', '621225', '甘肃省西和县', 'xhx'),
(2687, 'zh', '620000', '621200', '621226', '甘肃省礼 县', 'l x'),
(2688, 'zh', '620000', '621200', '621227', '甘肃省徽 县', 'h x'),
(2689, 'zh', '620000', '621200', '621228', '甘肃省两当县', 'ldx'),
(2690, 'zh', '620000', '622900', '622901', '甘肃省临夏市', 'lxs'),
(2691, 'zh', '620000', '622900', '622921', '甘肃省临夏县', 'lxx'),
(2692, 'zh', '620000', '622900', '622922', '甘肃省康乐县', 'klx'),
(2693, 'zh', '620000', '622900', '622923', '甘肃省永靖县', 'yjx'),
(2694, 'zh', '620000', '622900', '622924', '甘肃省广河县', 'ghx'),
(2695, 'zh', '620000', '622900', '622925', '甘肃省和政县', 'hzx'),
(2696, 'zh', '620000', '622900', '622926', '甘肃省东乡族自治县', 'dxzzzx'),
(2697, 'zh', '620000', '622900', '622927', '甘肃省积石山保安族东乡族撒拉族自治县', 'jssbazdxzs'),
(2698, 'zh', '620000', '623000', '623001', '甘肃省合作市', 'hzs'),
(2699, 'zh', '620000', '623000', '623021', '甘肃省临潭县', 'ltx'),
(2700, 'zh', '620000', '623000', '623022', '甘肃省卓尼县', 'znx'),
(2701, 'zh', '620000', '623000', '623023', '甘肃省舟曲县', 'zqx'),
(2702, 'zh', '620000', '623000', '623024', '甘肃省迭部县', 'dbx'),
(2703, 'zh', '620000', '623000', '623025', '甘肃省玛曲县', 'mqx'),
(2704, 'zh', '620000', '623000', '623026', '甘肃省碌曲县', 'lqx'),
(2705, 'zh', '620000', '623000', '623027', '甘肃省夏河县', 'xhx'),
(2706, 'zh', '630000', '630100', '630102', '青海省西宁市城东区', 'cdq'),
(2707, 'zh', '630000', '630100', '630103', '青海省西宁市城中区', 'czq'),
(2708, 'zh', '630000', '630100', '630104', '青海省西宁市城西区', 'cxq'),
(2709, 'zh', '630000', '630100', '630105', '青海省西宁市城北区', 'cbq'),
(2710, 'zh', '630000', '630100', '630121', '青海省大通回族土族自治县', 'dthztzzzx'),
(2711, 'zh', '630000', '630100', '630122', '青海省湟中县', 'hzx'),
(2712, 'zh', '630000', '630100', '630123', '青海省湟源县', 'hyx'),
(2713, 'zh', '630000', '632100', '632121', '青海省平安县', 'pax'),
(2714, 'zh', '630000', '632100', '632122', '青海省民和回族土族自治县', 'mhhztzzzx'),
(2715, 'zh', '630000', '632100', '632123', '青海省乐都县', 'ldx'),
(2716, 'zh', '630000', '632100', '632126', '青海省互助土族自治县', 'hztzzzx'),
(2717, 'zh', '630000', '632100', '632127', '青海省化隆回族自治县', 'hlhzzzx'),
(2718, 'zh', '630000', '632100', '632128', '青海省循化撒拉族自治县', 'xhslzzzx'),
(2719, 'zh', '630000', '632200', '632221', '青海省门源回族自治县', 'myhzzzx'),
(2720, 'zh', '630000', '632200', '632222', '青海省祁连县', 'qlx'),
(2721, 'zh', '630000', '632200', '632223', '青海省海晏县', 'hyx'),
(2722, 'zh', '630000', '632200', '632224', '青海省刚察县', 'gcx'),
(2723, 'zh', '630000', '632300', '632321', '青海省同仁县', 'trx'),
(2724, 'zh', '630000', '632300', '632322', '青海省尖扎县', 'jzx'),
(2725, 'zh', '630000', '632300', '632323', '青海省泽库县', 'zkx'),
(2726, 'zh', '630000', '632300', '632324', '青海省河南蒙古族自治县', 'hnmgzzzx'),
(2727, 'zh', '630000', '632500', '632521', '青海省共和县', 'ghx'),
(2728, 'zh', '630000', '632500', '632522', '青海省同德县', 'tdx'),
(2729, 'zh', '630000', '632500', '632523', '青海省贵德县', 'gdx'),
(2730, 'zh', '630000', '632500', '632524', '青海省兴海县', 'xhx'),
(2731, 'zh', '630000', '632500', '632525', '青海省贵南县', 'gnx'),
(2732, 'zh', '630000', '632600', '632621', '青海省玛沁县', 'mqx'),
(2733, 'zh', '630000', '632600', '632622', '青海省班玛县', 'bmx'),
(2734, 'zh', '630000', '632600', '632623', '青海省甘德县', 'gdx'),
(2735, 'zh', '630000', '632600', '632624', '青海省达日县', 'drx'),
(2736, 'zh', '630000', '632600', '632625', '青海省久治县', 'jzx'),
(2737, 'zh', '630000', '632600', '632626', '青海省玛多县', 'mdx'),
(2738, 'zh', '630000', '632700', '632721', '青海省玉树县', 'ysx'),
(2739, 'zh', '630000', '632700', '632722', '青海省杂多县', 'zdx'),
(2740, 'zh', '630000', '632700', '632723', '青海省称多县', 'cdx'),
(2741, 'zh', '630000', '632700', '632724', '青海省治多县', 'zdx'),
(2742, 'zh', '630000', '632700', '632725', '青海省囊谦县', 'nqx'),
(2743, 'zh', '630000', '632700', '632726', '青海省曲麻莱县', 'qmlx'),
(2744, 'zh', '630000', '632800', '632801', '青海省格尔木市', 'gems'),
(2745, 'zh', '630000', '632800', '632802', '青海省德令哈市', 'dlhs'),
(2746, 'zh', '630000', '632800', '632821', '青海省乌兰县', 'wlx'),
(2747, 'zh', '630000', '632800', '632822', '青海省都兰县', 'dlx'),
(2748, 'zh', '630000', '632800', '632823', '青海省天峻县', 'tjx'),
(2749, 'zh', '640000', '640100', '640104', '宁夏回族自治区银川市兴庆区', 'xqq'),
(2750, 'zh', '640000', '640100', '640105', '宁夏回族自治区银川市西夏区', 'xxq'),
(2751, 'zh', '640000', '640100', '640106', '宁夏回族自治区银川市金凤区', 'jfq'),
(2752, 'zh', '640000', '640100', '640121', '宁夏回族自治区永宁县', 'ynx'),
(2753, 'zh', '640000', '640100', '640122', '宁夏回族自治区贺兰县', 'hlx'),
(2754, 'zh', '640000', '640100', '640181', '宁夏回族自治区灵武市', 'lws'),
(2755, 'zh', '640000', '640200', '640202', '宁夏回族自治区石嘴山市大武口区', 'dwkq'),
(2756, 'zh', '640000', '640200', '640205', '宁夏回族自治区石嘴山市惠农区', 'hnq'),
(2757, 'zh', '640000', '640200', '640221', '宁夏回族自治区平罗县', 'plx'),
(2758, 'zh', '640000', '640300', '640302', '宁夏回族自治区吴忠市利通区', 'ltq'),
(2759, 'zh', '640000', '640300', '640323', '宁夏回族自治区盐池县', 'ycx'),
(2760, 'zh', '640000', '640300', '640324', '宁夏回族自治区同心县', 'txx'),
(2761, 'zh', '640000', '640300', '640381', '宁夏回族自治区青铜峡市', 'qtxs'),
(2762, 'zh', '640000', '640400', '640402', '宁夏回族自治区固原市原州区', 'yzq'),
(2763, 'zh', '640000', '640400', '640422', '宁夏回族自治区西吉县', 'xjx'),
(2764, 'zh', '640000', '640400', '640423', '宁夏回族自治区隆德县', 'ldx'),
(2765, 'zh', '640000', '640400', '640424', '宁夏回族自治区泾源县', 'jyx'),
(2766, 'zh', '640000', '640400', '640425', '宁夏回族自治区彭阳县', 'pyx'),
(2767, 'zh', '640000', '640500', '640502', '宁夏回族自治区中卫市沙坡头区', 'sptq'),
(2768, 'zh', '640000', '640500', '640521', '宁夏回族自治区中宁县', 'znx'),
(2769, 'zh', '640000', '640500', '640522', '宁夏回族自治区海原县', 'hyx'),
(2770, 'zh', '650000', '650100', '650102', '新疆维吾尔自治区乌鲁木齐市天山区', 'tsq'),
(2771, 'zh', '650000', '650100', '650103', '新疆维吾尔自治区乌鲁木齐市沙依巴克区', 'sybkq'),
(2772, 'zh', '650000', '650100', '650104', '新疆维吾尔自治区乌鲁木齐市新市区', 'xsq'),
(2773, 'zh', '650000', '650100', '650105', '新疆维吾尔自治区乌鲁木齐市水磨沟区', 'smgq'),
(2774, 'zh', '650000', '650100', '650106', '新疆维吾尔自治区乌鲁木齐市头屯河区', 'tthq'),
(2775, 'zh', '650000', '650100', '650107', '新疆维吾尔自治区乌鲁木齐市达坂城区', 'dbcq'),
(2776, 'zh', '650000', '650100', '650109', '新疆维吾尔自治区乌鲁木齐市米东区', 'mdq'),
(2777, 'zh', '650000', '650100', '650121', '新疆维吾尔自治区乌鲁木齐县', 'wlmqx'),
(2778, 'zh', '650000', '650200', '650202', '新疆维吾尔自治区克拉玛依市独山子区', 'dszq'),
(2779, 'zh', '650000', '650200', '650203', '新疆维吾尔自治区克拉玛依市克拉玛依区', 'klmyq'),
(2780, 'zh', '650000', '650200', '650204', '新疆维吾尔自治区克拉玛依市白碱滩区', 'bjtq'),
(2781, 'zh', '650000', '650200', '650205', '新疆维吾尔自治区克拉玛依市乌尔禾区', 'wehq'),
(2782, 'zh', '650000', '652100', '652101', '新疆维吾尔自治区吐鲁番市', 'tlfs'),
(2783, 'zh', '650000', '652100', '652122', '新疆维吾尔自治区鄯善县', 'ssx'),
(2784, 'zh', '650000', '652100', '652123', '新疆维吾尔自治区托克逊县', 'tkxx'),
(2785, 'zh', '650000', '652200', '652201', '新疆维吾尔自治区哈密市', 'hms'),
(2786, 'zh', '650000', '652200', '652222', '新疆维吾尔自治区巴里坤哈萨克自治县', 'blkhskzzx'),
(2787, 'zh', '650000', '652200', '652223', '新疆维吾尔自治区伊吾县', 'ywx'),
(2788, 'zh', '650000', '652300', '652301', '新疆维吾尔自治区昌吉市', 'cjs'),
(2789, 'zh', '650000', '652300', '652302', '新疆维吾尔自治区阜康市', 'fks'),
(2790, 'zh', '650000', '652300', '652323', '新疆维吾尔自治区呼图壁县', 'htbx'),
(2791, 'zh', '650000', '652300', '652324', '新疆维吾尔自治区玛纳斯县', 'mnsx'),
(2792, 'zh', '650000', '652300', '652325', '新疆维吾尔自治区奇台县', 'qtx'),
(2793, 'zh', '650000', '652300', '652327', '新疆维吾尔自治区吉木萨尔县', 'jmsex'),
(2794, 'zh', '650000', '652300', '652328', '新疆维吾尔自治区木垒哈萨克自治县', 'mlhskzzx'),
(2795, 'zh', '650000', '652700', '652701', '新疆维吾尔自治区博乐市', 'bls'),
(2796, 'zh', '650000', '652700', '652722', '新疆维吾尔自治区精河县', 'jhx'),
(2797, 'zh', '650000', '652700', '652723', '新疆维吾尔自治区温泉县', 'wqx'),
(2798, 'zh', '650000', '652800', '652801', '新疆维吾尔自治区库尔勒市', 'kels'),
(2799, 'zh', '650000', '652800', '652822', '新疆维吾尔自治区轮台县', 'ltx'),
(2800, 'zh', '650000', '652800', '652823', '新疆维吾尔自治区尉犁县', 'wlx'),
(2801, 'zh', '650000', '652800', '652824', '新疆维吾尔自治区若羌县', 'rqx'),
(2802, 'zh', '650000', '652800', '652825', '新疆维吾尔自治区且末县', 'qmx'),
(2803, 'zh', '650000', '652800', '652826', '新疆维吾尔自治区焉耆回族自治县', 'yqhzzzx'),
(2804, 'zh', '650000', '652800', '652827', '新疆维吾尔自治区和静县', 'hjx'),
(2805, 'zh', '650000', '652800', '652828', '新疆维吾尔自治区和硕县', 'hsx'),
(2806, 'zh', '650000', '652800', '652829', '新疆维吾尔自治区博湖县', 'bhx'),
(2807, 'zh', '650000', '652900', '652901', '新疆维吾尔自治区阿克苏市', 'akss'),
(2808, 'zh', '650000', '652900', '652922', '新疆维吾尔自治区温宿县', 'wsx'),
(2809, 'zh', '650000', '652900', '652923', '新疆维吾尔自治区库车县', 'kcx'),
(2810, 'zh', '650000', '652900', '652924', '新疆维吾尔自治区沙雅县', 'syx'),
(2811, 'zh', '650000', '652900', '652925', '新疆维吾尔自治区新和县', 'xhx'),
(2812, 'zh', '650000', '652900', '652926', '新疆维吾尔自治区拜城县', 'bcx'),
(2813, 'zh', '650000', '652900', '652927', '新疆维吾尔自治区乌什县', 'wsx'),
(2814, 'zh', '650000', '652900', '652928', '新疆维吾尔自治区阿瓦提县', 'awtx'),
(2815, 'zh', '650000', '652900', '652929', '新疆维吾尔自治区柯坪县', 'kpx'),
(2816, 'zh', '650000', '653000', '653001', '新疆维吾尔自治区阿图什市', 'atss'),
(2817, 'zh', '650000', '653000', '653022', '新疆维吾尔自治区阿克陶县', 'aktx'),
(2818, 'zh', '650000', '653000', '653023', '新疆维吾尔自治区阿合奇县', 'ahqx'),
(2819, 'zh', '650000', '653000', '653024', '新疆维吾尔自治区乌恰县', 'wqx'),
(2820, 'zh', '650000', '653100', '653101', '新疆维吾尔自治区喀什市', 'kss'),
(2821, 'zh', '650000', '653100', '653121', '新疆维吾尔自治区疏附县', 'sfx'),
(2822, 'zh', '650000', '653100', '653122', '新疆维吾尔自治区疏勒县', 'slx'),
(2823, 'zh', '650000', '653100', '653123', '新疆维吾尔自治区英吉沙县', 'yjsx'),
(2824, 'zh', '650000', '653100', '653124', '新疆维吾尔自治区泽普县', 'zpx'),
(2825, 'zh', '650000', '653100', '653125', '新疆维吾尔自治区莎车县', 'scx'),
(2826, 'zh', '650000', '653100', '653126', '新疆维吾尔自治区叶城县', 'ycx'),
(2827, 'zh', '650000', '653100', '653127', '新疆维吾尔自治区麦盖提县', 'mgtx'),
(2828, 'zh', '650000', '653100', '653128', '新疆维吾尔自治区岳普湖县', 'yphx'),
(2829, 'zh', '650000', '653100', '653129', '新疆维吾尔自治区伽师县', 'gsx'),
(2830, 'zh', '650000', '653100', '653130', '新疆维吾尔自治区巴楚县', 'bcx'),
(2831, 'zh', '650000', '653100', '653131', '新疆维吾尔自治区塔什库尔干塔吉克自治县', 'tskegtjkzz'),
(2832, 'zh', '650000', '653200', '653201', '新疆维吾尔自治区和田市', 'hts'),
(2833, 'zh', '650000', '653200', '653221', '新疆维吾尔自治区和田县', 'htx'),
(2834, 'zh', '650000', '653200', '653222', '新疆维吾尔自治区墨玉县', 'myx'),
(2835, 'zh', '650000', '653200', '653223', '新疆维吾尔自治区皮山县', 'psx'),
(2836, 'zh', '650000', '653200', '653224', '新疆维吾尔自治区洛浦县', 'lpx'),
(2837, 'zh', '650000', '653200', '653225', '新疆维吾尔自治区策勒县', 'clx'),
(2838, 'zh', '650000', '653200', '653226', '新疆维吾尔自治区于田县', 'ytx'),
(2839, 'zh', '650000', '653200', '653227', '新疆维吾尔自治区民丰县', 'mfx'),
(2840, 'zh', '650000', '654000', '654002', '新疆维吾尔自治区伊宁市', 'yns'),
(2841, 'zh', '650000', '654000', '654003', '新疆维吾尔自治区奎屯市', 'kts'),
(2842, 'zh', '650000', '654000', '654021', '新疆维吾尔自治区伊宁县', 'ynx'),
(2843, 'zh', '650000', '654000', '654022', '新疆维吾尔自治区察布查尔锡伯自治县', 'cbcexbzzx'),
(2844, 'zh', '650000', '654000', '654023', '新疆维吾尔自治区霍城县', 'hcx'),
(2845, 'zh', '650000', '654000', '654024', '新疆维吾尔自治区巩留县', 'glx'),
(2846, 'zh', '650000', '654000', '654025', '新疆维吾尔自治区新源县', 'xyx'),
(2847, 'zh', '650000', '654000', '654026', '新疆维吾尔自治区昭苏县', 'zsx'),
(2848, 'zh', '650000', '654000', '654027', '新疆维吾尔自治区特克斯县', 'tksx'),
(2849, 'zh', '650000', '654000', '654028', '新疆维吾尔自治区尼勒克县', 'nlkx'),
(2850, 'zh', '650000', '654200', '654201', '新疆维吾尔自治区塔城市', 'tcs'),
(2851, 'zh', '650000', '654200', '654202', '新疆维吾尔自治区乌苏市', 'wss'),
(2852, 'zh', '650000', '654200', '654221', '新疆维吾尔自治区额敏县', 'emx'),
(2853, 'zh', '650000', '654200', '654223', '新疆维吾尔自治区沙湾县', 'swx'),
(2854, 'zh', '650000', '654200', '654224', '新疆维吾尔自治区托里县', 'tlx'),
(2855, 'zh', '650000', '654200', '654225', '新疆维吾尔自治区裕民县', 'ymx'),
(2856, 'zh', '650000', '654200', '654226', '新疆维吾尔自治区和布克赛尔蒙古自治县', 'hbksemgzzx'),
(2857, 'zh', '650000', '654300', '654301', '新疆维吾尔自治区阿勒泰市', 'alts'),
(2858, 'zh', '650000', '654300', '654321', '新疆维吾尔自治区布尔津县', 'bejx'),
(2859, 'zh', '650000', '654300', '654322', '新疆维吾尔自治区富蕴县', 'fyx'),
(2860, 'zh', '650000', '654300', '654323', '新疆维吾尔自治区福海县', 'fhx'),
(2861, 'zh', '650000', '654300', '654324', '新疆维吾尔自治区哈巴河县', 'hbhx'),
(2862, 'zh', '650000', '654300', '654325', '新疆维吾尔自治区青河县', 'qhx'),
(2863, 'zh', '650000', '654300', '654326', '新疆维吾尔自治区吉木乃县', 'jmnx'),
(2864, 'zh', '650000', '659000', '659001', '新疆维吾尔自治区石河子市', 'shzs'),
(2865, 'zh', '650000', '659000', '659002', '新疆维吾尔自治区阿拉尔市', 'ales'),
(2866, 'zh', '650000', '659000', '659003', '新疆维吾尔自治区图木舒克市', 'tmsks'),
(2867, 'zh', '650000', '659000', '659004', '新疆维吾尔自治区五家渠市', 'wjqs');

-- --------------------------------------------------------

--
-- 表的结构 `user`
--

DROP TABLE IF EXISTS `user`;
CREATE TABLE IF NOT EXISTS `user` (
`uId` int(11) NOT NULL,
  `username` varchar(50) NOT NULL,
  `passwd` varchar(100) NOT NULL,
  `email` varchar(50) NOT NULL,
  `langCode` varchar(10) NOT NULL,
  `gender` int(11) NOT NULL,
  `birthday` varchar(20) NOT NULL,
  `permission` int(11) NOT NULL DEFAULT '0',
  `subpic` int(11) DEFAULT '0',
  `nickname` varchar(255) NOT NULL,
  `createTime` datetime DEFAULT NULL,
  `qq` varchar(64) NOT NULL,
  `weibo` varchar(64) NOT NULL,
  `realname` varchar(128) DEFAULT '',
  `age` int(11) DEFAULT '0',
  `address` varchar(128) DEFAULT '',
  `address_now` varchar(128) DEFAULT '',
  `tel` varchar(16) DEFAULT '',
  `school` varchar(128) DEFAULT '',
  `description` varchar(16) DEFAULT '',
  `tag` varchar(256) DEFAULT '',
  `avatar` varchar(128) DEFAULT '',
  `ifcollect` tinyint(4) DEFAULT '0'
) ENGINE=MyISAM  DEFAULT CHARSET=utf8 AUTO_INCREMENT=89 ;

--
-- 转存表中的数据 `user`
--

INSERT INTO `user` (`uId`, `username`, `passwd`, `email`, `langCode`, `gender`, `birthday`, `permission`, `subpic`, `nickname`, `createTime`, `qq`, `weibo`, `realname`, `age`, `address`, `address_now`, `tel`, `school`, `description`, `tag`, `avatar`, `ifcollect`) VALUES
(1, 'test', 'e10adc3949ba59abbe56e057f20f883e', 'test@gmail.com', 'zh', 1, '1980-01-08', 1, 3, '妮妮', NULL, '222222', '', '一一', 23, '家乡城市', '现居城市', '233333', '毕业院校', '简介简介', ' 游泳 水上运动 跑步 钓鱼', 'xiugai_tp_010.png', 1),
(76, 'heeh', 'e10adc3949ba59abbe56e057f20f883e', 'dawan-252288924@163.com', 'zh', 0, '2014-12-15', 0, 4, '开开', NULL, '555555', '', '心心', 0, '山东', '山东', '2323555', '学习', '的', ' 户外山地运动 钓鱼 健身运动', 'xiugai_tp_007.png', 0),
(77, 'test123', 'e10adc3949ba59abbe56e057f20f883e', 'dawan_252288924@163.com', 'zh', 1, '2014-11-04', 0, 2, '', NULL, '', '', '', 0, '', '', '', '', '', '', '', 0),
(78, '2222', 'e3ceb5881a0a1fdaad01296d7554868d', 'dawan2_252288924@163.com', '', 0, '', 0, 0, '', NULL, '', '', '', 0, '', '', '', '', '', '', '', 0),
(79, '22222', 'e3ceb5881a0a1fdaad01296d7554868d', 'dawan22_252288924@163.com', '', 0, '', 0, 0, '', NULL, '', '', '', 0, '', '', '', '', '', '', '', 0),
(80, '222222', 'e3ceb5881a0a1fdaad01296d7554868d', 'dawan2_2522288924@163.com', '', 0, '', 0, 0, '', NULL, '', '', '', 0, '', '', '', '', '', '', '', 0),
(81, '3333', '1a100d2c0dab19c4430e7d73762b3423', 'dawan3_252288924@163.com', '', 0, '', 0, 0, '', NULL, '', '', '', 0, '', '', '', '', '', '', '', 0),
(82, '3434', 'e1064a500b2640ff0a74439f1758c6aa', 'daw4an_252288924@163.com', '', 0, '', 0, 0, '', NULL, '', '', '', 0, '', '', '', '', '', '', '', 0),
(83, 'wewe', '1365ffade9f5af7deaa2856389c966f4', 'daewan2_252288924@163.com', '', 0, '', 0, 0, '', NULL, '', '', '', 0, '', '', '', '', '', '', '', 0),
(84, '322323', '9120163167c05aed85f30bf88495bd89', 'dawan_2532288924@163.com', '', 0, '', 0, 0, '', NULL, '', '', '', 0, '', '', '', '', '', '', '', 0),
(85, '376654749', 'f7761af57063c537c506758a5a4ff7aa', '376654749@qq.com', 'zh', 1, '', 0, 0, '', NULL, '', '', '', 0, '', '', '', '', '', '', 'xiugai_tp_012.png', 0),
(86, 'nini', 'e10adc3949ba59abbe56e057f20f883e', 'dawan22_2522ee889224@163.com', '', 0, '', 0, 0, '', '2014-12-14 17:11:36', '22', '33', '', 0, '', '', '', '', '', '', '', 0),
(87, 'burley', 'c0eefcc4aa0238cf47e17badb6a44a1f', 'burley.wang@139.com', '', 0, '', 0, 0, '', '2014-12-15 16:20:13', '517971901', 'keepclear', '', 0, '', '', '', '', '', '', '', 1),
(88, 'zhangsff', 'e10adc3949ba59abbe56e057f20f883e', 'kk@kk.com', '', 0, '', 0, 0, '', '2014-12-16 13:00:14', '', '', '', 0, '', '', '', '', '', '', '', 0);

-- --------------------------------------------------------

--
-- 表的结构 `useraccount`
--

DROP TABLE IF EXISTS `useraccount`;
CREATE TABLE IF NOT EXISTS `useraccount` (
`uaId` int(11) NOT NULL,
  `uId` int(11) NOT NULL,
  `account` varchar(50) DEFAULT NULL,
  `stId` int(11) NOT NULL,
  `is_visible` int(11) DEFAULT NULL
) ENGINE=MyISAM  DEFAULT CHARSET=utf8 AUTO_INCREMENT=107 ;

--
-- 转存表中的数据 `useraccount`
--

INSERT INTO `useraccount` (`uaId`, `uId`, `account`, `stId`, `is_visible`) VALUES
(87, 1, 'test@gmail.com', 12, NULL),
(94, 76, 'dawan-252288924@163.com', 12, NULL),
(95, 77, 'dawan_252288924@163.com', 12, NULL),
(96, 78, 'dawan2_252288924@163.com', 12, NULL),
(97, 79, 'dawan22_252288924@163.com', 12, NULL),
(98, 80, 'dawan2_2522288924@163.com', 12, NULL),
(99, 81, 'dawan3_252288924@163.com', 12, NULL),
(100, 82, 'daw4an_252288924@163.com', 12, NULL),
(101, 83, 'daewan2_252288924@163.com', 12, NULL),
(102, 84, 'dawan_2532288924@163.com', 12, NULL),
(103, 85, '376654749@qq.com', 12, NULL),
(104, 86, 'dawan22_2522ee889224@163.com', 12, NULL),
(105, 87, 'burley.wang@139.com', 12, NULL),
(106, 88, 'kk@kk.com', 12, NULL);

-- --------------------------------------------------------

--
-- 表的结构 `useractivity`
--

DROP TABLE IF EXISTS `useractivity`;
CREATE TABLE IF NOT EXISTS `useractivity` (
`uatId` int(11) NOT NULL,
  `ntId` int(11) DEFAULT NULL,
  `num` int(11) DEFAULT NULL,
  `uId` int(11) DEFAULT NULL
) ENGINE=MyISAM  DEFAULT CHARSET=utf8 AUTO_INCREMENT=133 ;

--
-- 转存表中的数据 `useractivity`
--

INSERT INTO `useractivity` (`uatId`, `ntId`, `num`, `uId`) VALUES
(131, 1, 1, 1),
(132, 111, 2, 1);

-- --------------------------------------------------------

--
-- 表的结构 `user_friends`
--

DROP TABLE IF EXISTS `user_friends`;
CREATE TABLE IF NOT EXISTS `user_friends` (
`ufId` int(11) NOT NULL,
  `uId` int(11) DEFAULT NULL,
  `friend_uId` int(11) DEFAULT NULL
) ENGINE=MyISAM  DEFAULT CHARSET=utf8 AUTO_INCREMENT=171 ;

--
-- 转存表中的数据 `user_friends`
--

INSERT INTO `user_friends` (`ufId`, `uId`, `friend_uId`) VALUES
(145, 76, 0),
(146, 0, 76),
(147, 77, 0),
(148, 0, 77),
(149, 78, 0),
(150, 0, 78),
(151, 79, 0),
(152, 0, 79),
(153, 80, 0),
(154, 0, 80),
(155, 81, 0),
(156, 0, 81),
(157, 82, 0),
(158, 0, 82),
(159, 83, 0),
(160, 0, 83),
(161, 84, 0),
(162, 0, 84),
(163, 85, 0),
(164, 0, 85),
(165, 86, 0),
(166, 0, 86),
(167, 87, 0),
(168, 0, 87),
(169, 88, 0),
(170, 0, 88);

-- --------------------------------------------------------

--
-- 表的结构 `user_location`
--

DROP TABLE IF EXISTS `user_location`;
CREATE TABLE IF NOT EXISTS `user_location` (
`uId` int(11) NOT NULL,
  `country_code` varchar(50) NOT NULL,
  `province_code` varchar(20) NOT NULL,
  `city_code` varchar(20) NOT NULL,
  `town_code` varchar(20) NOT NULL
) ENGINE=MyISAM  DEFAULT CHARSET=utf8 AUTO_INCREMENT=78 ;

--
-- 转存表中的数据 `user_location`
--

INSERT INTO `user_location` (`uId`, `country_code`, `province_code`, `city_code`, `town_code`) VALUES
(1, 'zh', '350000', '350500', '350503'),
(77, 'zh', '510000', '511600', '511622'),
(76, '', '', '', '');

-- --------------------------------------------------------

--
-- 表的结构 `user_photo`
--

DROP TABLE IF EXISTS `user_photo`;
CREATE TABLE IF NOT EXISTS `user_photo` (
  `uId` int(11) NOT NULL DEFAULT '0',
  `photo_name` varchar(100) NOT NULL DEFAULT '',
  `photo_type` int(11) NOT NULL
) ENGINE=MyISAM DEFAULT CHARSET=utf8;

--
-- 转存表中的数据 `user_photo`
--

INSERT INTO `user_photo` (`uId`, `photo_name`, `photo_type`) VALUES
(76, '20128151439441782.png', 1),
(77, 'grkj_p_tx.png', 1);

-- --------------------------------------------------------

--
-- 表的结构 `user_privacy`
--

DROP TABLE IF EXISTS `user_privacy`;
CREATE TABLE IF NOT EXISTS `user_privacy` (
`upId` int(11) NOT NULL,
  `uId` int(11) NOT NULL,
  `ptId` int(11) NOT NULL,
  `visible` tinyint(1) NOT NULL
) ENGINE=MyISAM  DEFAULT CHARSET=utf8 AUTO_INCREMENT=409 ;

--
-- 转存表中的数据 `user_privacy`
--

INSERT INTO `user_privacy` (`upId`, `uId`, `ptId`, `visible`) VALUES
(1, 1, 1, 0),
(2, 1, 2, 1),
(3, 1, 3, 1),
(4, 1, 12, 1),
(5, 1, 13, 1),
(6, 1, 14, 0),
(7, 1, 15, 1),
(8, 1, 16, 0),
(305, 76, 1, 1),
(306, 76, 2, 1),
(307, 76, 3, 1),
(308, 76, 12, 1),
(309, 76, 13, 1),
(310, 76, 14, 1),
(311, 76, 15, 1),
(312, 76, 16, 1),
(313, 77, 1, 1),
(314, 77, 2, 1),
(315, 77, 3, 1),
(316, 77, 12, 1),
(317, 77, 13, 1),
(318, 77, 14, 1),
(319, 77, 15, 1),
(320, 77, 16, 1),
(321, 78, 1, 1),
(322, 78, 2, 1),
(323, 78, 3, 1),
(324, 78, 12, 1),
(325, 78, 13, 1),
(326, 78, 14, 1),
(327, 78, 15, 1),
(328, 78, 16, 1),
(329, 79, 1, 1),
(330, 79, 2, 1),
(331, 79, 3, 1),
(332, 79, 12, 1),
(333, 79, 13, 1),
(334, 79, 14, 1),
(335, 79, 15, 1),
(336, 79, 16, 1),
(337, 80, 1, 1),
(338, 80, 2, 1),
(339, 80, 3, 1),
(340, 80, 12, 1),
(341, 80, 13, 1),
(342, 80, 14, 1),
(343, 80, 15, 1),
(344, 80, 16, 1),
(345, 81, 1, 1),
(346, 81, 2, 1),
(347, 81, 3, 1),
(348, 81, 12, 1),
(349, 81, 13, 1),
(350, 81, 14, 1),
(351, 81, 15, 1),
(352, 81, 16, 1),
(353, 82, 1, 1),
(354, 82, 2, 1),
(355, 82, 3, 1),
(356, 82, 12, 1),
(357, 82, 13, 1),
(358, 82, 14, 1),
(359, 82, 15, 1),
(360, 82, 16, 1),
(361, 83, 1, 1),
(362, 83, 2, 1),
(363, 83, 3, 1),
(364, 83, 12, 1),
(365, 83, 13, 1),
(366, 83, 14, 1),
(367, 83, 15, 1),
(368, 83, 16, 1),
(369, 84, 1, 1),
(370, 84, 2, 1),
(371, 84, 3, 1),
(372, 84, 12, 1),
(373, 84, 13, 1),
(374, 84, 14, 1),
(375, 84, 15, 1),
(376, 84, 16, 1),
(377, 85, 1, 1),
(378, 85, 2, 1),
(379, 85, 3, 1),
(380, 85, 12, 1),
(381, 85, 13, 1),
(382, 85, 14, 1),
(383, 85, 15, 1),
(384, 85, 16, 1),
(385, 86, 1, 1),
(386, 86, 2, 1),
(387, 86, 3, 1),
(388, 86, 12, 1),
(389, 86, 13, 1),
(390, 86, 14, 1),
(391, 86, 15, 1),
(392, 86, 16, 1),
(393, 87, 1, 1),
(394, 87, 2, 1),
(395, 87, 3, 1),
(396, 87, 12, 1),
(397, 87, 13, 1),
(398, 87, 14, 1),
(399, 87, 15, 1),
(400, 87, 16, 1),
(401, 88, 1, 1),
(402, 88, 2, 1),
(403, 88, 3, 1),
(404, 88, 12, 1),
(405, 88, 13, 1),
(406, 88, 14, 1),
(407, 88, 15, 1),
(408, 88, 16, 1);

-- --------------------------------------------------------

--
-- 表的结构 `user_rss_message`
--

DROP TABLE IF EXISTS `user_rss_message`;
CREATE TABLE IF NOT EXISTS `user_rss_message` (
  `uId` int(11) NOT NULL,
  `rcv_rss` tinyint(1) NOT NULL
) ENGINE=MyISAM DEFAULT CHARSET=utf8;

--
-- 转存表中的数据 `user_rss_message`
--

INSERT INTO `user_rss_message` (`uId`, `rcv_rss`) VALUES
(76, 1),
(77, 1),
(78, 1),
(79, 1),
(80, 1),
(81, 1),
(82, 1),
(83, 1),
(84, 1),
(85, 1),
(86, 1),
(87, 1),
(88, 1);

-- --------------------------------------------------------

--
-- 表的结构 `user_rss_message_copy`
--

DROP TABLE IF EXISTS `user_rss_message_copy`;
CREATE TABLE IF NOT EXISTS `user_rss_message_copy` (
  `uId` int(11) NOT NULL,
  `rcv_rss` tinyint(1) NOT NULL
) ENGINE=MyISAM DEFAULT CHARSET=utf8;

--
-- 转存表中的数据 `user_rss_message_copy`
--

INSERT INTO `user_rss_message_copy` (`uId`, `rcv_rss`) VALUES
(70, 1);

-- --------------------------------------------------------

--
-- 表的结构 `user_score`
--

DROP TABLE IF EXISTS `user_score`;
CREATE TABLE IF NOT EXISTS `user_score` (
`usId` int(11) NOT NULL,
  `uId` int(11) DEFAULT NULL,
  `score` int(11) DEFAULT NULL
) ENGINE=MyISAM  DEFAULT CHARSET=utf8 AUTO_INCREMENT=67 ;

--
-- 转存表中的数据 `user_score`
--

INSERT INTO `user_score` (`usId`, `uId`, `score`) VALUES
(54, 76, 15),
(55, 77, 15),
(56, 78, 5),
(57, 79, 5),
(58, 80, 5),
(59, 81, 5),
(60, 82, 5),
(61, 83, 5),
(62, 84, 5),
(63, 85, 5),
(64, 86, 5),
(65, 87, 5),
(66, 88, 5);

-- --------------------------------------------------------

--
-- 表的结构 `user_score_log`
--

DROP TABLE IF EXISTS `user_score_log`;
CREATE TABLE IF NOT EXISTS `user_score_log` (
`uslId` int(11) NOT NULL,
  `uId` int(11) DEFAULT NULL,
  `event` int(11) DEFAULT NULL,
  `score_changed` int(11) DEFAULT NULL,
  `score_left` int(11) DEFAULT NULL,
  `time` datetime DEFAULT NULL
) ENGINE=MyISAM  DEFAULT CHARSET=utf8 AUTO_INCREMENT=2486 ;

--
-- 转存表中的数据 `user_score_log`
--

INSERT INTO `user_score_log` (`uslId`, `uId`, `event`, `score_changed`, `score_left`, `time`) VALUES
(2455, 1, 5, 2, 0, '2013-08-30 11:40:33'),
(2456, 75, 1, 5, 5, '2014-04-11 02:33:21'),
(2457, 0, 4, 20, 0, '2014-04-11 02:33:21'),
(2458, 76, 1, 5, 5, '2014-04-11 02:34:59'),
(2459, 0, 4, 20, 0, '2014-04-11 02:34:59'),
(2460, 77, 1, 5, 5, '2014-10-16 14:27:14'),
(2461, 0, 4, 20, 0, '2014-10-16 14:27:14'),
(2462, 78, 1, 5, 5, '2014-11-07 14:36:36'),
(2463, 0, 4, 20, 0, '2014-11-07 14:36:36'),
(2464, 79, 1, 5, 5, '2014-11-07 14:38:09'),
(2465, 0, 4, 20, 0, '2014-11-07 14:38:09'),
(2466, 80, 1, 5, 5, '2014-11-07 14:45:06'),
(2467, 0, 4, 20, 0, '2014-11-07 14:45:06'),
(2468, 81, 1, 5, 5, '2014-11-07 14:49:24'),
(2469, 0, 4, 20, 0, '2014-11-07 14:49:24'),
(2470, 82, 1, 5, 5, '2014-11-07 14:53:28'),
(2471, 0, 4, 20, 0, '2014-11-07 14:53:28'),
(2472, 83, 1, 5, 5, '2014-11-07 14:54:58'),
(2473, 0, 4, 20, 0, '2014-11-07 14:54:58'),
(2474, 84, 1, 5, 5, '2014-11-07 14:56:21'),
(2475, 0, 4, 20, 0, '2014-11-07 14:56:21'),
(2476, 77, 2, 10, 15, '2014-11-08 14:19:55'),
(2477, 76, 2, 10, 15, '2014-12-09 02:43:59'),
(2478, 85, 1, 5, 5, '2014-12-11 07:52:10'),
(2479, 0, 4, 20, 0, '2014-12-11 07:52:10'),
(2480, 86, 1, 5, 5, '2014-12-14 09:11:36'),
(2481, 0, 4, 20, 0, '2014-12-14 09:11:36'),
(2482, 87, 1, 5, 5, '2014-12-15 08:20:13'),
(2483, 0, 4, 20, 0, '2014-12-15 08:20:13'),
(2484, 88, 1, 5, 5, '2014-12-16 05:00:14'),
(2485, 0, 4, 20, 0, '2014-12-16 05:00:14');

-- --------------------------------------------------------

--
-- 表的结构 `vendor`
--

DROP TABLE IF EXISTS `vendor`;
CREATE TABLE IF NOT EXISTS `vendor` (
  `vendorId` int(11) NOT NULL COMMENT '厂家id',
  `vendorName` varchar(100) DEFAULT NULL COMMENT '厂家名',
  `vendorAddress` varchar(100) DEFAULT NULL COMMENT '厂家地址',
  `vendorContactPerson` varchar(100) DEFAULT NULL COMMENT '厂家联系人',
  `vendorContactEmail` varchar(100) DEFAULT NULL COMMENT '厂家邮件',
  `vendorWebsite` varchar(100) DEFAULT NULL COMMENT '厂家网址',
  `vendorContactPhoneNo` varchar(100) DEFAULT NULL COMMENT '厂家联系电话',
  `productType` enum('纤维','面料','成衣') DEFAULT NULL COMMENT '产品类型'
) ENGINE=InnoDB DEFAULT CHARSET=gb2312;

--
-- 转存表中的数据 `vendor`
--

INSERT INTO `vendor` (`vendorId`, `vendorName`, `vendorAddress`, `vendorContactPerson`, `vendorContactEmail`, `vendorWebsite`, `vendorContactPhoneNo`, `productType`) VALUES
(1, '中山仿织厂', '中山路32号', '周先生', 'abcefg@qq.com', 'www.sina.com', '13642313543', NULL),
(2, '广州纺织厂', '大学城32号', '小明', 'abcefg@qq.com', 'www.aa.com', '88888888', NULL),
(3, '广东省汕头市纺织公司', '广东省汕头市纺织路32号', '周先生', 'shantou@qq.com', 'www.guojaishu.com', '020-88888888', NULL),
(4, '广东纺织有限公司', '广东省广州市天河区天河工业区景阳街32号7楼', '黄小明', 'guangdongfangzhi@sina.com', 'www.guangdongfangzhi.com', '020-88888888', NULL),
(5, '广东省深圳市纺织厂', '广东省深圳市有德路12号', '小李', 'aa@sina.com', 'www.daf.com', '0755-88888888', NULL),
(6, '天河制衣厂', '广东省广州市天河区天河工业区32号6楼', '周先生', '710859248@qq.com', 'www.guojaishu.com', '0755-75849520', NULL),
(7, '广东省揭阳市纺织公司', '广东省揭阳市惠来县景阳工业区32号', '王先生', 'shantou@qq.com', 'www.shantou.com', '0663-88888888', NULL),
(8, '广东省揭阳市纺织公司', '广东省广州市天河区天河工业区32号6楼', '周先生', 'shantou@qq.com', 'www.guojaishu.com', '0663-88888888', '面料'),
(9, '广东省汕头市纺织公司', '广东省广州市天河区天河工业区32号6楼', '王先生', 'shantou@qq.com', 'www.shantou.com', '0754-88888888', NULL),
(10, '广东省汕头市纺织公司', '广东省广州市天河区天河工业区32号6楼', '周先生', 'shantou@qq.com', 'www.shantou.com', '0754-88888888', '成衣'),
(13, '英雄联盟', NULL, NULL, NULL, NULL, '34535335', '成衣'),
(24, NULL, NULL, NULL, NULL, NULL, NULL, '纤维');

--
-- Indexes for dumped tables
--

--
-- Indexes for table `account`
--
ALTER TABLE `account`
 ADD PRIMARY KEY (`id`);

--
-- Indexes for table `answer_score`
--
ALTER TABLE `answer_score`
 ADD PRIMARY KEY (`nId`);

--
-- Indexes for table `caseresult`
--
ALTER TABLE `caseresult`
 ADD PRIMARY KEY (`resultId`);

--
-- Indexes for table `city_table`
--
ALTER TABLE `city_table`
 ADD PRIMARY KEY (`ctId`);

--
-- Indexes for table `ci_sessions`
--
ALTER TABLE `ci_sessions`
 ADD PRIMARY KEY (`session_id`);

--
-- Indexes for table `consult`
--
ALTER TABLE `consult`
 ADD PRIMARY KEY (`id`);

--
-- Indexes for table `demand`
--
ALTER TABLE `demand`
 ADD PRIMARY KEY (`id`);

--
-- Indexes for table `design`
--
ALTER TABLE `design`
 ADD PRIMARY KEY (`id`);

--
-- Indexes for table `design_pic`
--
ALTER TABLE `design_pic`
 ADD PRIMARY KEY (`id`);

--
-- Indexes for table `fabric`
--
ALTER TABLE `fabric`
 ADD PRIMARY KEY (`fabricId`), ADD UNIQUE KEY `fabricId` (`fabricId`), ADD KEY `vendorId` (`vendorId`), ADD KEY `film` (`film`);

--
-- Indexes for table `fabrics`
--
ALTER TABLE `fabrics`
 ADD PRIMARY KEY (`id`);

--
-- Indexes for table `fabric_madeof_fiber`
--
ALTER TABLE `fabric_madeof_fiber`
 ADD PRIMARY KEY (`fabricId`,`fiberId`), ADD KEY `fiberId` (`fiberId`);

--
-- Indexes for table `factory`
--
ALTER TABLE `factory`
 ADD PRIMARY KEY (`id`);

--
-- Indexes for table `fiber`
--
ALTER TABLE `fiber`
 ADD PRIMARY KEY (`fiberId`);

--
-- Indexes for table `film`
--
ALTER TABLE `film`
 ADD PRIMARY KEY (`filmId`);

--
-- Indexes for table `friends_invite`
--
ALTER TABLE `friends_invite`
 ADD PRIMARY KEY (`fiId`);

--
-- Indexes for table `humanbody`
--
ALTER TABLE `humanbody`
 ADD PRIMARY KEY (`bodyId`);

--
-- Indexes for table `information`
--
ALTER TABLE `information`
 ADD PRIMARY KEY (`id`);

--
-- Indexes for table `invite_code_data`
--
ALTER TABLE `invite_code_data`
 ADD PRIMARY KEY (`invite_id`);

--
-- Indexes for table `ip_address_range`
--
ALTER TABLE `ip_address_range`
 ADD PRIMARY KEY (`ipr_id`), ADD KEY `ip_start` (`ip_start`);

--
-- Indexes for table `material`
--
ALTER TABLE `material`
 ADD PRIMARY KEY (`id`);

--
-- Indexes for table `message_data`
--
ALTER TABLE `message_data`
 ADD PRIMARY KEY (`md_Id`);

--
-- Indexes for table `message_inbox`
--
ALTER TABLE `message_inbox`
 ADD PRIMARY KEY (`message_id`);

--
-- Indexes for table `message_manage`
--
ALTER TABLE `message_manage`
 ADD PRIMARY KEY (`mm_Id`);

--
-- Indexes for table `news`
--
ALTER TABLE `news`
 ADD PRIMARY KEY (`ID`);

--
-- Indexes for table `node`
--
ALTER TABLE `node`
 ADD PRIMARY KEY (`nId`), ADD KEY `uId` (`uId`), ADD FULLTEXT KEY `text` (`text`), ADD FULLTEXT KEY `text_2` (`text`);

--
-- Indexes for table `node_relation`
--
ALTER TABLE `node_relation`
 ADD PRIMARY KEY (`nrId`);

--
-- Indexes for table `orders`
--
ALTER TABLE `orders`
 ADD PRIMARY KEY (`id`);

--
-- Indexes for table `order_status`
--
ALTER TABLE `order_status`
 ADD PRIMARY KEY (`id`);

--
-- Indexes for table `province_table`
--
ALTER TABLE `province_table`
 ADD PRIMARY KEY (`ptId`);

--
-- Indexes for table `question`
--
ALTER TABLE `question`
 ADD PRIMARY KEY (`qId`);

--
-- Indexes for table `questiontags`
--
ALTER TABLE `questiontags`
 ADD PRIMARY KEY (`qtId`);

--
-- Indexes for table `question_collect`
--
ALTER TABLE `question_collect`
 ADD PRIMARY KEY (`qcId`);

--
-- Indexes for table `question_quick_answer`
--
ALTER TABLE `question_quick_answer`
 ADD PRIMARY KEY (`qaId`);

--
-- Indexes for table `question_summary`
--
ALTER TABLE `question_summary`
 ADD PRIMARY KEY (`sId`);

--
-- Indexes for table `sendtype`
--
ALTER TABLE `sendtype`
 ADD PRIMARY KEY (`stId`);

--
-- Indexes for table `sendtype4user`
--
ALTER TABLE `sendtype4user`
 ADD PRIMARY KEY (`suId`);

--
-- Indexes for table `simcase`
--
ALTER TABLE `simcase`
 ADD PRIMARY KEY (`caseId`);

--
-- Indexes for table `tag`
--
ALTER TABLE `tag`
 ADD PRIMARY KEY (`tag_id`), ADD KEY `tag_name` (`tag_name`);

--
-- Indexes for table `town_table`
--
ALTER TABLE `town_table`
 ADD PRIMARY KEY (`ttId`);

--
-- Indexes for table `user`
--
ALTER TABLE `user`
 ADD PRIMARY KEY (`uId`);

--
-- Indexes for table `useraccount`
--
ALTER TABLE `useraccount`
 ADD PRIMARY KEY (`uaId`);

--
-- Indexes for table `useractivity`
--
ALTER TABLE `useractivity`
 ADD PRIMARY KEY (`uatId`);

--
-- Indexes for table `user_friends`
--
ALTER TABLE `user_friends`
 ADD PRIMARY KEY (`ufId`);

--
-- Indexes for table `user_location`
--
ALTER TABLE `user_location`
 ADD PRIMARY KEY (`uId`);

--
-- Indexes for table `user_photo`
--
ALTER TABLE `user_photo`
 ADD PRIMARY KEY (`uId`,`photo_name`,`photo_type`);

--
-- Indexes for table `user_privacy`
--
ALTER TABLE `user_privacy`
 ADD PRIMARY KEY (`upId`);

--
-- Indexes for table `user_rss_message`
--
ALTER TABLE `user_rss_message`
 ADD PRIMARY KEY (`uId`);

--
-- Indexes for table `user_rss_message_copy`
--
ALTER TABLE `user_rss_message_copy`
 ADD PRIMARY KEY (`uId`);

--
-- Indexes for table `user_score`
--
ALTER TABLE `user_score`
 ADD PRIMARY KEY (`usId`);

--
-- Indexes for table `user_score_log`
--
ALTER TABLE `user_score_log`
 ADD PRIMARY KEY (`uslId`);

--
-- Indexes for table `vendor`
--
ALTER TABLE `vendor`
 ADD PRIMARY KEY (`vendorId`);

--
-- AUTO_INCREMENT for dumped tables
--

--
-- AUTO_INCREMENT for table `account`
--
ALTER TABLE `account`
MODIFY `id` int(11) NOT NULL AUTO_INCREMENT,AUTO_INCREMENT=3;
--
-- AUTO_INCREMENT for table `city_table`
--
ALTER TABLE `city_table`
MODIFY `ctId` int(11) NOT NULL AUTO_INCREMENT,AUTO_INCREMENT=1284;
--
-- AUTO_INCREMENT for table `consult`
--
ALTER TABLE `consult`
MODIFY `id` int(11) NOT NULL AUTO_INCREMENT,AUTO_INCREMENT=8;
--
-- AUTO_INCREMENT for table `demand`
--
ALTER TABLE `demand`
MODIFY `id` int(11) NOT NULL AUTO_INCREMENT,AUTO_INCREMENT=56;
--
-- AUTO_INCREMENT for table `design`
--
ALTER TABLE `design`
MODIFY `id` int(11) NOT NULL AUTO_INCREMENT,AUTO_INCREMENT=47;
--
-- AUTO_INCREMENT for table `design_pic`
--
ALTER TABLE `design_pic`
MODIFY `id` int(11) NOT NULL AUTO_INCREMENT,AUTO_INCREMENT=19;
--
-- AUTO_INCREMENT for table `fabrics`
--
ALTER TABLE `fabrics`
MODIFY `id` int(11) NOT NULL AUTO_INCREMENT,AUTO_INCREMENT=9;
--
-- AUTO_INCREMENT for table `factory`
--
ALTER TABLE `factory`
MODIFY `id` int(11) NOT NULL AUTO_INCREMENT,AUTO_INCREMENT=5;
--
-- AUTO_INCREMENT for table `friends_invite`
--
ALTER TABLE `friends_invite`
MODIFY `fiId` int(11) NOT NULL AUTO_INCREMENT,AUTO_INCREMENT=44;
--
-- AUTO_INCREMENT for table `information`
--
ALTER TABLE `information`
MODIFY `id` int(11) NOT NULL AUTO_INCREMENT,AUTO_INCREMENT=41;
--
-- AUTO_INCREMENT for table `invite_code_data`
--
ALTER TABLE `invite_code_data`
MODIFY `invite_id` int(11) NOT NULL AUTO_INCREMENT,AUTO_INCREMENT=49;
--
-- AUTO_INCREMENT for table `ip_address_range`
--
ALTER TABLE `ip_address_range`
MODIFY `ipr_id` int(11) NOT NULL AUTO_INCREMENT;
--
-- AUTO_INCREMENT for table `material`
--
ALTER TABLE `material`
MODIFY `id` int(11) NOT NULL AUTO_INCREMENT,AUTO_INCREMENT=34;
--
-- AUTO_INCREMENT for table `message_data`
--
ALTER TABLE `message_data`
MODIFY `md_Id` int(11) NOT NULL AUTO_INCREMENT,AUTO_INCREMENT=69;
--
-- AUTO_INCREMENT for table `message_inbox`
--
ALTER TABLE `message_inbox`
MODIFY `message_id` int(11) NOT NULL AUTO_INCREMENT,AUTO_INCREMENT=423;
--
-- AUTO_INCREMENT for table `message_manage`
--
ALTER TABLE `message_manage`
MODIFY `mm_Id` int(11) NOT NULL AUTO_INCREMENT,AUTO_INCREMENT=69;
--
-- AUTO_INCREMENT for table `news`
--
ALTER TABLE `news`
MODIFY `ID` int(11) NOT NULL AUTO_INCREMENT,AUTO_INCREMENT=24;
--
-- AUTO_INCREMENT for table `node`
--
ALTER TABLE `node`
MODIFY `nId` int(11) NOT NULL AUTO_INCREMENT,AUTO_INCREMENT=2861;
--
-- AUTO_INCREMENT for table `node_relation`
--
ALTER TABLE `node_relation`
MODIFY `nrId` int(11) NOT NULL AUTO_INCREMENT,AUTO_INCREMENT=1189;
--
-- AUTO_INCREMENT for table `orders`
--
ALTER TABLE `orders`
MODIFY `id` int(11) NOT NULL AUTO_INCREMENT,AUTO_INCREMENT=9;
--
-- AUTO_INCREMENT for table `province_table`
--
ALTER TABLE `province_table`
MODIFY `ptId` int(11) NOT NULL AUTO_INCREMENT,AUTO_INCREMENT=75;
--
-- AUTO_INCREMENT for table `question`
--
ALTER TABLE `question`
MODIFY `qId` int(11) NOT NULL AUTO_INCREMENT,AUTO_INCREMENT=1397;
--
-- AUTO_INCREMENT for table `questiontags`
--
ALTER TABLE `questiontags`
MODIFY `qtId` int(11) NOT NULL AUTO_INCREMENT,AUTO_INCREMENT=1395;
--
-- AUTO_INCREMENT for table `question_collect`
--
ALTER TABLE `question_collect`
MODIFY `qcId` int(11) NOT NULL AUTO_INCREMENT,AUTO_INCREMENT=284;
--
-- AUTO_INCREMENT for table `question_quick_answer`
--
ALTER TABLE `question_quick_answer`
MODIFY `qaId` int(11) NOT NULL AUTO_INCREMENT,AUTO_INCREMENT=76;
--
-- AUTO_INCREMENT for table `question_summary`
--
ALTER TABLE `question_summary`
MODIFY `sId` int(11) NOT NULL AUTO_INCREMENT,AUTO_INCREMENT=19;
--
-- AUTO_INCREMENT for table `sendtype`
--
ALTER TABLE `sendtype`
MODIFY `stId` int(11) NOT NULL AUTO_INCREMENT,AUTO_INCREMENT=17;
--
-- AUTO_INCREMENT for table `sendtype4user`
--
ALTER TABLE `sendtype4user`
MODIFY `suId` int(11) NOT NULL AUTO_INCREMENT,AUTO_INCREMENT=108;
--
-- AUTO_INCREMENT for table `tag`
--
ALTER TABLE `tag`
MODIFY `tag_id` int(11) NOT NULL AUTO_INCREMENT,AUTO_INCREMENT=340213;
--
-- AUTO_INCREMENT for table `town_table`
--
ALTER TABLE `town_table`
MODIFY `ttId` int(11) NOT NULL AUTO_INCREMENT,AUTO_INCREMENT=2868;
--
-- AUTO_INCREMENT for table `user`
--
ALTER TABLE `user`
MODIFY `uId` int(11) NOT NULL AUTO_INCREMENT,AUTO_INCREMENT=89;
--
-- AUTO_INCREMENT for table `useraccount`
--
ALTER TABLE `useraccount`
MODIFY `uaId` int(11) NOT NULL AUTO_INCREMENT,AUTO_INCREMENT=107;
--
-- AUTO_INCREMENT for table `useractivity`
--
ALTER TABLE `useractivity`
MODIFY `uatId` int(11) NOT NULL AUTO_INCREMENT,AUTO_INCREMENT=133;
--
-- AUTO_INCREMENT for table `user_friends`
--
ALTER TABLE `user_friends`
MODIFY `ufId` int(11) NOT NULL AUTO_INCREMENT,AUTO_INCREMENT=171;
--
-- AUTO_INCREMENT for table `user_location`
--
ALTER TABLE `user_location`
MODIFY `uId` int(11) NOT NULL AUTO_INCREMENT,AUTO_INCREMENT=78;
--
-- AUTO_INCREMENT for table `user_privacy`
--
ALTER TABLE `user_privacy`
MODIFY `upId` int(11) NOT NULL AUTO_INCREMENT,AUTO_INCREMENT=409;
--
-- AUTO_INCREMENT for table `user_score`
--
ALTER TABLE `user_score`
MODIFY `usId` int(11) NOT NULL AUTO_INCREMENT,AUTO_INCREMENT=67;
--
-- AUTO_INCREMENT for table `user_score_log`
--
ALTER TABLE `user_score_log`
MODIFY `uslId` int(11) NOT NULL AUTO_INCREMENT,AUTO_INCREMENT=2486;
--
-- 限制导出的表
--

--
-- 限制表 `fabric`
--
ALTER TABLE `fabric`
ADD CONSTRAINT `fabric_ibfk_1` FOREIGN KEY (`vendorId`) REFERENCES `vendor` (`vendorId`) ON DELETE CASCADE ON UPDATE CASCADE;

--
-- 限制表 `fabric_madeof_fiber`
--
ALTER TABLE `fabric_madeof_fiber`
ADD CONSTRAINT `fabric_madeof_fiber_ibfk_1` FOREIGN KEY (`fiberId`) REFERENCES `fiber` (`fiberId`) ON DELETE CASCADE ON UPDATE CASCADE,
ADD CONSTRAINT `fabric_madeof_fiber_ibfk_2` FOREIGN KEY (`fabricId`) REFERENCES `fabric` (`fabricId`) ON DELETE CASCADE ON UPDATE CASCADE;

/*!40101 SET CHARACTER_SET_CLIENT=@OLD_CHARACTER_SET_CLIENT */;
/*!40101 SET CHARACTER_SET_RESULTS=@OLD_CHARACTER_SET_RESULTS */;
/*!40101 SET COLLATION_CONNECTION=@OLD_COLLATION_CONNECTION */;
